Student_ID,Marital status,Application mode,Application order,Course,Daytime/evening attendance,Previous qualification,Nacionality,Mother's qualification,Father's qualification,Mother's occupation,Father's occupation,Displaced,Educational special needs,Debtor,Tuition fees up to date,Gender,Scholarship holder,Age at enrollment,International,Curricular units 1st sem (credited),Curricular units 1st sem (enrolled),Curricular units 1st sem (evaluations),Curricular units 1st sem (approved),Curricular units 1st sem (grade),Curricular units 1st sem (without evaluations),Curricular units 2nd sem (credited),Curricular units 2nd sem (enrolled),Curricular units 2nd sem (evaluations),Curricular units 2nd sem (approved),Curricular units 2nd sem (grade),Curricular units 2nd sem (without evaluations),Unemployment rate,Inflation rate,GDP,Target,total_approved_units,approval_rate_1st_sem,approval_rate_2nd_sem,grade_improvement,is_dropout
STD_0572,1,1,1,9,1,1,1,23,27,10,10,1,0,0,1,1,0,22,0,0,5,9,0,0.0,0,0,5,5,1,12.0,0,7.6,2.6,0.32,Dropout,1,0.0,0.2,12.0,1
STD_0156,1,1,1,16,1,1,1,23,27,7,7,0,0,0,1,0,0,19,0,0,6,8,6,12.0,0,0,6,10,4,11.5,0,7.6,2.6,0.32,Dropout,10,1.0,0.6666666666666666,-0.5,1
STD_0913,2,12,1,17,0,1,1,22,27,10,10,0,0,0,0,0,0,38,0,0,5,6,5,10.6,0,0,5,9,2,11.0,0,12.7,3.7,-1.7,Dropout,7,1.0,0.4,0.40000000000000036,1
STD_1973,1,8,2,14,1,1,1,13,14,6,5,0,0,0,1,0,1,19,0,0,6,7,5,11.2,0,0,6,10,5,13.125,0,10.8,1.4,1.74,Dropout,10,0.8333333333333334,0.8333333333333334,1.9250000000000007,1
STD_2952,1,1,3,6,1,1,1,1,1,5,9,1,0,0,1,0,0,18,0,0,6,7,6,14.666666666666666,0,0,6,12,6,13.833333333333334,0,8.9,1.4,3.51,Graduate,12,1.0,1.0,-0.8333333333333321,0
STD_1534,1,4,1,7,1,4,1,4,3,3,8,0,0,1,1,1,0,30,0,0,5,6,4,14.5,0,0,5,10,3,16.2,0,13.9,-0.3,0.79,Enrolled,7,0.8,0.6,1.6999999999999993,0
STD_4151,1,1,1,15,1,1,1,19,18,1,7,1,0,0,1,0,0,18,0,0,6,6,6,15.166666666666666,0,0,6,7,6,14.857142857142858,0,7.6,2.6,0.32,Graduate,12,1.0,1.0,-0.3095238095238084,0
STD_3209,1,1,1,10,1,1,1,1,28,5,7,0,1,1,0,1,0,19,0,0,6,6,4,11.5,0,0,6,6,5,11.0,0,8.9,1.4,3.51,Dropout,9,0.6666666666666666,0.8333333333333334,-0.5,1
STD_0359,1,12,1,4,1,1,1,22,27,4,9,0,0,1,1,0,1,30,0,0,6,6,0,0.0,0,0,6,6,0,0.0,0,11.1,0.6,2.02,Enrolled,0,0.0,0.0,0.0,0
STD_1988,2,12,1,17,0,1,1,22,27,10,11,0,0,0,1,0,0,34,0,0,5,5,0,0.0,0,0,5,5,0,0.0,0,9.4,-0.8,-3.12,Enrolled,0,0.0,0.0,0.0,0
STD_2711,1,8,1,11,1,1,1,23,27,10,7,1,0,0,1,0,0,22,0,0,6,7,5,14.0,0,0,6,6,6,15.666666666666666,0,11.1,0.6,2.02,Graduate,11,0.8333333333333334,1.0,1.666666666666666,0
STD_1759,1,1,4,14,1,1,1,4,14,3,6,1,0,0,1,0,0,19,0,0,6,7,6,14.428571428571429,0,0,6,8,6,15.0,2,16.2,0.3,-0.92,Graduate,12,1.0,1.0,0.5714285714285712,0
STD_1280,1,8,1,10,1,1,1,13,27,10,10,1,0,0,1,0,1,20,0,0,6,7,6,11.714285714285714,0,0,6,8,6,12.625,0,13.9,-0.3,0.79,Graduate,12,1.0,1.0,0.9107142857142865,0
STD_1069,1,14,1,12,1,1,1,1,14,10,9,1,0,0,1,0,0,20,0,0,7,8,7,13.1,0,0,8,8,8,14.8125,0,13.9,-0.3,0.79,Graduate,15,1.0,1.0,1.7125000000000004,0
STD_1825,1,1,1,10,1,1,1,3,3,4,4,0,0,0,1,0,0,20,0,0,6,6,6,14.5,0,0,6,6,6,12.666666666666666,0,12.4,0.5,1.79,Graduate,12,1.0,1.0,-1.833333333333334,0
STD_4211,1,1,1,11,1,1,1,13,1,4,8,0,0,0,1,0,1,22,0,0,6,9,6,12.833333333333334,0,0,6,6,4,13.25,0,16.2,0.3,-0.92,Graduate,10,1.0,0.6666666666666666,0.4166666666666661,0
STD_4154,1,1,1,2,1,1,1,13,4,10,3,1,0,1,1,0,0,19,0,0,0,0,0,0.0,0,0,0,0,0,0.0,0,12.7,3.7,-1.7,Enrolled,0,0.0,0.0,0.0,0
STD_3178,1,1,1,14,1,1,1,23,28,10,10,1,0,0,1,1,1,18,0,0,6,6,6,13.0,0,0,6,6,6,13.0,0,13.9,-0.3,0.79,Dropout,12,1.0,1.0,0.0,1
STD_2950,1,12,1,6,1,1,1,3,3,5,3,1,0,0,1,0,0,27,0,0,6,13,3,10.5,0,0,6,19,1,12.0,0,12.4,0.5,1.79,Dropout,4,0.5,0.16666666666666666,1.5,1
STD_1044,1,1,6,12,1,1,1,23,28,10,10,1,0,0,1,0,1,18,0,0,7,11,6,11.994444444444444,0,0,8,11,7,12.43142857142857,0,15.5,2.8,-4.06,Graduate,13,0.8571428571428571,0.875,0.43698412698412703,0
STD_1707,1,1,5,2,1,1,1,1,1,5,5,0,0,0,1,1,0,18,0,0,0,0,0,0.0,0,0,0,0,0,0.0,0,12.7,3.7,-1.7,Dropout,0,0.0,0.0,0.0,1
STD_4408,1,1,1,15,1,1,1,1,14,5,5,1,0,0,1,1,0,18,0,0,6,6,6,12.833333333333334,0,0,6,7,6,13.285714285714286,0,15.5,2.8,-4.06,Graduate,12,1.0,1.0,0.45238095238095255,0
STD_0631,1,12,1,12,1,1,1,13,27,10,10,0,0,0,1,0,1,25,0,0,8,8,7,12.042857142857144,0,0,8,8,7,12.042857142857144,0,12.7,3.7,-1.7,Graduate,14,0.875,0.875,0.0,0
STD_2974,1,7,6,9,1,1,1,22,27,10,10,1,0,0,1,0,0,20,0,0,5,8,4,11.6,0,0,5,10,3,12.333333333333334,0,7.6,2.6,0.32,Graduate,7,0.8,0.6,0.7333333333333343,0
STD_0094,2,12,1,16,1,8,1,22,24,1,1,0,0,0,1,0,0,39,0,0,6,12,3,12.666666666666666,0,0,6,14,0,0.0,1,7.6,2.6,0.32,Dropout,3,0.5,0.0,-12.666666666666666,1
STD_3500,1,12,1,4,1,1,1,1,27,29,44,0,0,0,1,1,0,27,0,0,6,6,0,0.0,0,0,6,6,0,0.0,0,11.1,0.6,2.02,Enrolled,0,0.0,0.0,0.0,0
STD_3504,1,15,1,4,1,14,1,1,3,10,7,0,0,0,1,1,1,21,0,0,6,15,6,11.714285714285714,0,0,6,8,4,11.75,0,13.9,-0.3,0.79,Graduate,10,1.0,0.6666666666666666,0.035714285714286476,0
STD_1493,1,15,1,8,1,14,1,3,4,3,3,1,0,0,1,1,0,20,0,0,6,15,4,10.75,0,0,6,12,2,10.5,0,13.9,-0.3,0.79,Dropout,6,0.6666666666666666,0.3333333333333333,-0.25,1
STD_1499,4,12,1,4,1,1,1,22,27,10,9,0,0,0,1,1,0,28,0,0,6,12,5,12.0,0,0,6,10,6,12.333333333333334,0,11.1,0.6,2.02,Enrolled,11,0.8333333333333334,1.0,0.3333333333333339,0
STD_1914,2,8,3,3,0,1,1,13,27,4,4,0,0,1,0,0,0,18,0,0,6,9,3,10.666666666666666,0,0,6,12,0,0.0,0,7.6,2.6,0.32,Dropout,3,0.5,0.0,-10.666666666666666,1
STD_0785,1,1,2,15,1,1,1,1,24,10,10,1,0,0,1,0,1,20,0,0,6,7,5,12.8,0,0,6,6,6,12.333333333333334,0,12.4,0.5,1.79,Graduate,11,0.8333333333333334,1.0,-0.4666666666666668,0
STD_3284,1,1,4,11,1,1,1,23,26,10,10,1,0,0,1,0,1,18,0,0,6,7,6,11.333333333333334,0,0,6,9,6,10.833333333333334,0,9.4,-0.8,-3.12,Graduate,12,1.0,1.0,-0.5,0
STD_0249,1,1,3,11,1,1,1,13,27,5,8,1,0,0,1,0,0,21,0,0,6,8,6,11.333333333333334,0,0,6,8,4,12.25,0,11.1,0.6,2.02,Graduate,10,1.0,0.6666666666666666,0.9166666666666661,0
STD_0405,1,8,1,12,1,1,1,22,27,6,6,1,0,0,1,0,0,19,0,0,8,8,7,14.731428571428571,0,0,8,8,7,14.731428571428571,0,10.8,1.4,1.74,Graduate,14,0.875,0.875,0.0,0
STD_0641,2,12,1,14,1,1,1,22,27,10,1,0,0,1,0,0,0,34,0,0,6,7,4,13.5,0,0,6,6,0,0.0,6,12.7,3.7,-1.7,Dropout,4,0.6666666666666666,0.0,-13.5,1
STD_4117,1,1,1,6,1,1,1,23,27,4,10,1,0,0,0,0,0,18,0,0,6,7,6,14.833333333333334,0,0,6,8,6,12.5,0,8.9,1.4,3.51,Enrolled,12,1.0,1.0,-2.333333333333334,0
STD_0764,1,6,1,9,1,1,8,1,3,30,4,0,0,1,1,1,0,40,1,0,5,10,1,11.0,0,0,5,10,1,10.0,0,11.1,0.6,2.02,Enrolled,2,0.2,0.2,-1.0,0
STD_3106,2,12,1,6,1,1,1,13,14,2,5,0,0,0,1,0,0,29,0,0,5,8,5,15.333333333333334,2,0,5,6,5,15.4,0,9.4,-0.8,-3.12,Dropout,10,1.0,1.0,0.06666666666666643,1
STD_3572,1,8,1,7,1,1,1,1,28,5,6,0,0,0,1,1,0,18,0,0,5,6,5,16.2,0,0,5,8,5,16.0,0,8.9,1.4,3.51,Graduate,10,1.0,1.0,-0.1999999999999993,0
STD_2961,1,1,1,14,1,1,1,1,1,10,2,1,0,0,1,0,1,20,0,0,6,8,4,11.75,0,0,6,10,6,12.666666666666666,0,10.8,1.4,1.74,Graduate,10,0.6666666666666666,1.0,0.9166666666666661,0
STD_0640,1,9,1,15,1,1,1,1,1,4,4,0,0,0,1,0,1,18,0,0,6,6,6,12.666666666666666,0,0,6,6,6,11.833333333333334,0,12.7,3.7,-1.7,Dropout,12,1.0,1.0,-0.8333333333333321,1
STD_2797,1,12,1,12,1,1,1,22,27,10,10,0,0,0,1,1,0,36,0,0,7,0,0,0.0,0,0,8,0,0,0.0,0,12.4,0.5,1.79,Dropout,0,0.0,0.0,0.0,1
STD_2703,1,8,1,7,1,1,1,23,14,8,4,1,0,1,1,1,0,20,0,0,5,5,0,0.0,0,0,5,5,0,0.0,5,9.4,-0.8,-3.12,Dropout,0,0.0,0.0,0.0,1
STD_2944,1,12,1,4,1,1,1,13,14,10,2,0,0,0,1,0,0,26,0,6,12,13,6,13.0,0,4,12,14,11,13.833333333333334,0,15.5,2.8,-4.06,Graduate,17,0.5,0.9166666666666666,0.8333333333333339,0
STD_3798,1,14,2,14,1,1,1,3,14,2,8,1,0,0,1,1,0,22,0,0,6,12,0,0.0,0,0,6,6,0,0.0,0,16.2,0.3,-0.92,Dropout,0,0.0,0.0,0.0,1
STD_3906,4,12,1,11,1,1,1,22,27,10,9,0,0,0,1,0,1,36,0,0,6,10,6,11.0,0,0,6,14,3,11.333333333333334,0,10.8,1.4,1.74,Graduate,9,1.0,0.5,0.3333333333333339,0
STD_3870,1,12,1,6,1,1,1,1,1,5,5,0,0,1,0,1,0,31,0,0,5,13,4,13.5,1,0,5,12,3,11.666666666666666,1,9.4,-0.8,-3.12,Dropout,7,0.8,0.6,-1.833333333333334,1
STD_1752,1,1,1,2,1,1,1,23,14,10,10,1,0,0,1,1,1,19,0,0,0,0,0,0.0,0,0,0,0,0,0.0,0,13.9,-0.3,0.79,Graduate,0,0.0,0.0,0.0,0
STD_3729,1,16,1,3,0,2,1,13,28,10,11,0,0,0,1,1,0,42,0,8,12,12,11,14.454545454545457,0,7,11,11,10,14.2,0,11.1,0.6,2.02,Graduate,21,0.9166666666666666,0.9090909090909091,-0.2545454545454575,0
STD_2848,2,12,1,15,1,12,1,22,27,10,7,0,0,0,0,0,0,53,0,0,5,5,0,0.0,0,0,4,5,0,0.0,0,15.5,2.8,-4.06,Dropout,0,0.0,0.0,0.0,1
STD_4068,2,4,1,3,0,3,1,23,1,10,10,0,0,0,0,0,0,35,0,0,6,0,0,0.0,0,0,6,0,0,0.0,0,10.8,1.4,1.74,Dropout,0,0.0,0.0,0.0,1
STD_1092,1,8,3,15,1,1,1,13,14,6,9,0,0,0,1,0,0,18,0,0,6,6,0,0.0,0,0,6,0,0,0.0,0,8.9,1.4,3.51,Dropout,0,0.0,0.0,0.0,1
STD_1008,1,17,1,10,1,16,1,22,27,10,11,1,0,0,1,0,0,21,0,5,9,10,9,12.77777777777778,0,4,9,9,9,13.22222222222222,0,8.9,1.4,3.51,Graduate,18,1.0,1.0,0.4444444444444393,0
STD_3748,1,14,1,8,1,1,1,24,3,4,3,1,0,0,1,0,0,21,0,0,5,6,0,0.0,5,0,5,6,4,13.75,1,10.8,1.4,1.74,Graduate,4,0.0,0.8,13.75,0
STD_3094,1,14,1,12,1,1,1,17,28,12,4,1,0,0,1,0,1,22,0,18,23,23,20,14.575,3,18,23,23,20,14.575,3,7.6,2.6,0.32,Graduate,40,0.8695652173913043,0.8695652173913043,0.0,0
STD_0264,1,1,1,10,1,1,1,1,1,5,5,0,0,0,1,0,0,18,0,0,6,7,6,14.0,0,0,6,7,6,14.0,0,10.8,1.4,1.74,Graduate,12,1.0,1.0,0.0,0
STD_0659,1,14,1,5,1,1,1,1,14,6,11,0,0,0,1,0,0,20,0,0,6,6,5,12.4,0,0,6,9,5,12.4,0,12.7,3.7,-1.7,Graduate,10,0.8333333333333334,0.8333333333333334,0.0,0
STD_3310,2,12,1,12,1,1,1,13,14,10,8,0,0,0,1,0,0,31,0,0,7,0,0,0.0,0,0,8,0,0,0.0,0,12.7,3.7,-1.7,Dropout,0,0.0,0.0,0.0,1
STD_2469,1,14,1,5,1,1,1,23,27,9,8,1,0,0,1,1,0,20,0,3,6,6,4,12.75,0,3,9,12,3,12.666666666666666,0,12.4,0.5,1.79,Dropout,7,0.6666666666666666,0.3333333333333333,-0.08333333333333393,1
STD_1301,1,8,1,9,1,1,1,1,14,4,5,0,0,0,1,1,0,19,0,0,5,7,3,12.333333333333334,0,0,5,5,0,0.0,0,8.9,1.4,3.51,Dropout,3,0.6,0.0,-12.333333333333334,1
STD_0348,4,12,1,17,0,1,1,22,27,7,7,0,0,0,1,0,0,39,0,0,5,6,5,11.0,0,0,5,9,5,11.666666666666666,0,10.8,1.4,1.74,Graduate,10,1.0,1.0,0.6666666666666661,0
STD_3982,1,1,2,6,1,1,1,25,4,3,3,1,0,0,1,0,0,18,0,0,6,7,6,15.666666666666666,0,0,6,6,6,14.833333333333334,0,8.9,1.4,3.51,Graduate,12,1.0,1.0,-0.8333333333333321,0
STD_2215,1,15,1,4,1,14,1,13,14,10,8,1,0,1,1,1,0,21,0,0,6,7,6,15.285714285714286,0,0,6,6,6,15.166666666666666,0,12.4,0.5,1.79,Graduate,12,1.0,1.0,-0.1190476190476204,0
STD_2591,1,12,1,4,1,1,1,13,14,10,10,0,0,0,1,0,0,30,0,0,6,6,0,0.0,0,0,6,6,0,0.0,0,11.1,0.6,2.02,Dropout,0,0.0,0.0,0.0,1
STD_0383,1,1,1,10,1,1,1,23,28,6,8,0,0,0,1,0,0,19,0,0,6,13,3,10.333333333333334,0,0,6,12,3,10.333333333333334,0,7.6,2.6,0.32,Enrolled,6,0.5,0.5,0.0,0
STD_3793,1,9,1,7,1,1,1,13,1,12,4,1,0,1,0,1,0,24,0,0,5,8,0,0.0,0,0,5,5,0,0.0,0,9.4,-0.8,-3.12,Dropout,0,0.0,0.0,0.0,1
STD_2173,2,4,1,5,1,17,1,22,1,10,8,0,0,0,1,0,0,33,0,0,6,7,6,15.0,0,0,6,8,3,11.0,0,11.1,0.6,2.02,Graduate,9,1.0,0.5,-4.0,0
STD_2908,2,1,4,12,1,1,1,1,27,5,10,0,0,0,1,0,1,18,0,0,7,7,6,14.066666666666668,0,0,7,7,6,14.066666666666668,0,7.6,2.6,0.32,Graduate,12,0.8571428571428571,0.8571428571428571,0.0,0
STD_3264,1,1,2,6,1,1,1,22,1,10,10,1,0,0,1,0,1,18,0,0,5,6,4,15.75,0,0,5,5,5,13.8,0,10.8,1.4,1.74,Graduate,9,0.8,1.0,-1.9499999999999993,0
STD_2535,1,1,1,10,1,1,1,23,28,9,8,1,0,0,1,0,1,19,0,0,6,7,6,11.857142857142858,0,0,6,8,6,13.142857142857142,0,12.4,0.5,1.79,Graduate,12,1.0,1.0,1.2857142857142847,0
STD_2126,1,14,1,11,1,1,1,23,28,10,10,0,0,0,1,0,1,19,0,0,6,0,0,0.0,0,0,6,11,1,10.0,0,10.8,1.4,1.74,Dropout,1,0.0,0.16666666666666666,10.0,1
STD_1228,1,8,1,10,1,1,1,23,28,6,8,1,0,0,1,0,0,20,0,0,6,11,5,11.2,0,0,6,6,6,12.0,0,9.4,-0.8,-3.12,Graduate,11,0.8333333333333334,1.0,0.8000000000000007,0
STD_0475,1,12,1,11,1,7,1,19,24,1,1,1,0,0,0,0,0,28,0,0,5,10,0,0.0,0,0,5,10,0,0.0,0,7.6,2.6,0.32,Dropout,0,0.0,0.0,0.0,1
STD_2806,1,1,4,12,1,1,1,13,14,10,10,1,0,0,1,0,0,19,0,0,7,8,6,11.658333333333331,0,0,8,11,6,12.416666666666666,0,12.4,0.5,1.79,Graduate,12,0.8571428571428571,0.75,0.7583333333333346,0
STD_1120,1,8,1,12,1,1,1,13,28,6,10,1,0,0,1,0,1,20,0,0,7,7,6,12.333333333333334,0,0,7,7,6,12.333333333333334,0,7.6,2.6,0.32,Graduate,12,0.8571428571428571,0.8571428571428571,0.0,0
STD_0093,1,6,1,8,1,1,14,1,1,5,5,0,0,0,1,0,0,26,1,0,6,7,2,12.0,1,0,6,6,0,0.0,0,8.9,1.4,3.51,Dropout,2,0.3333333333333333,0.0,-12.0,1
STD_1676,1,8,3,11,1,1,1,1,1,5,5,0,0,0,0,0,0,18,0,0,5,5,5,10.4,0,0,6,13,0,0.0,0,10.8,1.4,1.74,Dropout,5,1.0,0.0,-10.4,1
STD_3273,4,13,1,9,1,1,1,22,27,10,10,0,0,0,1,0,0,41,0,8,14,24,11,12.25,3,5,10,12,10,13.4,0,9.4,-0.8,-3.12,Graduate,21,0.7857142857142857,1.0,1.1500000000000004,0
STD_0669,1,8,5,12,1,1,1,1,14,5,9,1,0,0,1,0,0,19,0,0,7,0,0,0.0,0,0,8,0,0,0.0,0,12.4,0.5,1.79,Dropout,0,0.0,0.0,0.0,1
STD_2549,1,1,2,15,1,1,1,13,14,10,10,1,0,0,1,1,1,18,0,0,6,6,6,14.0,0,0,6,6,6,14.166666666666666,0,9.4,-0.8,-3.12,Graduate,12,1.0,1.0,0.16666666666666607,0
STD_0789,1,3,3,6,1,1,1,22,27,1,12,0,0,1,1,0,1,18,0,0,5,5,5,14.4,0,0,5,5,5,14.0,0,7.6,2.6,0.32,Dropout,10,1.0,1.0,-0.40000000000000036,1
STD_4185,1,1,1,10,1,1,1,23,28,1,8,1,0,0,1,0,0,19,0,0,6,8,5,11.0,0,0,6,13,5,11.4,0,7.6,2.6,0.32,Graduate,10,0.8333333333333334,0.8333333333333334,0.40000000000000036,0
STD_2884,2,12,1,3,0,1,1,22,27,10,10,0,0,0,1,0,1,43,0,0,6,7,6,12.333333333333334,0,0,6,8,6,11.5,0,8.9,1.4,3.51,Graduate,12,1.0,1.0,-0.8333333333333339,0
STD_1471,1,8,1,9,1,1,1,3,28,4,8,1,0,0,1,1,0,18,0,0,5,13,5,12.0,0,0,5,9,4,11.4,0,13.9,-0.3,0.79,Enrolled,9,1.0,0.8,-0.5999999999999996,0
STD_2737,1,8,4,12,1,1,1,1,27,10,10,1,0,0,1,0,1,19,0,0,7,7,7,13.385714285714286,0,0,8,8,8,15.925,0,13.9,-0.3,0.79,Graduate,15,1.0,1.0,2.5392857142857146,0
STD_0399,1,8,1,14,1,1,1,22,14,6,9,1,0,1,1,0,0,18,0,0,6,6,5,11.8,0,0,6,9,4,13.714285714285714,0,10.8,1.4,1.74,Dropout,9,0.8333333333333334,0.6666666666666666,1.9142857142857128,1
STD_0567,1,12,1,4,1,12,1,4,1,3,5,0,0,0,1,1,0,25,0,0,3,4,0,0.0,0,0,3,5,0,0.0,0,16.2,0.3,-0.92,Dropout,0,0.0,0.0,0.0,1
STD_0772,1,8,6,15,1,1,1,1,14,6,6,1,0,0,1,0,0,18,0,0,6,0,0,0.0,0,0,6,0,0,0.0,0,12.4,0.5,1.79,Dropout,0,0.0,0.0,0.0,1
STD_3532,1,13,1,4,1,14,1,3,1,3,7,1,0,0,1,1,0,24,0,4,9,13,8,13.333333333333334,0,5,10,12,9,13.11111111111111,0,16.2,0.3,-0.92,Enrolled,17,0.8888888888888888,0.9,-0.2222222222222232,0
STD_1430,1,8,1,15,1,1,1,13,28,10,8,1,0,0,1,0,1,21,0,0,6,6,5,13.0,0,0,6,7,6,12.833333333333334,0,8.9,1.4,3.51,Graduate,11,0.8333333333333334,1.0,-0.16666666666666607,0
STD_0045,1,12,1,17,0,1,1,22,27,10,10,0,0,0,1,0,0,29,0,0,5,0,0,0.0,0,0,5,0,0,0.0,0,16.2,0.3,-0.92,Dropout,0,0.0,0.0,0.0,1
STD_3876,1,14,1,12,1,12,1,19,24,1,1,1,0,0,1,1,0,27,0,0,7,7,0,0.0,6,0,7,7,0,0.0,6,7.6,2.6,0.32,Dropout,0,0.0,0.0,0.0,1
STD_0330,1,1,1,6,1,1,1,13,28,10,6,1,0,0,1,0,0,18,0,0,5,11,5,14.0,3,0,5,7,5,11.6,0,9.4,-0.8,-3.12,Enrolled,10,1.0,1.0,-2.4000000000000004,0
STD_3855,1,12,1,10,1,1,1,22,20,1,5,0,0,0,0,1,0,32,0,0,6,10,2,11.0,0,0,6,12,0,0.0,0,7.6,2.6,0.32,Dropout,2,0.3333333333333333,0.0,-11.0,1
STD_0884,1,12,1,4,1,1,1,22,27,5,8,0,0,1,0,1,0,32,0,0,6,8,3,13.0,0,4,10,14,6,11.428571428571429,0,16.2,0.3,-0.92,Dropout,9,0.5,0.6,-1.5714285714285712,1
STD_2775,1,1,4,12,1,1,1,10,1,6,11,0,0,0,1,0,1,19,0,0,7,9,5,14.06,0,0,7,9,7,11.242857142857142,0,12.4,0.5,1.79,Enrolled,12,0.7142857142857143,1.0,-2.8171428571428585,0
STD_2039,1,5,1,14,1,1,9,22,27,10,10,0,0,0,1,0,0,20,1,0,5,6,5,11.6,0,0,5,6,4,11.5,0,9.4,-0.8,-3.12,Graduate,9,1.0,0.8,-0.09999999999999964,0
STD_3142,1,8,2,9,1,1,1,1,14,5,6,1,0,0,1,0,0,21,0,0,5,10,4,11.75,0,0,5,6,5,11.6,0,12.4,0.5,1.79,Graduate,9,0.8,1.0,-0.15000000000000036,0
STD_2850,1,15,1,6,1,14,1,3,3,5,3,1,0,0,1,0,0,19,0,0,6,8,4,14.4,0,0,6,6,5,13.0,0,13.9,-0.3,0.79,Graduate,9,0.6666666666666666,0.8333333333333334,-1.4000000000000004,0
STD_1864,1,8,1,5,1,1,1,22,28,10,6,1,0,0,1,1,0,18,0,0,6,6,6,11.833333333333334,0,0,6,6,6,13.166666666666666,0,7.6,2.6,0.32,Graduate,12,1.0,1.0,1.3333333333333321,0
STD_2033,1,12,1,6,1,1,1,13,27,10,7,1,0,0,1,0,0,26,0,0,6,17,6,12.666666666666666,0,0,6,21,4,12.25,0,15.5,2.8,-4.06,Graduate,10,1.0,0.6666666666666666,-0.4166666666666661,0
STD_4362,1,8,1,12,1,1,1,3,3,3,4,0,0,0,1,0,0,19,0,0,8,8,8,13.3475,0,0,8,8,8,13.3475,0,9.4,-0.8,-3.12,Graduate,16,1.0,1.0,0.0,0
STD_3090,1,12,1,17,0,1,1,22,27,10,8,0,0,0,1,0,0,27,0,0,5,0,0,0.0,0,0,5,0,0,0.0,0,15.5,2.8,-4.06,Dropout,0,0.0,0.0,0.0,1
STD_1945,1,1,2,15,1,1,1,1,14,5,8,1,0,0,1,0,1,19,0,0,6,7,6,13.857142857142858,0,0,6,7,6,13.142857142857142,0,13.9,-0.3,0.79,Dropout,12,1.0,1.0,-0.7142857142857153,1
STD_3487,1,1,2,12,1,1,1,13,1,10,10,1,0,0,1,1,0,18,0,0,8,8,7,13.0,0,0,8,8,7,13.0,0,12.7,3.7,-1.7,Graduate,14,0.875,0.875,0.0,0
STD_0336,1,15,1,10,1,14,1,23,27,8,8,0,0,0,1,0,0,19,0,3,6,6,6,13.333333333333334,0,2,6,6,6,14.666666666666666,0,13.9,-0.3,0.79,Graduate,12,1.0,1.0,1.3333333333333321,0
STD_4292,1,1,1,2,1,1,1,1,28,5,6,1,0,0,1,1,0,19,0,0,0,0,0,0.0,0,0,0,0,0,0.0,0,15.5,2.8,-4.06,Graduate,0,0.0,0.0,0.0,0
STD_0431,1,1,3,12,1,1,1,22,28,10,10,1,0,0,1,0,1,18,0,0,8,8,7,12.082857142857142,0,0,8,8,7,12.082857142857142,0,10.8,1.4,1.74,Graduate,14,0.875,0.875,0.0,0
STD_3471,1,1,6,12,1,1,1,23,14,8,10,1,0,0,1,0,1,18,0,0,8,8,7,13.79857142857143,0,0,8,8,7,13.79857142857143,0,10.8,1.4,1.74,Graduate,14,0.875,0.875,0.0,0
STD_0700,1,14,1,7,1,1,1,22,28,6,8,0,0,0,1,1,0,39,0,0,5,10,3,17.333333333333332,0,0,5,11,1,17.0,0,13.9,-0.3,0.79,Dropout,4,0.6,0.2,-0.33333333333333215,1
STD_1915,1,1,1,16,1,1,1,10,10,10,5,1,0,0,1,0,0,18,0,0,6,8,5,15.4,0,0,6,7,5,12.2,0,7.6,2.6,0.32,Graduate,10,0.8333333333333334,0.8333333333333334,-3.200000000000001,0
STD_3516,1,14,1,15,1,1,1,1,1,5,6,1,0,0,1,1,0,23,0,0,6,15,1,13.0,0,0,6,8,4,11.25,0,9.4,-0.8,-3.12,Enrolled,5,0.16666666666666666,0.6666666666666666,-1.75,0
STD_4026,4,1,1,17,0,1,1,22,27,10,8,0,0,0,1,0,1,38,0,0,5,8,5,11.0,0,0,5,7,5,11.4,0,9.4,-0.8,-3.12,Enrolled,10,1.0,1.0,0.40000000000000036,0
STD_0391,1,15,1,6,1,14,1,4,28,5,6,1,0,0,1,0,0,21,0,0,6,11,4,12.75,0,0,6,19,1,11.0,0,12.4,0.5,1.79,Enrolled,5,0.6666666666666666,0.16666666666666666,-1.75,0
STD_1971,1,16,1,10,1,1,1,13,3,6,3,0,0,1,1,0,0,20,0,5,11,18,8,12.625,0,4,10,10,3,11.0,0,11.1,0.6,2.02,Enrolled,11,0.7272727272727273,0.3,-1.625,0
STD_2007,2,12,1,3,0,1,1,22,27,10,9,0,0,0,1,0,0,44,0,0,6,6,6,14.833333333333334,0,0,6,6,6,14.166666666666666,0,10.8,1.4,1.74,Graduate,12,1.0,1.0,-0.6666666666666679,0
STD_2714,1,14,1,8,1,1,1,3,3,4,5,1,0,0,1,0,0,21,0,0,6,10,6,12.0,0,0,6,12,5,12.8,0,13.9,-0.3,0.79,Graduate,11,1.0,0.8333333333333334,0.8000000000000007,0
STD_1840,1,12,1,5,1,1,1,1,14,5,5,1,0,0,1,0,0,24,0,0,6,6,6,15.166666666666666,0,0,6,6,2,15.5,0,15.5,2.8,-4.06,Graduate,8,1.0,0.3333333333333333,0.3333333333333339,0
STD_2696,1,12,1,12,1,1,1,1,2,22,21,0,0,1,1,1,0,30,0,0,7,12,4,14.4,0,0,7,9,6,13.5,0,12.4,0.5,1.79,Enrolled,10,0.5714285714285714,0.8571428571428571,-0.9000000000000004,0
STD_0043,1,1,6,12,1,1,1,1,3,3,3,1,1,0,1,0,0,22,0,0,7,9,5,13.928,0,0,8,9,7,14.342857142857142,0,11.1,0.6,2.02,Graduate,12,0.7142857142857143,0.875,0.4148571428571408,0
STD_3357,1,15,1,7,1,14,1,3,14,4,5,0,0,0,1,1,0,20,0,0,5,12,1,13.0,0,0,5,8,3,12.6,0,12.4,0.5,1.79,Enrolled,4,0.2,0.6,-0.40000000000000036,0
STD_2238,1,12,1,11,1,12,1,23,27,5,6,0,0,1,0,1,0,24,0,0,6,7,0,0.0,0,0,6,7,0,0.0,0,16.2,0.3,-0.92,Dropout,0,0.0,0.0,0.0,1
STD_2085,1,1,1,15,1,1,1,13,27,10,10,0,0,0,1,0,1,19,0,0,6,7,6,14.285714285714286,0,0,6,6,6,13.166666666666666,0,11.1,0.6,2.02,Graduate,12,1.0,1.0,-1.1190476190476204,0
STD_2214,1,1,1,10,1,1,1,13,28,10,10,0,0,0,1,1,0,19,0,0,6,10,5,11.571428571428571,0,0,6,10,3,13.0,0,16.2,0.3,-0.92,Dropout,8,0.8333333333333334,0.5,1.4285714285714288,1
STD_3815,1,14,1,10,1,1,1,11,12,12,12,1,0,0,1,0,0,20,0,8,10,14,9,12.333333333333334,0,3,7,10,7,11.77777777777778,0,7.6,2.6,0.32,Graduate,16,0.9,1.0,-0.5555555555555536,0
STD_1378,1,1,1,2,1,1,1,22,14,8,8,1,0,0,1,1,1,18,0,0,0,0,0,0.0,0,0,0,0,0,0.0,0,10.8,1.4,1.74,Graduate,0,0.0,0.0,0.0,0
STD_3938,1,1,3,11,1,1,1,13,14,10,10,1,0,0,1,0,0,22,0,0,6,10,4,10.0,0,0,6,12,2,13.5,0,9.4,-0.8,-3.12,Enrolled,6,0.6666666666666666,0.3333333333333333,3.5,0
STD_1275,1,4,1,17,0,15,1,22,27,10,8,0,0,0,1,0,0,32,0,0,5,7,5,11.6,0,0,5,8,5,12.333333333333334,0,12.4,0.5,1.79,Graduate,10,1.0,1.0,0.7333333333333343,0
STD_0838,1,16,1,13,1,1,1,1,27,24,44,1,0,0,1,1,0,23,0,0,7,11,5,12.414285714285713,0,0,7,13,2,13.5,0,8.9,1.4,3.51,Enrolled,7,0.7142857142857143,0.2857142857142857,1.0857142857142872,0
STD_1818,1,14,1,5,1,1,1,22,27,10,10,1,0,0,1,0,0,25,0,0,6,6,6,13.5,0,0,6,6,6,12.5,0,9.4,-0.8,-3.12,Graduate,12,1.0,1.0,-1.0,0
STD_3466,2,12,1,9,1,1,1,22,27,10,10,0,0,0,1,0,0,35,0,0,1,1,0,0.0,1,0,5,0,0,0.0,0,10.8,1.4,1.74,Dropout,0,0.0,0.0,0.0,1
STD_3537,1,12,1,17,0,1,1,22,27,10,10,0,0,0,1,1,0,40,0,0,5,0,0,0.0,0,0,5,0,0,0.0,0,12.7,3.7,-1.7,Dropout,0,0.0,0.0,0.0,1
STD_1282,1,1,3,12,1,1,1,23,14,8,10,1,0,0,1,1,1,20,0,0,8,8,7,13.024285714285714,0,0,8,8,7,13.024285714285714,0,10.8,1.4,1.74,Graduate,14,0.875,0.875,0.0,0
STD_0698,1,1,1,11,1,1,1,3,1,3,2,0,0,0,1,1,0,20,0,0,6,12,3,10.0,0,0,6,9,5,10.8,0,15.5,2.8,-4.06,Enrolled,8,0.5,0.8333333333333334,0.8000000000000007,0
STD_0088,1,8,1,5,1,1,1,13,28,5,1,1,0,0,1,1,0,20,0,0,6,9,6,10.666666666666666,1,0,6,6,5,11.2,0,7.6,2.6,0.32,Graduate,11,1.0,0.8333333333333334,0.5333333333333332,0
STD_4366,1,1,2,2,1,1,1,23,28,5,10,1,0,0,1,1,0,19,0,0,0,0,0,0.0,0,0,0,0,0,0.0,0,7.6,2.6,0.32,Graduate,0,0.0,0.0,0.0,0
STD_3947,1,8,2,2,1,1,1,3,1,3,7,1,0,0,1,0,1,18,0,0,0,0,0,0.0,0,0,0,0,0,0.0,0,15.5,2.8,-4.06,Graduate,0,0.0,0.0,0.0,0
STD_0410,4,12,1,6,1,1,1,19,24,1,1,0,0,0,1,0,0,25,0,0,5,5,0,0.0,0,0,5,5,0,0.0,0,7.6,2.6,0.32,Dropout,0,0.0,0.0,0.0,1
STD_0200,1,12,1,12,1,1,1,1,3,28,19,0,0,0,1,0,0,35,0,0,3,4,3,11.816666666666668,0,0,3,3,3,11.333333333333334,0,11.1,0.6,2.02,Enrolled,6,1.0,1.0,-0.4833333333333343,0
STD_0058,1,12,1,8,1,15,1,3,3,3,3,1,0,0,1,0,0,27,0,0,6,9,5,13.0,0,5,11,13,10,12.9,0,12.4,0.5,1.79,Dropout,15,0.8333333333333334,0.9090909090909091,-0.09999999999999964,1
STD_1816,1,12,1,4,1,12,1,13,27,2,2,0,0,1,1,1,0,24,0,0,6,10,6,14.88888888888889,0,0,6,11,6,13.727272727272728,0,16.2,0.3,-0.92,Enrolled,12,1.0,1.0,-1.1616161616161609,0
STD_4005,1,1,2,5,1,1,1,22,27,10,10,1,0,0,1,1,1,21,0,0,6,6,6,13.166666666666666,0,0,6,8,6,13.285714285714286,0,8.9,1.4,3.51,Graduate,12,1.0,1.0,0.1190476190476204,0
STD_0932,1,1,1,16,1,1,1,13,28,10,10,0,0,0,1,0,1,19,0,0,7,10,6,13.0,0,0,7,7,7,13.285714285714286,0,12.4,0.5,1.79,Graduate,13,0.8571428571428571,1.0,0.2857142857142865,0
STD_1983,1,14,1,6,1,14,1,23,27,7,7,1,0,0,1,0,1,21,0,2,7,15,3,13.0,2,1,5,12,5,13.285714285714286,1,10.8,1.4,1.74,Graduate,8,0.42857142857142855,1.0,0.2857142857142865,0
STD_0313,1,8,2,9,1,1,1,13,14,5,9,0,0,0,1,0,1,18,0,0,5,5,5,11.2,0,0,5,5,5,11.8,0,11.1,0.6,2.02,Graduate,10,1.0,1.0,0.6000000000000014,0
STD_4048,2,1,1,12,1,1,1,1,1,10,11,0,0,0,1,0,0,18,0,0,8,8,7,13.9,0,0,8,8,7,13.9,0,12.7,3.7,-1.7,Graduate,14,0.875,0.875,0.0,0
STD_0814,1,1,1,12,1,1,1,3,4,4,4,0,0,0,1,0,0,18,0,0,7,7,7,14.45,0,0,8,9,8,14.144444444444444,0,11.1,0.6,2.02,Graduate,15,1.0,1.0,-0.30555555555555536,0
STD_1367,1,16,1,7,1,1,1,1,14,4,6,1,0,0,1,1,0,20,0,4,9,12,9,13.454545454545457,0,2,7,9,6,13.875,0,11.1,0.6,2.02,Dropout,15,1.0,0.8571428571428571,0.4204545454545432,1
STD_3683,1,12,1,17,0,1,1,22,27,10,10,0,0,0,0,1,0,36,0,0,5,5,0,0.0,0,0,5,5,0,0.0,0,12.7,3.7,-1.7,Dropout,0,0.0,0.0,0.0,1
STD_1515,1,8,1,12,1,1,1,13,27,10,10,1,0,0,1,0,0,19,0,0,7,0,0,0.0,0,0,8,0,0,0.0,0,15.5,2.8,-4.06,Dropout,0,0.0,0.0,0.0,1
STD_3520,1,14,1,17,0,1,1,22,27,10,10,1,0,1,1,1,0,34,0,6,10,10,7,11.714285714285714,0,4,10,10,6,11.5,0,10.8,1.4,1.74,Dropout,13,0.7,0.6,-0.21428571428571352,1
STD_0106,1,16,1,5,1,1,1,3,1,3,9,0,0,1,1,0,0,20,0,4,10,12,10,13.0,0,5,11,11,11,12.272727272727272,0,11.1,0.6,2.02,Graduate,21,1.0,1.0,-0.7272727272727284,0
STD_1900,1,17,1,6,1,16,1,3,1,3,9,1,0,0,1,0,0,21,0,7,11,15,10,14.5,0,4,9,15,8,14.0,0,8.9,1.4,3.51,Graduate,18,0.9090909090909091,0.8888888888888888,-0.5,0
STD_0376,2,16,1,3,0,12,1,22,27,10,10,0,0,1,1,0,0,42,0,5,11,14,10,11.9,0,5,11,14,10,12.8,0,11.1,0.6,2.02,Enrolled,20,0.9090909090909091,0.9090909090909091,0.9000000000000004,0
STD_1957,1,1,4,10,1,1,1,13,1,5,6,1,1,0,1,0,0,18,0,0,6,9,5,11.833333333333334,0,0,6,8,2,11.5,0,13.9,-0.3,0.79,Enrolled,7,0.8333333333333334,0.3333333333333333,-0.3333333333333339,0
STD_0322,1,13,1,12,1,1,1,22,27,8,10,1,0,0,1,0,1,19,0,0,8,8,7,13.058571428571428,0,0,8,8,7,13.058571428571428,0,10.8,1.4,1.74,Graduate,14,0.875,0.875,0.0,0
STD_0374,4,12,1,17,0,1,1,1,27,20,43,0,0,0,1,0,0,35,0,0,5,8,5,12.0,0,0,5,9,5,12.857142857142858,0,13.9,-0.3,0.79,Graduate,10,1.0,1.0,0.8571428571428577,0
STD_1463,1,1,3,14,1,1,1,3,14,3,9,1,0,0,1,1,0,19,0,0,5,7,3,11.666666666666666,0,0,5,5,4,12.0,0,9.4,-0.8,-3.12,Enrolled,7,0.6,0.8,0.3333333333333339,0
STD_2685,1,4,1,4,1,3,1,1,14,6,10,0,0,0,1,1,0,27,0,0,6,8,0,0.0,0,0,6,10,0,0.0,0,16.2,0.3,-0.92,Dropout,0,0.0,0.0,0.0,1
STD_3187,1,12,1,8,1,8,1,10,26,12,12,0,0,0,0,1,1,30,0,0,5,13,0,0.0,3,0,5,5,0,0.0,5,9.4,-0.8,-3.12,Dropout,0,0.0,0.0,0.0,1
STD_4172,1,1,1,10,1,1,1,23,28,5,8,1,0,0,1,0,1,18,0,0,6,14,0,0.0,0,0,6,9,4,11.0,0,7.6,2.6,0.32,Enrolled,4,0.0,0.6666666666666666,11.0,0
STD_1790,1,8,3,11,1,1,1,13,1,5,5,1,0,0,1,1,1,18,0,0,6,7,6,12.142857142857142,0,0,6,8,6,11.333333333333334,0,8.9,1.4,3.51,Graduate,12,1.0,1.0,-0.8095238095238084,0
STD_2067,1,1,5,11,1,1,1,13,1,8,11,1,0,0,1,0,1,18,0,0,6,7,6,13.428571428571429,0,0,6,6,6,12.666666666666666,0,8.9,1.4,3.51,Graduate,12,1.0,1.0,-0.7619047619047628,0
STD_2290,1,12,1,17,0,1,1,3,28,3,8,0,0,0,1,1,0,31,0,0,5,5,0,0.0,0,0,5,7,0,0.0,0,13.9,-0.3,0.79,Dropout,0,0.0,0.0,0.0,1
STD_3672,1,8,1,6,1,1,6,22,27,10,10,1,0,0,1,0,0,19,1,0,6,13,6,16.0,0,0,6,8,6,14.5,0,15.5,2.8,-4.06,Graduate,12,1.0,1.0,-1.5,0
STD_0989,1,1,1,10,1,1,1,2,2,4,5,1,0,0,1,1,0,19,0,0,6,11,3,12.0,0,0,6,12,2,10.0,0,11.1,0.6,2.02,Dropout,5,0.5,0.3333333333333333,-2.0,1
STD_0269,1,1,1,5,1,1,1,22,27,10,10,1,0,0,1,0,1,19,0,0,6,6,6,13.0,0,0,6,8,6,12.5,0,10.8,1.4,1.74,Graduate,12,1.0,1.0,-0.5,0
STD_2906,1,8,1,15,1,1,1,3,1,3,4,1,0,0,1,0,0,19,0,0,6,7,6,12.5,0,0,6,7,6,12.5,0,10.8,1.4,1.74,Graduate,12,1.0,1.0,0.0,0
STD_1025,1,9,2,16,1,1,1,23,28,29,36,1,0,0,1,0,0,19,0,0,7,7,7,13.142857142857142,0,0,7,8,7,12.857142857142858,0,8.9,1.4,3.51,Graduate,14,1.0,1.0,-0.2857142857142847,0
STD_1088,1,1,1,15,1,1,1,23,14,18,16,0,0,1,1,0,0,20,0,0,6,6,5,11.0,0,0,6,6,6,13.166666666666666,0,16.2,0.3,-0.92,Graduate,11,0.8333333333333334,1.0,2.166666666666666,0
STD_3785,1,4,1,3,0,15,1,22,14,10,4,0,0,0,1,0,0,36,0,6,10,15,4,13.0,0,5,9,10,4,13.75,0,8.9,1.4,3.51,Dropout,8,0.4,0.4444444444444444,0.75,1
STD_0407,1,4,1,5,1,15,1,1,14,4,10,1,0,0,1,0,0,21,0,9,13,14,13,13.615384615384617,1,6,12,12,12,14.25,0,13.9,-0.3,0.79,Graduate,25,1.0,1.0,0.6346153846153832,0
STD_1633,2,12,1,17,0,9,1,22,27,10,10,1,0,0,1,1,0,52,0,0,5,5,5,13.6,0,0,5,5,5,14.2,0,7.6,2.6,0.32,Graduate,10,1.0,1.0,0.5999999999999996,0
STD_1147,1,1,1,2,1,1,1,13,28,5,6,1,0,0,1,0,0,18,0,0,0,0,0,0.0,0,0,0,0,0,0.0,0,7.6,2.6,0.32,Enrolled,0,0.0,0.0,0.0,0
STD_2999,1,1,1,8,1,1,1,3,14,5,9,1,0,0,1,0,0,19,0,0,6,6,6,14.666666666666666,0,0,6,8,6,13.666666666666666,0,12.4,0.5,1.79,Graduate,12,1.0,1.0,-1.0,0
STD_3317,1,4,1,7,1,3,1,13,14,2,2,0,0,0,0,1,0,40,0,1,5,7,1,13.0,0,2,5,5,2,14.0,0,12.7,3.7,-1.7,Dropout,3,0.2,0.4,1.0,1
STD_2393,1,1,1,9,1,1,1,23,14,10,6,0,0,0,1,1,0,18,0,0,5,11,2,13.5,0,0,5,11,3,12.333333333333334,0,8.9,1.4,3.51,Enrolled,5,0.4,0.6,-1.166666666666666,0
STD_2031,1,8,2,12,1,1,1,13,14,10,11,1,0,0,1,0,0,19,0,0,7,7,7,14.125714285714285,0,0,8,8,8,14.36875,0,11.1,0.6,2.02,Graduate,15,1.0,1.0,0.2430357142857158,0
STD_0014,1,17,1,11,1,16,1,1,1,5,8,1,0,0,1,0,1,21,0,0,6,7,6,10.571428571428571,0,0,6,8,5,11.0,0,8.9,1.4,3.51,Graduate,11,1.0,0.8333333333333334,0.4285714285714288,0
STD_1632,2,12,1,15,1,12,1,13,14,10,5,0,0,1,0,1,0,42,0,0,4,5,0,0.0,0,0,4,4,0,0.0,0,13.9,-0.3,0.79,Dropout,0,0.0,0.0,0.0,1
STD_3406,1,8,2,2,1,1,1,3,3,4,4,1,0,0,1,0,0,18,0,0,0,0,0,0.0,0,0,0,0,0,0.0,0,13.9,-0.3,0.79,Graduate,0,0.0,0.0,0.0,0
STD_1821,1,14,1,6,1,1,1,13,28,5,10,1,0,0,0,0,0,19,0,0,6,12,5,13.0,0,0,6,12,3,11.666666666666666,0,13.9,-0.3,0.79,Enrolled,8,0.8333333333333334,0.5,-1.333333333333334,0
STD_4044,1,8,2,12,1,1,1,2,28,4,9,1,0,0,1,0,0,18,0,0,8,12,7,12.285714285714286,0,0,8,12,7,12.285714285714286,0,12.7,3.7,-1.7,Enrolled,14,0.875,0.875,0.0,0
STD_0253,1,1,1,6,1,1,1,7,14,12,7,0,0,0,1,0,0,19,0,0,5,6,5,14.4,0,0,5,6,5,13.0,0,7.6,2.6,0.32,Graduate,10,1.0,1.0,-1.4000000000000004,0
STD_1153,1,8,3,9,1,1,1,1,14,4,6,1,0,0,1,0,0,19,0,0,5,7,3,10.333333333333334,0,0,5,11,3,14.428571428571429,0,10.8,1.4,1.74,Enrolled,6,0.6,0.6,4.095238095238095,0
STD_0740,1,16,1,15,1,1,1,1,14,9,9,1,0,0,1,1,0,20,0,1,7,7,6,13.833333333333334,0,1,6,7,5,13.0,0,8.9,1.4,3.51,Dropout,11,0.8571428571428571,0.8333333333333334,-0.8333333333333339,1
STD_3159,1,8,1,11,1,1,1,1,1,5,5,1,0,0,1,1,0,21,0,0,6,11,6,11.166666666666666,0,0,6,14,3,14.666666666666666,0,7.6,2.6,0.32,Enrolled,9,1.0,0.5,3.5,0
STD_2750,2,12,1,17,0,1,1,22,27,10,8,0,0,0,1,1,0,47,0,0,5,9,4,11.5,0,0,5,6,5,11.6,1,7.6,2.6,0.32,Dropout,9,0.8,1.0,0.09999999999999964,1
STD_3636,1,13,1,12,1,6,1,22,1,10,5,0,0,0,1,0,0,21,0,12,21,33,18,14.933333333333334,12,12,21,33,18,14.933333333333334,12,7.6,2.6,0.32,Graduate,36,0.8571428571428571,0.8571428571428571,0.0,0
STD_0564,1,1,1,8,1,1,1,13,28,10,10,1,0,0,1,1,0,18,0,0,6,6,6,13.5,0,0,6,9,5,13.2,0,8.9,1.4,3.51,Graduate,11,1.0,0.8333333333333334,-0.3000000000000007,0
STD_0309,1,1,3,6,1,1,1,9,9,12,12,0,0,0,1,0,0,19,0,0,5,5,5,15.2,0,0,5,6,5,13.2,0,7.6,2.6,0.32,Graduate,10,1.0,1.0,-2.0,0
STD_1576,1,1,4,2,1,1,1,13,14,5,5,1,1,0,1,0,0,22,0,0,0,0,0,0.0,0,0,0,0,0,0.0,0,16.2,0.3,-0.92,Graduate,0,0.0,0.0,0.0,0
STD_0673,1,1,4,12,1,1,1,1,14,10,8,1,0,0,1,0,1,19,0,0,7,8,7,12.285714285714286,0,0,8,10,8,11.7375,0,12.4,0.5,1.79,Graduate,15,1.0,1.0,-0.5482142857142858,0
STD_0744,1,12,1,17,0,1,1,1,14,5,9,0,0,0,1,1,0,27,0,0,5,8,4,11.5,0,0,5,9,3,10.333333333333334,0,12.7,3.7,-1.7,Dropout,7,0.8,0.6,-1.166666666666666,1
STD_2499,1,12,1,2,1,12,17,1,14,3,8,0,0,0,1,1,1,25,1,0,0,0,0,0.0,0,0,0,0,0,0.0,0,15.5,2.8,-4.06,Dropout,0,0.0,0.0,0.0,1
STD_3894,4,12,1,6,1,1,1,22,27,12,12,0,0,0,0,0,0,35,0,0,5,14,1,12.0,2,0,5,11,2,10.5,1,9.4,-0.8,-3.12,Dropout,3,0.2,0.4,-1.5,1
STD_4303,1,8,6,9,1,1,1,22,27,10,10,1,0,0,1,1,0,25,0,13,15,15,13,10.76923076923077,0,11,14,15,12,11.833333333333334,0,7.6,2.6,0.32,Dropout,25,0.8666666666666667,0.8571428571428571,1.0641025641025639,1
STD_1258,1,1,3,13,1,1,1,23,27,8,8,1,0,0,1,0,0,19,0,0,7,9,7,11.677777777777775,0,0,8,8,8,13.8,0,12.7,3.7,-1.7,Graduate,15,1.0,1.0,2.1222222222222253,0
STD_1763,1,12,1,15,1,1,1,1,14,2,4,0,0,0,1,1,0,36,0,0,6,7,6,15.285714285714286,0,0,6,6,6,16.5,0,10.8,1.4,1.74,Graduate,12,1.0,1.0,1.2142857142857135,0
STD_2236,1,1,1,2,1,1,1,13,14,5,9,1,0,0,1,1,1,21,0,0,0,0,0,0.0,0,0,0,0,0,0.0,0,12.4,0.5,1.79,Graduate,0,0.0,0.0,0.0,0
STD_1239,1,15,1,4,1,14,1,23,27,10,10,1,0,0,1,1,0,20,0,0,6,8,6,13.125,0,0,6,10,6,13.2,0,16.2,0.3,-0.92,Graduate,12,1.0,1.0,0.07499999999999929,0
STD_3822,1,12,1,4,1,1,1,1,28,6,7,0,0,0,1,1,0,26,0,0,6,9,0,0.0,0,0,6,6,0,0.0,0,13.9,-0.3,0.79,Dropout,0,0.0,0.0,0.0,1
STD_2542,1,1,1,16,1,1,1,13,14,5,6,0,0,0,1,0,1,19,0,0,7,8,6,12.833333333333334,0,0,6,6,0,0.0,0,13.9,-0.3,0.79,Dropout,6,0.8571428571428571,0.0,-12.833333333333334,1
STD_4411,1,1,1,5,1,1,1,22,14,10,5,0,0,0,1,1,1,20,0,1,6,7,6,13.5,0,1,6,9,5,12.5,0,10.8,1.4,1.74,Graduate,11,1.0,0.8333333333333334,-1.0,0
STD_4017,1,8,1,11,1,1,1,13,1,10,5,1,0,0,1,0,0,19,0,0,6,11,3,12.0,0,0,6,11,4,11.25,0,7.6,2.6,0.32,Dropout,7,0.5,0.6666666666666666,-0.75,1
STD_0593,1,15,1,14,1,14,1,22,1,10,5,0,0,0,1,0,1,20,0,2,6,9,6,12.125,0,2,6,7,6,13.571428571428571,0,11.1,0.6,2.02,Graduate,12,1.0,1.0,1.4464285714285712,0
STD_0848,1,8,1,9,1,1,1,13,14,10,10,0,0,0,1,0,0,19,0,0,5,11,3,10.666666666666666,0,0,5,9,4,10.25,0,11.1,0.6,2.02,Graduate,7,0.6,0.8,-0.4166666666666661,0
STD_2463,1,1,1,2,1,1,1,3,3,3,3,1,0,0,1,1,0,18,0,0,0,0,0,0.0,0,0,0,0,0,0.0,0,9.4,-0.8,-3.12,Dropout,0,0.0,0.0,0.0,1
STD_0504,1,4,2,6,1,3,1,3,3,2,2,0,0,0,0,0,0,28,0,0,5,9,1,12.0,1,0,4,10,0,0.0,4,10.8,1.4,1.74,Dropout,1,0.2,0.0,-12.0,1
STD_2838,2,12,2,9,1,1,1,22,27,10,9,0,0,0,1,0,0,50,0,0,5,12,3,13.333333333333334,1,0,5,8,5,12.2,0,9.4,-0.8,-3.12,Enrolled,8,0.6,1.0,-1.1333333333333346,0
STD_1782,1,1,5,5,1,1,1,1,14,4,4,1,0,0,1,1,1,21,0,0,6,6,6,13.5,0,0,6,6,6,11.166666666666666,0,11.1,0.6,2.02,Graduate,12,1.0,1.0,-2.333333333333334,0
STD_2317,1,12,1,7,1,12,1,1,1,5,4,0,0,1,0,1,0,31,0,0,5,9,2,13.333333333333334,0,0,5,9,2,16.0,4,16.2,0.3,-0.92,Dropout,4,0.4,0.4,2.666666666666666,1
STD_2583,1,1,1,9,1,1,1,23,27,10,6,0,0,0,1,0,0,18,0,0,5,5,5,14.4,0,0,5,5,5,15.4,0,7.6,2.6,0.32,Graduate,10,1.0,1.0,1.0,0
STD_0821,1,1,1,9,1,1,1,13,14,10,10,1,0,0,1,0,1,18,0,0,5,10,5,12.0,0,0,5,8,4,11.6,0,13.9,-0.3,0.79,Graduate,9,1.0,0.8,-0.40000000000000036,0
STD_1007,1,8,6,12,1,1,1,22,27,10,7,1,0,0,1,0,1,18,0,0,8,8,7,15.228571428571428,0,0,8,8,7,15.228571428571428,0,12.7,3.7,-1.7,Graduate,14,0.875,0.875,0.0,0
STD_0229,1,12,2,14,1,1,1,19,24,1,1,1,0,0,1,0,0,28,0,0,5,5,0,0.0,0,0,5,5,0,0.0,0,7.6,2.6,0.32,Dropout,0,0.0,0.0,0.0,1
STD_3378,1,1,1,16,1,1,1,23,28,4,8,0,0,0,1,0,1,20,0,0,7,7,7,12.142857142857142,0,0,7,7,7,12.857142857142858,0,11.1,0.6,2.02,Graduate,14,1.0,1.0,0.7142857142857153,0
STD_3756,1,9,4,12,1,1,1,3,1,4,5,1,0,0,1,0,0,18,0,0,7,8,7,13.6875,0,0,8,9,8,15.622222222222222,0,13.9,-0.3,0.79,Dropout,15,1.0,1.0,1.9347222222222218,1
STD_1893,1,1,1,8,1,1,1,2,16,5,4,1,0,0,1,0,0,18,0,0,5,8,4,13.5,2,0,5,9,0,0.0,3,10.8,1.4,1.74,Dropout,4,0.8,0.0,-13.5,1
STD_1555,1,12,1,3,0,1,1,22,27,10,10,0,0,0,1,0,1,30,0,0,7,7,6,14.666666666666666,1,0,6,7,6,14.333333333333334,0,10.8,1.4,1.74,Graduate,12,0.8571428571428571,1.0,-0.33333333333333215,0
STD_1894,1,1,1,2,1,1,1,2,3,5,9,1,0,0,1,0,0,18,0,0,0,0,0,0.0,0,0,0,0,0,0.0,0,12.4,0.5,1.79,Enrolled,0,0.0,0.0,0.0,0
STD_1050,1,1,1,12,1,1,1,23,28,6,6,0,0,0,1,0,0,18,0,0,7,7,7,15.014285714285714,0,0,8,8,8,16.0875,0,12.4,0.5,1.79,Graduate,15,1.0,1.0,1.0732142857142843,0
STD_2985,1,13,4,12,1,6,1,1,14,3,10,1,0,0,1,0,1,18,0,0,7,7,6,14.35,0,0,7,7,6,14.35,0,7.6,2.6,0.32,Graduate,12,0.8571428571428571,0.8571428571428571,0.0,0
STD_2920,5,12,1,4,1,12,1,13,1,10,10,0,0,1,0,0,0,27,0,0,6,6,0,0.0,0,0,6,7,0,0.0,0,8.9,1.4,3.51,Dropout,0,0.0,0.0,0.0,1
STD_0078,1,8,4,15,1,1,1,1,14,10,9,1,0,1,1,1,1,19,0,0,6,6,6,13.666666666666666,0,0,6,6,6,13.333333333333334,0,8.9,1.4,3.51,Graduate,12,1.0,1.0,-0.33333333333333215,0
STD_4008,1,12,1,4,1,1,1,1,27,5,8,0,0,0,1,1,0,31,0,0,6,15,3,14.4,0,0,6,20,0,0.0,0,16.2,0.3,-0.92,Dropout,3,0.5,0.0,-14.4,1
STD_2639,1,8,1,9,1,1,1,22,28,10,8,1,0,0,1,1,0,18,0,0,5,5,5,13.4,0,0,5,6,5,12.2,0,11.1,0.6,2.02,Graduate,10,1.0,1.0,-1.200000000000001,0
STD_3345,1,12,1,6,1,1,1,25,1,6,7,0,0,1,0,1,0,37,0,5,7,7,5,12.0,0,3,7,7,3,11.666666666666666,0,8.9,1.4,3.51,Dropout,8,0.7142857142857143,0.42857142857142855,-0.3333333333333339,1
STD_0197,1,9,6,12,1,1,1,22,27,6,6,1,0,0,1,0,0,18,0,0,8,8,8,12.93375,0,0,8,8,8,12.93375,0,9.4,-0.8,-3.12,Graduate,16,1.0,1.0,0.0,0
STD_2104,1,1,2,15,1,1,1,19,14,4,1,1,0,0,0,0,0,20,0,0,6,10,4,12.0,0,0,6,15,3,10.666666666666666,0,7.6,2.6,0.32,Dropout,7,0.6666666666666666,0.5,-1.333333333333334,1
STD_1290,1,1,1,12,1,1,1,13,14,10,8,1,0,0,1,1,0,22,0,0,7,8,6,14.333333333333334,0,0,8,9,7,13.771428571428572,0,11.1,0.6,2.02,Graduate,13,0.8571428571428571,0.875,-0.5619047619047617,0
STD_2265,1,1,1,16,1,1,1,22,27,10,5,1,0,0,1,1,0,42,0,0,6,9,5,12.4,0,0,6,10,5,11.8,0,7.6,2.6,0.32,Enrolled,10,0.8333333333333334,0.8333333333333334,-0.5999999999999996,0
STD_3454,1,1,6,12,1,1,1,22,28,10,10,1,0,0,1,0,1,19,0,0,8,8,7,12.657142857142857,0,0,8,8,7,12.657142857142857,0,12.7,3.7,-1.7,Graduate,14,0.875,0.875,0.0,0
STD_2294,1,1,1,15,1,1,1,13,27,10,10,0,0,0,1,1,0,19,0,0,6,8,6,12.833333333333334,0,0,6,8,6,13.333333333333334,0,15.5,2.8,-4.06,Graduate,12,1.0,1.0,0.5,0
STD_3322,1,1,6,9,1,1,1,23,27,8,8,0,1,0,1,1,0,21,0,0,5,0,0,0.0,0,0,5,0,0,0.0,0,10.8,1.4,1.74,Dropout,0,0.0,0.0,0.0,1
STD_0983,1,1,1,15,1,1,1,1,28,5,6,0,0,0,1,1,0,18,0,0,6,6,6,12.0,0,0,6,6,6,12.5,0,12.7,3.7,-1.7,Graduate,12,1.0,1.0,0.5,0
STD_0609,1,8,1,6,1,1,1,13,28,32,44,0,0,0,1,0,0,18,0,0,6,0,0,0.0,0,0,6,0,0,0.0,0,12.4,0.5,1.79,Dropout,0,0.0,0.0,0.0,1
STD_2088,1,8,1,8,1,1,1,3,2,4,7,1,0,0,1,0,0,18,0,0,6,8,6,15.0,0,0,6,8,5,15.166666666666666,0,13.9,-0.3,0.79,Dropout,11,1.0,0.8333333333333334,0.16666666666666607,1
STD_2909,1,14,1,6,1,1,1,22,27,12,12,0,0,0,1,0,0,21,0,2,9,14,8,13.555555555555555,0,2,7,10,7,13.571428571428571,0,7.6,2.6,0.32,Graduate,15,0.8888888888888888,1.0,0.015873015873015817,0
STD_1439,1,9,1,14,1,1,1,1,1,10,10,1,0,0,1,0,1,19,0,0,6,7,6,13.0,0,0,6,6,6,14.333333333333334,0,12.4,0.5,1.79,Graduate,12,1.0,1.0,1.333333333333334,0
STD_3568,1,1,6,7,1,1,1,13,14,8,4,1,0,0,1,1,1,20,0,0,5,6,5,14.0,0,0,5,7,5,13.8,0,8.9,1.4,3.51,Graduate,10,1.0,1.0,-0.1999999999999993,0
STD_2205,1,3,2,5,1,1,1,1,1,5,11,1,0,0,1,1,0,18,0,0,6,7,5,13.2,0,0,6,6,5,11.8,0,16.2,0.3,-0.92,Graduate,10,0.8333333333333334,0.8333333333333334,-1.3999999999999986,0
STD_1881,2,15,1,7,1,14,1,22,27,10,10,0,0,1,1,1,0,41,0,3,7,15,5,14.333333333333334,0,1,6,16,6,14.636363636363637,0,12.4,0.5,1.79,Enrolled,11,0.7142857142857143,1.0,0.30303030303030276,0
STD_2761,1,12,1,12,1,4,1,3,28,4,8,1,0,0,1,1,0,26,0,2,7,8,6,13.046666666666669,0,2,8,10,7,13.30625,0,11.1,0.6,2.02,Dropout,13,0.8571428571428571,0.875,0.2595833333333317,1
STD_3959,1,8,4,12,1,1,1,13,14,4,11,1,0,0,1,0,0,18,0,0,7,7,7,13.971428571428572,0,0,8,8,8,15.75,0,13.9,-0.3,0.79,Graduate,15,1.0,1.0,1.7785714285714285,0
STD_3851,1,14,1,17,0,1,1,22,14,10,10,0,0,0,0,1,0,47,0,0,5,5,0,0.0,0,0,5,5,0,0.0,0,12.7,3.7,-1.7,Dropout,0,0.0,0.0,0.0,1
STD_2383,1,4,1,7,1,15,1,1,1,5,5,0,0,0,1,1,0,27,0,4,6,6,6,13.166666666666666,0,2,5,7,5,15.142857142857142,0,11.1,0.6,2.02,Dropout,11,1.0,1.0,1.9761904761904763,1
STD_1991,1,8,1,3,0,1,1,22,14,6,6,0,0,0,1,0,0,18,0,0,6,8,5,12.2,0,0,6,10,5,12.8,0,10.8,1.4,1.74,Graduate,10,0.8333333333333334,0.8333333333333334,0.6000000000000014,0
STD_0904,1,1,2,12,1,1,1,22,1,10,5,1,0,0,1,0,1,18,0,0,7,7,6,12.95,0,0,7,7,6,12.95,0,7.6,2.6,0.32,Graduate,12,0.8571428571428571,0.8571428571428571,0.0,0
STD_0786,1,1,1,10,1,1,1,1,1,2,2,1,0,0,1,0,0,19,0,0,6,10,6,10.833333333333334,0,0,6,7,6,12.142857142857142,0,11.1,0.6,2.02,Graduate,12,1.0,1.0,1.3095238095238084,0
STD_3875,1,12,1,8,1,1,1,1,1,12,2,1,0,1,0,1,0,41,0,0,5,5,0,0.0,1,0,5,5,0,0.0,5,12.7,3.7,-1.7,Dropout,0,0.0,0.0,0.0,1
STD_1281,1,1,3,15,1,1,4,13,14,5,10,1,0,0,1,1,1,18,1,0,6,7,6,13.5,0,0,6,7,6,13.0,0,16.2,0.3,-0.92,Graduate,12,1.0,1.0,-0.5,0
STD_2440,1,14,1,14,1,6,1,19,24,1,1,0,0,0,1,1,0,35,0,1,5,5,1,14.0,0,0,5,5,0,0.0,0,9.4,-0.8,-3.12,Dropout,1,0.2,0.0,-14.0,1
STD_0448,1,1,2,12,1,1,1,1,14,8,8,1,0,0,1,0,0,18,0,0,7,8,7,12.92875,0,0,8,8,8,14.0625,0,15.5,2.8,-4.06,Dropout,15,1.0,1.0,1.1337499999999991,1
STD_2982,1,1,1,5,1,1,1,13,27,10,10,1,0,0,1,0,1,19,0,0,6,6,6,14.0,0,0,6,8,6,13.125,0,10.8,1.4,1.74,Graduate,12,1.0,1.0,-0.875,0
STD_2372,1,1,5,2,1,1,1,13,3,10,3,1,0,0,1,1,1,19,0,0,0,0,0,0.0,0,0,0,0,0,0.0,0,9.4,-0.8,-3.12,Graduate,0,0.0,0.0,0.0,0
STD_4107,1,8,4,15,1,1,1,1,28,6,8,1,0,0,1,0,0,20,0,0,6,9,4,13.25,0,0,6,11,5,11.8,0,12.4,0.5,1.79,Graduate,9,0.6666666666666666,0.8333333333333334,-1.4499999999999993,0
STD_3892,1,1,4,14,1,1,1,1,1,10,10,1,0,0,1,0,0,18,0,0,6,6,6,14.166666666666666,0,0,6,7,6,13.428571428571429,0,8.9,1.4,3.51,Enrolled,12,1.0,1.0,-0.7380952380952372,0
STD_0798,1,9,3,12,1,1,1,1,1,5,9,1,0,0,1,0,0,18,0,0,7,8,7,13.087142857142856,0,0,8,8,8,12.95,0,11.1,0.6,2.02,Graduate,15,1.0,1.0,-0.137142857142857,0
STD_3014,1,8,1,14,1,1,1,1,1,4,4,1,0,0,1,0,1,18,0,0,6,7,6,13.833333333333334,0,0,6,11,6,13.5,0,8.9,1.4,3.51,Graduate,12,1.0,1.0,-0.3333333333333339,0
STD_3675,1,1,1,5,1,1,1,1,1,4,6,1,0,0,1,0,1,20,0,0,6,6,6,12.666666666666666,0,0,6,8,6,13.0,0,10.8,1.4,1.74,Graduate,12,1.0,1.0,0.3333333333333339,0
STD_1305,1,1,2,15,1,1,1,1,14,8,8,1,0,0,1,0,1,19,0,0,6,7,6,14.714285714285714,0,0,6,6,6,15.0,0,13.9,-0.3,0.79,Graduate,12,1.0,1.0,0.2857142857142865,0
STD_0635,1,1,1,14,1,1,1,22,27,10,8,1,0,0,1,0,1,18,0,0,6,7,6,13.5,0,0,6,9,5,14.0,0,8.9,1.4,3.51,Graduate,11,1.0,0.8333333333333334,0.5,0
STD_0759,1,1,1,11,1,1,1,1,1,4,4,1,0,0,1,1,0,20,0,0,6,10,6,12.333333333333334,0,0,6,9,4,13.0,0,12.4,0.5,1.79,Graduate,10,1.0,0.6666666666666666,0.6666666666666661,0
STD_3884,1,1,1,10,1,1,1,22,27,10,10,1,0,0,1,0,1,18,0,0,6,7,5,10.2,0,0,6,9,4,11.25,0,12.4,0.5,1.79,Graduate,9,0.8333333333333334,0.6666666666666666,1.0500000000000007,0
STD_2763,1,12,1,3,0,12,1,22,27,6,6,1,0,0,1,0,1,26,0,0,6,10,3,12.333333333333334,0,0,6,14,3,11.666666666666666,0,7.6,2.6,0.32,Enrolled,6,0.5,0.5,-0.6666666666666679,0
STD_3731,1,14,1,12,1,1,1,1,28,8,8,0,1,0,1,1,0,23,0,0,7,10,6,12.733333333333334,0,0,8,10,7,11.95,0,16.2,0.3,-0.92,Graduate,13,0.8571428571428571,0.875,-0.783333333333335,0
STD_3193,1,1,2,9,1,1,1,1,28,5,6,0,0,0,1,1,0,21,0,0,5,10,3,11.25,0,0,5,9,3,11.0,0,15.5,2.8,-4.06,Enrolled,6,0.6,0.6,-0.25,0
STD_3606,1,1,3,15,1,1,1,3,1,3,5,1,0,0,1,1,0,20,0,0,6,6,5,12.8,0,0,6,11,3,12.75,0,15.5,2.8,-4.06,Graduate,8,0.8333333333333334,0.5,-0.05000000000000071,0
STD_0062,1,15,1,10,1,14,1,13,1,10,10,0,0,0,1,0,1,21,0,3,6,7,6,12.0,0,2,6,7,6,12.0,0,13.9,-0.3,0.79,Graduate,12,1.0,1.0,0.0,0
STD_3151,1,1,1,8,1,1,1,1,1,10,10,1,0,0,1,0,0,20,0,0,5,10,4,12.5,0,0,5,12,2,13.0,0,12.7,3.7,-1.7,Enrolled,6,0.8,0.4,0.5,0
STD_1756,1,1,1,7,1,1,1,1,1,4,4,0,0,0,0,1,1,18,0,0,5,5,5,14.2,0,0,5,5,5,14.2,0,8.9,1.4,3.51,Enrolled,10,1.0,1.0,0.0,0
STD_0878,1,12,2,13,1,1,1,13,14,5,6,0,0,0,1,1,1,25,0,0,7,7,2,10.0,0,0,7,7,0,0.0,0,15.5,2.8,-4.06,Dropout,2,0.2857142857142857,0.0,-10.0,1
STD_3041,1,1,3,15,1,1,1,1,14,10,10,1,0,0,1,0,1,20,0,0,6,6,6,13.0,0,0,6,7,6,13.142857142857142,0,12.4,0.5,1.79,Dropout,12,1.0,1.0,0.14285714285714235,1
STD_2113,1,1,2,13,1,1,1,13,14,10,10,1,0,0,1,0,0,18,0,0,7,9,7,15.155555555555557,0,0,8,8,8,16.8,0,12.7,3.7,-1.7,Graduate,15,1.0,1.0,1.644444444444444,0
STD_2653,1,1,1,14,1,1,1,3,14,5,6,0,0,0,1,1,1,19,0,0,6,7,6,13.142857142857142,0,0,6,8,6,14.166666666666666,0,15.5,2.8,-4.06,Graduate,12,1.0,1.0,1.0238095238095237,0
STD_0724,1,12,1,3,0,1,1,22,27,12,6,0,0,0,0,1,0,33,0,0,6,6,1,11.0,0,0,6,0,0,0.0,0,10.8,1.4,1.74,Dropout,1,0.16666666666666666,0.0,-11.0,1
STD_2024,1,1,1,5,1,1,1,1,10,6,9,1,0,0,1,1,0,19,0,0,6,6,6,11.5,0,0,6,8,6,12.285714285714286,0,8.9,1.4,3.51,Graduate,12,1.0,1.0,0.7857142857142865,0
STD_2027,1,1,1,2,1,1,1,3,2,4,4,1,0,0,1,1,0,21,0,0,0,0,0,0.0,0,0,0,0,0,0.0,0,9.4,-0.8,-3.12,Graduate,0,0.0,0.0,0.0,0
STD_3991,1,6,1,16,1,1,14,28,1,25,26,0,0,0,1,0,0,23,1,11,16,17,16,14.625,0,6,10,12,9,14.88888888888889,0,8.9,1.4,3.51,Graduate,25,1.0,0.9,0.2638888888888893,0
STD_0701,1,15,1,6,1,14,1,2,2,7,7,0,0,0,0,1,0,20,0,2,6,10,5,13.2,0,1,6,21,3,12.0,0,12.4,0.5,1.79,Enrolled,8,0.8333333333333334,0.5,-1.1999999999999993,0
STD_0136,1,1,1,14,1,1,1,1,28,4,10,0,0,1,0,0,1,19,0,0,6,7,5,12.0,0,0,6,9,4,12.5,0,12.4,0.5,1.79,Dropout,9,0.8333333333333334,0.6666666666666666,0.5,1
STD_3808,1,12,1,3,0,12,1,19,24,1,1,0,0,0,1,0,0,55,0,0,6,6,6,13.833333333333334,0,1,6,6,6,12.833333333333334,0,7.6,2.6,0.32,Graduate,12,1.0,1.0,-1.0,0
STD_3473,4,12,1,3,0,12,1,22,27,10,10,0,0,1,0,0,0,50,0,0,6,11,0,0.0,0,0,5,6,0,0.0,0,8.9,1.4,3.51,Dropout,0,0.0,0.0,0.0,1
STD_1613,1,8,2,12,1,1,1,13,14,6,6,1,0,0,1,0,0,18,0,0,7,11,6,11.983333333333334,0,0,8,12,8,12.28125,0,16.2,0.3,-0.92,Graduate,14,0.8571428571428571,1.0,0.2979166666666657,0
STD_3288,1,8,6,14,1,1,1,23,14,1,2,0,0,0,0,1,0,19,0,0,6,9,4,11.25,0,0,6,11,3,10.166666666666666,0,10.8,1.4,1.74,Dropout,7,0.6666666666666666,0.5,-1.083333333333334,1
STD_4335,1,1,1,11,1,1,1,23,14,10,11,0,0,0,1,0,0,18,0,0,6,6,6,12.5,0,0,6,6,6,12.666666666666666,0,15.5,2.8,-4.06,Graduate,12,1.0,1.0,0.16666666666666607,0
STD_0473,1,1,1,14,1,1,1,23,14,8,11,0,0,0,1,0,0,23,0,0,6,11,6,11.875,0,0,6,9,5,12.833333333333334,0,11.1,0.6,2.02,Dropout,11,1.0,0.8333333333333334,0.9583333333333339,1
STD_3292,1,12,1,4,1,1,1,22,27,10,8,1,0,0,0,1,0,35,0,0,6,17,1,13.0,0,0,6,8,0,0.0,0,15.5,2.8,-4.06,Dropout,1,0.16666666666666666,0.0,-13.0,1
STD_1310,1,1,3,12,1,1,1,23,28,10,10,1,0,0,1,0,0,19,0,0,8,8,7,11.98857142857143,0,0,8,8,7,11.98857142857143,0,10.8,1.4,1.74,Graduate,14,0.875,0.875,0.0,0
STD_3312,1,1,2,6,1,1,1,25,30,4,8,1,0,0,1,0,0,18,0,0,6,8,6,16.0,0,0,6,10,6,14.625,0,11.1,0.6,2.02,Dropout,12,1.0,1.0,-1.375,1
STD_0075,1,1,2,15,1,1,1,23,28,10,10,1,0,0,1,1,0,18,0,0,6,8,6,12.333333333333334,0,0,6,11,3,12.333333333333334,0,10.8,1.4,1.74,Graduate,9,1.0,0.5,0.0,0
STD_0150,1,1,1,12,1,1,1,1,14,10,10,0,0,0,1,0,1,20,0,0,7,8,6,13.863333333333337,0,0,8,9,7,14.178571428571429,0,11.1,0.6,2.02,Graduate,13,0.8571428571428571,0.875,0.315238095238092,0
STD_4260,1,1,1,15,1,1,1,22,14,10,11,1,0,0,1,0,0,19,0,0,6,12,3,13.0,0,0,6,13,2,14.0,0,9.4,-0.8,-3.12,Dropout,5,0.5,0.3333333333333333,1.0,1
STD_1753,1,8,2,5,1,1,1,24,29,4,4,1,0,0,1,1,0,20,0,0,6,7,5,11.8,0,0,6,9,4,12.0,0,15.5,2.8,-4.06,Enrolled,9,0.8333333333333334,0.6666666666666666,0.1999999999999993,0
STD_1619,1,1,2,15,1,1,21,13,1,10,10,1,0,0,1,0,1,19,1,0,6,8,6,13.166666666666666,0,0,6,6,6,13.0,0,11.1,0.6,2.02,Dropout,12,1.0,1.0,-0.16666666666666607,1
STD_1929,1,1,1,5,1,1,1,23,28,10,6,0,0,0,0,0,1,18,0,0,6,7,5,11.8,0,0,6,7,5,13.0,0,8.9,1.4,3.51,Enrolled,10,0.8333333333333334,0.8333333333333334,1.1999999999999993,0
STD_3760,1,8,1,17,0,1,1,23,27,7,8,0,0,0,1,0,0,20,0,0,5,0,0,0.0,0,0,5,0,0,0.0,0,11.1,0.6,2.02,Dropout,0,0.0,0.0,0.0,1
STD_4199,1,3,1,16,1,1,1,1,28,6,9,1,0,0,1,0,0,22,0,0,6,11,3,15.0,0,0,6,11,4,10.25,0,9.4,-0.8,-3.12,Enrolled,7,0.5,0.6666666666666666,-4.75,0
STD_3153,1,8,1,15,1,1,1,2,1,15,26,0,0,1,1,0,1,18,0,0,6,6,6,15.666666666666666,0,0,6,6,6,13.833333333333334,0,8.9,1.4,3.51,Graduate,12,1.0,1.0,-1.8333333333333321,0
STD_1815,1,9,1,5,1,1,1,1,27,5,8,1,0,0,1,1,0,20,0,0,6,6,0,0.0,0,0,6,6,0,0.0,0,9.4,-0.8,-3.12,Dropout,0,0.0,0.0,0.0,1
STD_0714,1,1,1,12,1,1,1,3,3,3,3,0,0,0,1,1,0,18,0,0,8,8,7,13.105714285714283,0,0,8,8,7,13.105714285714283,0,10.8,1.4,1.74,Graduate,14,0.875,0.875,0.0,0
STD_4166,1,1,6,12,1,1,1,13,14,10,10,0,0,0,1,0,0,18,0,0,7,7,7,13.557142857142855,0,0,8,9,8,13.2,0,12.4,0.5,1.79,Graduate,15,1.0,1.0,-0.3571428571428559,0
STD_4381,1,4,1,12,1,2,1,23,27,8,9,0,0,0,1,0,0,29,0,0,8,14,4,11.325,1,0,8,14,4,11.325,1,12.7,3.7,-1.7,Dropout,8,0.5,0.5,0.0,1
STD_0768,1,4,1,17,0,15,1,1,27,5,2,0,0,0,1,0,0,26,0,8,9,11,9,12.333333333333334,0,4,7,7,7,12.571428571428571,0,12.4,0.5,1.79,Graduate,16,1.0,1.0,0.23809523809523725,0
STD_1674,1,12,1,12,1,15,1,1,1,5,5,1,0,0,1,0,0,27,0,1,7,7,7,14.757142857142856,0,1,8,9,8,14.077777777777778,0,16.2,0.3,-0.92,Graduate,15,1.0,1.0,-0.6793650793650787,0
STD_3484,2,12,1,12,1,1,1,22,27,10,10,0,0,0,0,1,0,37,0,0,7,10,5,13.0,0,0,7,9,5,12.88,0,11.1,0.6,2.02,Dropout,10,0.7142857142857143,0.7142857142857143,-0.11999999999999922,1
STD_1074,1,1,1,6,1,1,1,3,3,2,12,0,0,0,1,0,0,18,0,0,5,6,4,13.75,0,0,5,8,5,14.857142857142858,0,7.6,2.6,0.32,Graduate,9,0.8,1.0,1.1071428571428577,0
STD_3358,1,14,1,4,1,1,1,3,3,2,3,0,0,0,1,1,0,22,0,0,6,12,0,0.0,0,0,6,10,0,0.0,0,16.2,0.3,-0.92,Dropout,0,0.0,0.0,0.0,1
STD_3784,1,1,2,12,1,1,1,1,14,5,5,1,0,0,1,0,1,19,0,0,7,9,5,13.34,0,0,7,9,6,12.385714285714286,0,12.4,0.5,1.79,Enrolled,11,0.7142857142857143,0.8571428571428571,-0.9542857142857137,0
STD_0741,1,1,1,5,1,1,1,13,14,10,8,1,0,0,1,1,0,18,0,0,6,0,0,0.0,0,0,6,0,0,0.0,0,12.4,0.5,1.79,Dropout,0,0.0,0.0,0.0,1
STD_1446,1,1,2,11,1,1,1,4,14,5,4,1,0,0,0,1,0,18,0,0,5,6,0,0.0,0,0,5,5,0,0.0,0,12.7,3.7,-1.7,Dropout,0,0.0,0.0,0.0,1
STD_2786,1,1,1,3,0,1,1,22,27,10,8,0,0,0,1,0,0,29,0,8,11,14,11,12.75,0,3,7,7,7,13.428571428571429,0,9.4,-0.8,-3.12,Graduate,18,1.0,1.0,0.6785714285714288,0
STD_3449,1,1,1,15,1,1,1,13,27,10,7,1,0,0,1,0,1,19,0,0,6,6,6,13.0,0,0,6,7,6,13.0,0,10.8,1.4,1.74,Graduate,12,1.0,1.0,0.0,0
STD_1259,1,1,4,12,1,1,1,1,27,5,8,1,0,0,1,0,1,19,0,0,8,8,7,13.6,0,0,8,8,7,13.6,0,12.7,3.7,-1.7,Graduate,14,0.875,0.875,0.0,0
STD_1557,1,1,1,7,1,1,1,22,14,10,6,1,0,0,1,1,0,20,0,0,5,5,0,0.0,0,0,5,0,0,0.0,0,9.4,-0.8,-3.12,Dropout,0,0.0,0.0,0.0,1
STD_3155,1,1,5,12,1,1,1,1,1,4,9,1,0,0,1,0,0,18,0,0,7,9,6,12.183333333333332,0,0,7,9,6,11.783333333333331,0,16.2,0.3,-0.92,Enrolled,12,0.8571428571428571,0.8571428571428571,-0.40000000000000036,0
STD_2927,1,15,1,3,0,14,1,1,3,5,7,0,0,1,1,0,0,20,0,3,6,6,6,13.833333333333334,0,2,6,7,6,14.571428571428571,0,12.4,0.5,1.79,Graduate,12,1.0,1.0,0.7380952380952372,0
STD_0102,1,1,4,2,1,1,1,1,1,10,11,1,0,0,1,0,0,20,0,0,0,0,0,0.0,0,0,0,0,0,0.0,0,16.2,0.3,-0.92,Graduate,0,0.0,0.0,0.0,0
STD_0160,1,12,1,3,0,1,1,1,14,7,9,0,0,0,1,0,1,24,0,0,6,11,5,11.0,0,0,6,9,5,12.6,0,11.1,0.6,2.02,Graduate,10,0.8333333333333334,0.8333333333333334,1.5999999999999996,0
STD_2329,1,1,1,2,1,1,1,23,14,10,3,1,0,0,1,1,1,18,0,0,0,0,0,0.0,0,0,0,0,0,0.0,0,12.7,3.7,-1.7,Graduate,0,0.0,0.0,0.0,0
STD_2111,1,15,3,6,1,14,1,1,14,5,2,1,0,0,1,0,0,19,0,0,5,10,1,13.0,1,0,5,8,3,15.333333333333334,0,12.7,3.7,-1.7,Enrolled,4,0.2,0.6,2.333333333333334,0
STD_2190,1,8,4,15,1,1,1,1,1,6,6,0,0,1,1,1,0,20,0,0,6,7,5,12.2,0,0,6,6,6,12.333333333333334,0,12.7,3.7,-1.7,Dropout,11,0.8333333333333334,1.0,0.13333333333333464,1
STD_3916,1,1,1,9,1,1,1,22,27,10,7,1,0,0,1,0,0,18,0,0,5,6,5,13.0,0,0,5,5,5,14.0,0,7.6,2.6,0.32,Graduate,10,1.0,1.0,1.0,0
STD_0422,1,13,1,17,0,1,1,1,2,5,4,0,0,0,1,0,0,30,0,4,7,9,7,14.142857142857142,0,1,5,5,5,14.8,0,7.6,2.6,0.32,Graduate,12,1.0,1.0,0.6571428571428584,0
STD_1539,1,9,5,16,1,1,1,23,14,8,8,1,0,1,0,0,0,20,0,0,6,14,2,12.0,0,0,6,14,3,11.666666666666666,0,10.8,1.4,1.74,Dropout,5,0.3333333333333333,0.5,-0.3333333333333339,1
STD_2046,1,1,2,12,1,1,1,13,1,10,2,0,0,0,1,0,0,20,0,0,7,9,6,12.783333333333331,0,0,8,9,7,12.842857142857143,0,13.9,-0.3,0.79,Graduate,13,0.8571428571428571,0.875,0.05952380952381198,0
STD_2888,1,1,1,16,1,1,1,13,27,10,10,0,0,0,1,0,1,18,0,0,6,8,6,13.142857142857142,0,0,6,6,6,12.833333333333334,0,15.5,2.8,-4.06,Graduate,12,1.0,1.0,-0.3095238095238084,0
STD_3952,1,4,1,9,1,3,1,6,19,2,8,0,0,0,1,0,0,26,0,0,5,5,0,0.0,0,0,5,0,0,0.0,0,9.4,-0.8,-3.12,Dropout,0,0.0,0.0,0.0,1
STD_0933,2,4,1,14,1,3,1,22,27,8,8,0,0,0,1,0,0,32,0,4,11,15,8,13.6,0,2,8,10,8,15.11111111111111,0,13.9,-0.3,0.79,Graduate,16,0.7272727272727273,1.0,1.511111111111111,0
STD_2412,2,12,1,3,0,1,1,19,24,12,12,0,0,0,0,0,0,51,0,0,6,13,4,11.25,0,0,6,12,0,0.0,1,10.8,1.4,1.74,Dropout,4,0.6666666666666666,0.0,-11.25,1
STD_1461,1,12,1,14,1,1,1,23,27,8,8,0,0,0,1,1,0,24,0,0,6,15,4,10.5,0,0,6,16,4,12.5,0,15.5,2.8,-4.06,Dropout,8,0.6666666666666666,0.6666666666666666,2.0,1
STD_2756,1,4,1,10,1,15,1,22,27,6,6,0,0,0,1,1,0,37,0,11,16,23,15,11.733333333333333,0,6,11,17,9,11.88888888888889,0,15.5,2.8,-4.06,Graduate,24,0.9375,0.8181818181818182,0.15555555555555678,0
STD_4348,1,8,5,9,1,1,1,1,1,5,5,1,0,0,1,0,0,19,0,0,5,9,2,11.0,0,0,5,12,2,10.0,0,7.6,2.6,0.32,Dropout,4,0.4,0.4,-1.0,1
STD_0816,1,16,1,9,1,1,1,1,1,5,5,0,0,0,1,0,0,21,0,0,5,9,5,12.8,0,0,5,11,3,12.666666666666666,0,11.1,0.6,2.02,Enrolled,8,1.0,0.6,-0.13333333333333464,0
STD_1981,1,1,1,9,1,1,1,13,14,10,10,1,0,0,1,0,1,18,0,0,5,8,4,10.75,0,0,5,5,5,13.0,0,12.4,0.5,1.79,Graduate,9,0.8,1.0,2.25,0
STD_0144,1,1,3,10,1,1,1,1,10,10,11,1,0,0,1,0,1,19,0,0,6,7,6,11.333333333333334,0,0,6,6,6,11.5,0,12.4,0.5,1.79,Graduate,12,1.0,1.0,0.16666666666666607,0
STD_2708,1,1,1,9,1,1,1,1,3,10,6,0,0,0,1,1,0,20,0,0,5,5,0,0.0,0,0,5,5,0,0.0,0,12.7,3.7,-1.7,Dropout,0,0.0,0.0,0.0,1
STD_0877,1,8,1,5,1,1,1,23,14,10,10,0,0,0,1,1,1,21,0,0,6,8,4,11.5,0,0,6,7,5,11.0,0,15.5,2.8,-4.06,Dropout,9,0.6666666666666666,0.8333333333333334,-0.5,1
STD_0864,1,12,1,14,1,1,1,23,14,10,9,0,0,1,0,1,0,25,0,0,6,7,3,14.0,0,0,6,9,2,14.5,0,13.9,-0.3,0.79,Dropout,5,0.5,0.3333333333333333,0.5,1
STD_2570,1,1,2,15,1,1,1,13,1,4,10,1,0,0,1,0,1,18,0,0,6,6,6,13.666666666666666,0,0,6,6,6,14.666666666666666,0,16.2,0.3,-0.92,Graduate,12,1.0,1.0,1.0,0
STD_1131,1,1,3,12,1,1,1,13,27,8,8,1,0,0,1,0,1,18,0,0,8,8,8,13.05875,0,0,8,8,8,13.05875,0,9.4,-0.8,-3.12,Graduate,16,1.0,1.0,0.0,0
STD_2770,1,1,1,12,1,1,1,1,14,10,9,1,0,0,1,0,1,18,0,0,7,9,0,0.0,0,0,7,8,1,10.0,0,15.5,2.8,-4.06,Dropout,1,0.0,0.14285714285714285,10.0,1
STD_2081,1,1,1,12,1,1,1,23,27,10,10,0,0,0,1,0,1,19,0,0,8,12,7,12.471428571428572,0,0,8,12,7,12.471428571428572,0,12.7,3.7,-1.7,Graduate,14,0.875,0.875,0.0,0
STD_1155,1,1,3,12,1,1,1,1,27,8,8,1,0,0,1,0,0,19,0,0,8,11,7,13.258571428571427,0,0,8,11,7,13.258571428571427,0,10.8,1.4,1.74,Graduate,14,0.875,0.875,0.0,0
STD_2932,1,1,1,8,1,1,1,6,6,1,5,1,0,1,1,0,0,29,0,0,5,10,1,13.0,4,0,5,14,0,0.0,8,10.8,1.4,1.74,Dropout,1,0.2,0.0,-13.0,1
STD_0419,1,1,4,12,1,1,1,22,27,10,10,1,0,0,1,0,1,18,0,0,7,7,6,11.6,0,0,7,7,6,11.6,0,7.6,2.6,0.32,Graduate,12,0.8571428571428571,0.8571428571428571,0.0,0
STD_2615,1,1,4,7,1,1,1,3,14,3,10,1,0,0,1,1,0,18,0,0,5,6,5,12.4,0,0,5,9,3,13.0,0,8.9,1.4,3.51,Dropout,8,1.0,0.6,0.5999999999999996,1
STD_3953,1,1,6,12,1,1,1,1,14,10,5,1,0,0,1,0,1,19,0,0,8,8,7,14.214285714285714,0,0,8,8,7,14.214285714285714,0,12.7,3.7,-1.7,Graduate,14,0.875,0.875,0.0,0
STD_2071,1,1,1,14,1,1,1,1,27,2,11,1,0,0,1,0,0,19,0,0,6,7,6,12.833333333333334,0,0,6,10,6,11.77777777777778,0,8.9,1.4,3.51,Graduate,12,1.0,1.0,-1.0555555555555536,0
STD_1146,1,1,2,3,0,1,1,13,9,1,1,1,0,0,1,0,0,22,0,0,6,7,5,13.4,0,0,6,9,5,12.2,0,7.6,2.6,0.32,Graduate,10,0.8333333333333334,0.8333333333333334,-1.200000000000001,0
STD_1938,2,1,1,12,1,1,1,13,28,5,6,0,0,0,1,0,0,18,0,0,7,7,6,13.683333333333332,0,0,7,7,6,13.683333333333332,0,7.6,2.6,0.32,Graduate,12,0.8571428571428571,0.8571428571428571,0.0,0
STD_1195,2,12,1,4,1,1,1,23,27,10,10,0,0,0,1,0,0,29,0,13,18,20,18,15.444444444444445,0,11,13,13,13,15.307692307692308,0,15.5,2.8,-4.06,Graduate,31,1.0,1.0,-0.13675213675213627,0
STD_3069,1,12,1,13,1,1,1,22,27,10,9,1,0,0,1,0,1,36,0,0,7,11,6,12.35,0,0,7,12,5,12.5,0,8.9,1.4,3.51,Graduate,11,0.8571428571428571,0.7142857142857143,0.15000000000000036,0
STD_3030,1,8,6,9,1,1,1,22,27,10,10,1,0,0,1,0,0,19,0,0,5,7,4,12.5,0,0,5,8,4,10.0,1,7.6,2.6,0.32,Graduate,8,0.8,0.8,-2.5,0
STD_1372,1,1,1,12,1,1,1,1,1,10,10,0,0,0,1,1,0,20,0,0,8,8,7,15.028571428571428,0,0,8,8,7,15.028571428571428,0,12.7,3.7,-1.7,Graduate,14,0.875,0.875,0.0,0
STD_1191,1,4,2,8,1,3,1,19,24,1,1,0,0,0,1,0,0,25,0,0,5,9,0,0.0,4,0,5,9,0,0.0,3,10.8,1.4,1.74,Dropout,0,0.0,0.0,0.0,1
STD_2315,1,1,1,10,1,1,1,1,1,4,5,0,0,0,1,1,0,19,0,0,6,7,6,12.166666666666666,0,0,6,6,6,12.166666666666666,0,12.4,0.5,1.79,Graduate,12,1.0,1.0,0.0,0
STD_0039,4,12,1,17,0,1,1,13,14,10,4,1,0,0,1,0,0,39,0,0,5,8,5,11.0,0,0,5,5,5,11.6,0,7.6,2.6,0.32,Graduate,10,1.0,1.0,0.5999999999999996,0
STD_2641,2,12,1,7,1,12,1,22,27,10,10,0,0,0,1,1,0,36,0,0,5,0,0,0.0,0,0,5,0,0,0.0,0,16.2,0.3,-0.92,Dropout,0,0.0,0.0,0.0,1
STD_4406,1,1,4,12,1,1,1,22,27,8,8,1,0,0,1,1,1,18,0,0,8,8,7,14.314285714285717,0,0,8,8,7,14.314285714285717,0,12.7,3.7,-1.7,Graduate,14,0.875,0.875,0.0,0
STD_0291,1,8,4,6,1,1,1,13,14,5,11,1,0,0,1,0,0,19,0,0,6,14,6,15.666666666666666,0,0,6,9,6,14.5,0,15.5,2.8,-4.06,Graduate,12,1.0,1.0,-1.166666666666666,0
STD_0992,1,1,1,8,1,1,1,3,3,3,3,1,0,0,1,0,0,18,0,0,6,8,6,12.0,0,0,6,8,5,14.8,0,12.4,0.5,1.79,Graduate,11,1.0,0.8333333333333334,2.8000000000000007,0
STD_3279,1,14,3,9,1,1,8,3,27,4,4,1,0,0,1,0,0,22,1,0,5,8,1,10.0,0,0,5,8,2,13.0,0,7.6,2.6,0.32,Dropout,3,0.2,0.4,3.0,1
STD_2286,2,13,1,9,1,1,1,22,27,10,10,0,0,0,0,1,0,49,0,0,5,5,0,0.0,0,0,5,9,0,0.0,0,10.8,1.4,1.74,Dropout,0,0.0,0.0,0.0,1
STD_1164,4,12,1,3,0,1,1,22,27,4,5,0,0,0,1,0,1,35,0,0,6,9,6,11.333333333333334,0,0,6,6,6,11.333333333333334,0,15.5,2.8,-4.06,Graduate,12,1.0,1.0,0.0,0
STD_0415,1,1,1,10,1,1,1,1,28,10,8,1,0,0,1,0,1,20,0,0,6,9,6,12.333333333333334,0,0,6,6,6,11.833333333333334,0,8.9,1.4,3.51,Graduate,12,1.0,1.0,-0.5,0
STD_0238,1,8,2,10,1,1,1,22,27,4,10,0,1,0,1,0,1,18,0,0,6,9,6,11.333333333333334,0,0,6,9,6,11.571428571428571,0,15.5,2.8,-4.06,Graduate,12,1.0,1.0,0.23809523809523725,0
STD_3715,1,12,1,14,1,9,1,22,1,10,4,0,0,1,0,1,0,40,0,0,6,13,0,0.0,0,0,6,6,0,0.0,0,15.5,2.8,-4.06,Dropout,0,0.0,0.0,0.0,1
STD_1021,1,1,2,12,1,1,1,1,28,5,8,1,0,0,1,0,1,20,0,0,8,8,8,12.98125,0,0,8,8,8,12.98125,0,9.4,-0.8,-3.12,Graduate,16,1.0,1.0,0.0,0
STD_3411,1,3,1,14,1,1,1,1,10,5,5,1,0,0,1,0,0,19,0,0,6,7,6,13.428571428571429,0,0,6,6,4,14.0,0,12.4,0.5,1.79,Enrolled,10,1.0,0.6666666666666666,0.5714285714285712,0
STD_4171,1,9,5,16,1,1,1,13,27,8,8,1,0,0,1,0,0,20,0,0,6,10,4,12.75,0,0,6,14,3,11.333333333333334,0,10.8,1.4,1.74,Enrolled,7,0.6666666666666666,0.5,-1.416666666666666,0
STD_2728,1,8,2,12,1,1,1,23,14,6,8,1,0,0,1,0,1,18,0,0,8,8,7,14.312857142857142,0,0,8,8,7,14.312857142857142,0,10.8,1.4,1.74,Graduate,14,0.875,0.875,0.0,0
STD_4331,1,1,4,10,1,1,1,1,27,9,10,1,0,0,1,0,0,19,0,0,6,0,0,0.0,0,0,6,0,0,0.0,0,12.7,3.7,-1.7,Dropout,0,0.0,0.0,0.0,1
STD_0122,1,1,2,9,1,1,1,13,14,10,8,1,0,0,1,0,0,19,0,0,5,8,5,10.8,0,0,5,9,4,11.25,2,16.2,0.3,-0.92,Graduate,9,1.0,0.8,0.4499999999999993,0
STD_1687,1,8,3,6,1,1,1,23,1,10,10,1,0,0,1,1,0,21,0,0,5,11,0,0.0,0,0,5,10,5,12.285714285714286,1,10.8,1.4,1.74,Graduate,5,0.0,1.0,12.285714285714286,0
STD_1354,1,8,2,16,1,1,1,23,14,5,10,1,0,0,1,0,0,19,0,0,6,0,0,0.0,0,0,6,0,0,0.0,0,10.8,1.4,1.74,Dropout,0,0.0,0.0,0.0,1
STD_1031,1,1,2,9,1,1,1,1,14,5,4,1,0,0,1,0,1,18,0,0,5,13,3,10.6,0,0,5,12,3,10.5,0,13.9,-0.3,0.79,Graduate,6,0.6,0.6,-0.09999999999999964,0
STD_3554,1,15,1,7,1,14,1,13,27,10,10,1,0,1,1,1,0,20,0,0,5,6,5,16.5,0,0,5,7,5,17.714285714285715,0,12.4,0.5,1.79,Dropout,10,1.0,1.0,1.2142857142857153,1
STD_4073,2,12,1,10,1,12,1,1,2,5,7,0,0,0,1,0,0,31,0,0,6,6,6,13.166666666666666,0,0,6,8,6,13.0,0,9.4,-0.8,-3.12,Enrolled,12,1.0,1.0,-0.16666666666666607,0
STD_3994,1,1,3,15,1,1,9,22,27,10,10,0,0,1,0,0,1,20,1,0,6,6,6,12.5,0,0,6,7,5,11.8,0,10.8,1.4,1.74,Graduate,11,1.0,0.8333333333333334,-0.6999999999999993,0
STD_1320,1,8,2,16,1,1,1,1,28,5,9,1,0,0,1,0,0,19,0,0,6,10,5,12.6,0,0,6,7,5,11.2,0,10.8,1.4,1.74,Graduate,10,0.8333333333333334,0.8333333333333334,-1.4000000000000004,0
STD_3919,1,1,1,14,1,1,1,22,27,11,7,1,0,0,1,0,0,20,0,0,5,6,3,13.0,0,0,5,7,3,13.0,1,7.6,2.6,0.32,Enrolled,6,0.6,0.6,0.0,0
STD_3268,2,12,1,17,0,14,1,23,14,10,6,0,0,0,1,0,1,35,0,0,5,9,3,11.666666666666666,0,0,5,7,5,11.8,0,12.7,3.7,-1.7,Enrolled,8,0.6,1.0,0.13333333333333464,0
STD_0672,1,13,1,3,0,1,1,22,28,12,8,1,0,0,1,0,0,30,0,9,11,19,9,13.444444444444445,1,5,7,7,7,14.714285714285714,0,7.6,2.6,0.32,Dropout,16,0.8181818181818182,1.0,1.2698412698412689,1
STD_1695,1,12,1,7,1,3,1,3,3,4,11,0,0,0,1,1,0,31,0,0,5,0,0,0.0,0,0,5,0,0,0.0,0,10.8,1.4,1.74,Dropout,0,0.0,0.0,0.0,1
STD_4248,2,12,2,3,0,12,1,22,27,5,8,0,0,1,1,0,0,37,0,0,6,9,6,11.833333333333334,0,0,6,7,6,11.0,0,7.6,2.6,0.32,Graduate,12,1.0,1.0,-0.8333333333333339,0
STD_0006,2,12,1,17,0,12,1,22,27,10,8,0,0,1,1,1,0,50,0,0,5,10,5,11.857142857142858,0,0,5,17,5,11.5,5,16.2,0.3,-0.92,Graduate,10,1.0,1.0,-0.35714285714285765,0
STD_1682,1,1,1,15,1,1,1,1,14,5,5,0,0,0,1,1,0,19,0,0,6,11,4,12.25,0,0,6,10,3,12.666666666666666,0,7.6,2.6,0.32,Enrolled,7,0.6666666666666666,0.5,0.4166666666666661,0
STD_3380,1,1,4,12,1,1,1,13,14,10,4,1,0,0,1,0,0,18,0,0,7,7,6,13.9,0,0,7,7,6,13.9,0,7.6,2.6,0.32,Graduate,12,0.8571428571428571,0.8571428571428571,0.0,0
STD_0077,1,9,4,11,1,1,1,13,27,8,8,1,0,0,1,1,1,21,0,0,6,8,4,10.5,0,0,6,11,1,11.0,0,9.4,-0.8,-3.12,Dropout,5,0.6666666666666666,0.16666666666666666,0.5,1
STD_3062,1,8,2,11,1,1,1,10,27,10,10,1,0,0,1,0,0,18,0,0,6,15,2,10.0,0,0,6,12,0,0.0,0,10.8,1.4,1.74,Dropout,2,0.3333333333333333,0.0,-10.0,1
STD_2168,1,1,6,9,1,1,1,23,28,10,10,1,0,0,1,0,0,20,0,0,5,8,4,12.0,0,0,5,8,5,11.2,0,11.1,0.6,2.02,Graduate,9,0.8,1.0,-0.8000000000000007,0
STD_1117,1,1,1,5,1,1,1,3,28,2,10,1,0,0,0,0,0,19,0,0,5,5,0,0.0,0,0,6,0,0,0.0,0,10.8,1.4,1.74,Dropout,0,0.0,0.0,0.0,1
STD_2309,1,1,1,12,1,1,1,13,1,12,12,0,0,0,1,1,0,18,0,0,8,8,0,0.0,3,0,8,8,0,0.0,3,10.8,1.4,1.74,Dropout,0,0.0,0.0,0.0,1
STD_3934,1,1,1,9,1,1,1,13,14,10,10,0,0,1,1,0,0,19,0,0,5,13,1,10.0,0,0,5,8,2,10.0,0,12.4,0.5,1.79,Enrolled,3,0.2,0.4,0.0,0
STD_2843,2,12,1,5,1,1,1,3,1,3,6,0,0,0,1,0,1,30,0,1,6,8,6,13.0,1,0,6,9,5,12.857142857142858,0,13.9,-0.3,0.79,Graduate,11,1.0,0.8333333333333334,-0.14285714285714235,0
STD_3585,1,12,1,3,0,1,1,3,14,5,8,0,0,0,1,1,0,39,0,3,9,10,9,13.22222222222222,0,2,7,8,7,13.142857142857142,0,8.9,1.4,3.51,Graduate,16,1.0,1.0,-0.0793650793650773,0
STD_0462,1,16,1,5,1,1,1,13,14,6,8,0,0,0,1,0,1,20,0,5,11,11,11,13.818181818181818,0,5,11,11,11,13.454545454545457,0,11.1,0.6,2.02,Graduate,22,1.0,1.0,-0.36363636363636154,0
STD_0862,1,12,2,9,1,9,1,13,28,10,10,1,0,1,0,1,0,28,0,0,5,5,0,0.0,0,0,5,5,0,0.0,0,9.4,-0.8,-3.12,Dropout,0,0.0,0.0,0.0,1
STD_3849,1,12,1,4,1,1,1,22,27,7,7,0,0,1,0,1,0,28,0,4,10,19,8,11.88888888888889,0,2,8,17,5,11.6,1,15.5,2.8,-4.06,Dropout,13,0.8,0.625,-0.28888888888888964,1
STD_2930,1,1,3,12,1,1,1,1,1,5,5,1,0,0,1,0,0,19,0,0,8,10,1,13.67,7,0,8,10,1,13.67,7,9.4,-0.8,-3.12,Enrolled,2,0.125,0.125,0.0,0
STD_4092,1,14,1,17,0,1,1,22,28,10,9,0,0,1,0,0,0,29,0,0,5,15,2,13.25,0,0,5,12,3,12.6,3,16.2,0.3,-0.92,Dropout,5,0.4,0.6,-0.6500000000000004,1
STD_2832,1,8,3,9,1,1,1,1,1,5,8,1,0,0,1,0,0,18,0,0,5,5,5,12.6,0,0,5,5,4,11.0,0,11.1,0.6,2.02,Enrolled,9,1.0,0.8,-1.5999999999999996,0
STD_0657,1,1,1,10,1,1,1,22,14,6,11,0,0,1,1,0,0,18,0,0,6,10,5,10.6,0,0,6,14,2,10.0,0,7.6,2.6,0.32,Enrolled,7,0.8333333333333334,0.3333333333333333,-0.5999999999999996,0
STD_2283,1,1,1,11,1,1,1,23,1,10,10,0,0,1,0,1,0,21,0,0,6,9,5,11.833333333333334,0,0,6,8,5,10.0,0,8.9,1.4,3.51,Dropout,10,0.8333333333333334,0.8333333333333334,-1.833333333333334,1
STD_1773,1,1,2,15,1,1,1,1,1,10,10,1,0,0,1,0,1,19,0,0,6,7,6,13.5,0,0,6,7,6,14.428571428571429,0,16.2,0.3,-0.92,Graduate,12,1.0,1.0,0.9285714285714288,0
STD_0175,1,8,2,11,1,1,1,22,27,10,9,1,0,1,0,0,0,20,0,0,6,8,4,11.75,0,0,6,6,6,13.166666666666666,0,11.1,0.6,2.02,Dropout,10,0.6666666666666666,1.0,1.416666666666666,1
STD_0499,1,8,1,5,1,1,1,13,28,10,8,0,0,0,1,0,0,18,0,0,6,7,5,11.8,0,0,6,6,6,12.666666666666666,0,16.2,0.3,-0.92,Graduate,11,0.8333333333333334,1.0,0.8666666666666654,0
STD_0400,1,8,1,9,1,1,1,23,27,7,5,1,0,0,1,0,0,19,0,0,5,10,3,10.666666666666666,0,0,5,9,0,0.0,3,16.2,0.3,-0.92,Dropout,3,0.6,0.0,-10.666666666666666,1
STD_0133,1,1,4,9,1,1,1,1,14,5,9,1,0,0,1,0,0,19,0,0,5,7,5,12.4,0,0,5,5,5,14.6,0,8.9,1.4,3.51,Graduate,10,1.0,1.0,2.1999999999999993,0
STD_1481,1,17,1,6,1,16,1,1,1,10,5,1,0,0,1,1,1,22,0,1,7,11,5,12.166666666666666,0,4,8,14,5,14.8,0,8.9,1.4,3.51,Dropout,10,0.7142857142857143,0.625,2.6333333333333346,1
STD_2882,1,14,1,10,1,1,1,13,14,6,6,1,0,0,1,0,0,22,0,5,10,15,8,11.0,0,2,7,16,5,11.2,0,9.4,-0.8,-3.12,Enrolled,13,0.8,0.7142857142857143,0.1999999999999993,0
STD_3064,1,12,1,15,1,12,1,13,14,26,35,0,0,1,0,0,1,24,0,0,6,6,6,13.5,0,0,6,6,6,13.0,0,11.1,0.6,2.02,Graduate,12,1.0,1.0,-0.5,0
STD_0119,1,1,2,6,1,1,1,22,28,10,8,0,0,0,1,0,0,18,0,0,5,12,5,13.142857142857142,2,0,5,6,5,11.4,0,9.4,-0.8,-3.12,Graduate,10,1.0,1.0,-1.742857142857142,0
STD_3344,1,1,1,7,1,1,1,22,27,10,7,0,0,0,1,1,0,19,0,0,5,7,1,13.0,0,0,5,7,2,10.0,0,9.4,-0.8,-3.12,Enrolled,3,0.2,0.4,-3.0,0
STD_3492,2,14,3,17,0,1,1,22,27,10,10,1,0,0,1,1,0,32,0,0,5,5,0,0.0,0,0,5,5,0,0.0,0,7.6,2.6,0.32,Dropout,0,0.0,0.0,0.0,1
STD_0065,1,14,1,5,1,1,1,1,1,4,4,0,0,0,1,1,0,24,0,0,6,6,0,0.0,0,0,6,6,0,0.0,0,12.7,3.7,-1.7,Enrolled,0,0.0,0.0,0.0,0
STD_0991,1,8,1,12,1,1,1,1,3,10,3,1,0,0,1,0,0,18,0,0,7,7,7,14.728571428571428,0,0,8,11,8,16.327272727272728,0,16.2,0.3,-0.92,Graduate,15,1.0,1.0,1.5987012987013003,0
STD_3191,1,12,1,4,1,1,1,13,14,10,6,0,0,0,0,1,0,29,0,0,6,9,0,0.0,0,0,6,6,0,0.0,0,13.9,-0.3,0.79,Dropout,0,0.0,0.0,0.0,1
STD_0774,1,1,2,10,1,1,1,23,1,5,11,1,0,0,1,0,0,18,0,0,6,7,6,12.333333333333334,0,0,6,7,6,12.166666666666666,0,9.4,-0.8,-3.12,Graduate,12,1.0,1.0,-0.16666666666666785,0
STD_2626,1,12,1,17,0,1,1,22,27,10,10,0,0,0,1,1,0,24,0,0,5,10,0,0.0,0,0,5,7,1,12.0,0,10.8,1.4,1.74,Dropout,1,0.0,0.2,12.0,1
STD_1911,1,1,2,14,1,1,1,3,14,5,6,1,0,0,1,0,0,18,0,0,6,8,5,13.0,0,0,6,8,5,14.0,0,13.9,-0.3,0.79,Graduate,10,0.8333333333333334,0.8333333333333334,1.0,0
STD_2399,1,8,2,15,1,1,1,3,14,3,4,1,0,0,1,1,0,19,0,0,6,7,6,14.428571428571429,0,0,6,7,6,14.571428571428571,0,13.9,-0.3,0.79,Graduate,12,1.0,1.0,0.14285714285714235,0
STD_1654,1,1,3,13,1,1,1,13,14,4,11,1,0,0,1,0,1,20,0,0,7,7,7,13.0,0,0,8,8,8,15.0625,0,12.4,0.5,1.79,Graduate,15,1.0,1.0,2.0625,0
STD_4173,1,14,2,9,1,1,1,13,27,6,10,1,0,0,1,0,0,18,0,0,5,10,1,14.0,0,0,5,10,1,14.0,0,7.6,2.6,0.32,Enrolled,2,0.2,0.2,0.0,0
STD_1987,2,13,1,12,1,2,1,22,27,10,10,0,0,0,1,0,1,32,0,0,8,8,8,14.6625,0,0,8,8,8,14.6625,0,9.4,-0.8,-3.12,Graduate,16,1.0,1.0,0.0,0
STD_1828,1,8,1,6,1,1,1,1,28,5,10,1,0,0,1,0,0,21,0,0,5,13,3,11.333333333333334,2,0,5,12,2,10.5,1,9.4,-0.8,-3.12,Enrolled,5,0.6,0.4,-0.8333333333333339,0
STD_2827,1,1,2,14,1,1,1,1,14,5,8,1,0,0,1,0,1,19,0,0,6,6,6,13.333333333333334,0,0,6,10,5,13.4,0,8.9,1.4,3.51,Graduate,11,1.0,0.8333333333333334,0.06666666666666643,0
STD_1456,1,1,2,9,1,1,1,1,27,5,10,1,0,0,1,1,1,19,0,0,5,5,0,0.0,0,0,5,5,0,0.0,0,11.1,0.6,2.02,Dropout,0,0.0,0.0,0.0,1
STD_0979,1,12,1,17,0,12,1,13,27,8,6,1,0,1,0,1,0,39,0,0,5,6,5,10.6,0,0,5,7,5,14.666666666666666,0,10.8,1.4,1.74,Dropout,10,1.0,1.0,4.066666666666666,1
STD_0505,1,1,2,12,1,1,1,22,1,8,8,1,0,0,1,0,1,18,0,0,8,12,7,11.721428571428572,0,0,8,12,7,11.721428571428572,0,12.7,3.7,-1.7,Graduate,14,0.875,0.875,0.0,0
STD_0918,2,12,1,3,0,7,1,22,27,9,11,1,0,0,1,0,0,37,0,0,6,0,0,0.0,0,0,6,0,0,0.0,0,9.4,-0.8,-3.12,Dropout,0,0.0,0.0,0.0,1
STD_1916,1,1,4,12,1,1,1,1,27,5,9,1,0,0,1,0,0,18,0,0,7,7,6,13.45,0,0,7,7,6,13.45,0,7.6,2.6,0.32,Graduate,12,0.8571428571428571,0.8571428571428571,0.0,0
STD_2112,1,8,1,4,1,1,1,13,1,10,3,1,0,0,1,0,1,19,0,0,6,7,6,15.0,0,0,6,8,6,14.333333333333334,0,12.4,0.5,1.79,Graduate,12,1.0,1.0,-0.6666666666666661,0
STD_1909,1,8,1,16,1,1,1,2,14,4,10,1,0,0,1,0,0,19,0,0,6,8,5,12.333333333333334,0,0,6,8,5,11.0,0,15.5,2.8,-4.06,Enrolled,10,0.8333333333333334,0.8333333333333334,-1.333333333333334,0
STD_3465,1,8,3,5,1,1,1,3,1,5,5,1,0,0,1,0,0,19,0,0,6,6,6,13.5,0,0,6,7,6,13.428571428571429,0,8.9,1.4,3.51,Graduate,12,1.0,1.0,-0.07142857142857117,0
STD_1749,1,12,1,4,1,1,1,1,1,10,5,0,0,1,0,1,0,27,0,0,6,0,0,0.0,0,0,6,0,0,0.0,0,13.9,-0.3,0.79,Dropout,0,0.0,0.0,0.0,1
STD_2551,1,14,1,3,0,1,9,22,27,10,10,1,0,0,1,0,0,25,1,8,16,16,15,13.333333333333334,0,11,13,13,11,12.272727272727272,0,13.9,-0.3,0.79,Graduate,26,0.9375,0.8461538461538461,-1.0606060606060623,0
STD_1553,1,4,1,9,1,15,1,22,27,10,10,0,0,0,1,0,0,52,0,11,15,26,14,10.466666666666669,0,9,12,16,12,10.923076923076923,0,13.9,-0.3,0.79,Graduate,26,0.9333333333333333,1.0,0.4564102564102548,0
STD_0990,1,8,2,6,1,1,1,13,28,10,2,1,0,1,0,1,0,19,0,0,6,10,5,12.5,0,0,6,19,2,13.5,0,12.4,0.5,1.79,Dropout,7,0.8333333333333334,0.3333333333333333,1.0,1
STD_3717,1,15,1,8,1,14,1,4,4,3,11,1,0,0,1,1,0,20,0,1,5,8,2,11.5,0,1,5,13,2,11.5,0,12.7,3.7,-1.7,Dropout,4,0.4,0.4,0.0,1
STD_1079,1,14,1,2,1,1,1,3,1,3,4,1,0,1,1,0,0,20,0,0,0,0,0,0.0,0,0,0,0,0,0.0,0,13.9,-0.3,0.79,Dropout,0,0.0,0.0,0.0,1
STD_2522,1,1,2,11,1,1,1,4,3,8,5,1,0,0,1,0,0,18,0,0,6,8,6,12.142857142857142,0,0,6,6,6,11.166666666666666,0,8.9,1.4,3.51,Graduate,12,1.0,1.0,-0.9761904761904763,0
STD_1053,1,8,3,12,1,1,1,3,3,5,6,1,0,0,1,0,0,18,0,0,7,8,7,14.85,0,0,8,8,8,15.2,0,13.9,-0.3,0.79,Dropout,15,1.0,1.0,0.34999999999999964,1
STD_0201,1,1,1,6,1,1,1,1,1,5,8,1,0,0,1,0,0,19,0,0,5,9,4,13.75,0,0,5,13,4,14.333333333333334,2,10.8,1.4,1.74,Graduate,8,0.8,0.8,0.5833333333333339,0
STD_2723,1,14,1,6,1,1,1,3,3,3,6,0,0,0,1,0,0,21,0,0,6,11,4,11.75,0,0,6,12,3,13.666666666666666,0,13.9,-0.3,0.79,Enrolled,7,0.6666666666666666,0.5,1.916666666666666,0
STD_0550,1,8,2,9,1,1,1,13,28,10,8,1,0,0,1,1,0,19,0,0,5,8,5,13.25,0,0,5,8,5,11.0,0,13.9,-0.3,0.79,Graduate,10,1.0,1.0,-2.25,0
STD_2651,1,1,1,12,1,1,1,3,1,3,9,0,0,0,1,1,0,20,0,0,7,10,5,13.976666666666668,0,0,8,9,8,13.22222222222222,0,12.4,0.5,1.79,Enrolled,13,0.7142857142857143,1.0,-0.7544444444444487,0
STD_4052,1,8,4,11,1,1,1,23,14,8,8,1,0,0,1,0,1,19,0,0,6,6,6,12.166666666666666,0,0,6,6,6,12.166666666666666,0,12.4,0.5,1.79,Graduate,12,1.0,1.0,0.0,0
STD_0480,1,8,1,10,1,1,1,23,14,29,39,1,0,0,1,0,1,21,0,0,6,8,5,13.2,0,0,6,7,5,11.8,0,8.9,1.4,3.51,Enrolled,10,0.8333333333333334,0.8333333333333334,-1.3999999999999986,0
STD_3196,1,8,2,15,1,1,1,1,1,3,6,1,0,0,0,1,0,18,0,0,6,6,0,0.0,0,0,6,0,0,0.0,0,8.9,1.4,3.51,Dropout,0,0.0,0.0,0.0,1
STD_4080,1,1,2,14,1,1,1,22,27,10,8,1,0,0,1,0,1,18,0,0,6,8,6,13.571428571428571,0,0,6,6,5,12.8,0,12.4,0.5,1.79,Enrolled,11,1.0,0.8333333333333334,-0.7714285714285705,0
STD_3964,1,1,1,2,1,1,1,13,28,6,6,1,0,1,1,0,0,20,0,6,12,12,12,13.25,0,4,11,16,10,13.090909090909092,0,8.9,1.4,3.51,Graduate,22,1.0,0.9090909090909091,-0.15909090909090828,0
STD_1237,1,1,6,12,1,1,1,1,27,5,4,1,0,0,1,0,0,18,0,0,7,7,7,13.44285714285714,0,0,8,9,8,13.744444444444444,0,16.2,0.3,-0.92,Graduate,15,1.0,1.0,0.30158730158730407,0
STD_4011,1,12,1,13,1,12,1,22,27,10,11,0,0,0,1,1,0,31,0,0,7,7,0,0.0,0,0,7,7,0,0.0,0,15.5,2.8,-4.06,Dropout,0,0.0,0.0,0.0,1
STD_3071,1,1,3,14,1,1,1,1,14,6,6,1,0,0,1,1,1,20,0,0,6,7,6,11.333333333333334,0,0,6,10,4,10.571428571428571,0,10.8,1.4,1.74,Enrolled,10,1.0,0.6666666666666666,-0.7619047619047628,0
STD_0195,1,1,4,12,1,1,1,23,28,10,9,1,0,0,1,0,0,18,0,0,8,8,7,12.242857142857144,0,0,8,8,7,12.242857142857144,0,12.7,3.7,-1.7,Graduate,14,0.875,0.875,0.0,0
STD_3337,1,15,1,4,1,14,1,13,14,5,5,1,0,0,0,1,0,21,0,0,6,17,2,12.5,0,0,6,10,0,0.0,0,16.2,0.3,-0.92,Dropout,2,0.3333333333333333,0.0,-12.5,1
STD_4276,1,8,1,7,1,1,1,22,1,10,3,1,0,0,1,1,0,18,0,0,5,10,4,13.0,0,0,5,10,3,12.333333333333334,3,7.6,2.6,0.32,Enrolled,7,0.8,0.6,-0.6666666666666661,0
STD_0199,1,1,1,16,1,1,1,13,14,4,9,0,0,0,1,0,0,18,0,0,7,9,7,12.571428571428571,0,0,7,8,7,14.428571428571429,0,11.1,0.6,2.02,Graduate,14,1.0,1.0,1.8571428571428577,0
STD_3764,1,1,1,10,1,1,1,1,14,5,10,0,0,0,1,0,1,20,0,0,6,6,6,11.666666666666666,0,0,6,8,6,11.166666666666666,0,15.5,2.8,-4.06,Graduate,12,1.0,1.0,-0.5,0
STD_0158,1,8,2,10,1,1,1,1,27,8,10,1,0,0,1,0,1,18,0,0,6,8,6,12.25,0,0,6,7,6,11.857142857142858,0,12.7,3.7,-1.7,Graduate,12,1.0,1.0,-0.39285714285714235,0
STD_2828,2,12,1,17,0,1,1,22,27,10,7,0,0,0,1,0,1,39,0,0,5,13,4,12.333333333333334,0,0,5,14,2,10.0,4,16.2,0.3,-0.92,Graduate,6,0.8,0.4,-2.333333333333334,0
STD_3079,1,1,1,14,1,1,1,1,27,5,10,0,0,0,1,1,0,19,0,0,5,5,5,10.8,0,0,5,5,4,12.25,0,9.4,-0.8,-3.12,Graduate,9,1.0,0.8,1.4499999999999993,0
STD_3239,1,8,4,12,1,1,1,1,1,5,5,1,0,0,1,0,0,18,0,0,7,7,7,14.424285714285714,0,0,8,8,8,13.9375,0,11.1,0.6,2.02,Graduate,15,1.0,1.0,-0.4867857142857144,0
STD_3750,1,1,4,5,1,1,1,3,14,2,6,1,0,0,1,0,0,19,0,0,6,6,6,14.666666666666666,0,0,6,6,6,13.166666666666666,0,9.4,-0.8,-3.12,Graduate,12,1.0,1.0,-1.5,0
STD_1469,1,1,1,15,1,1,1,1,14,10,8,0,0,0,1,1,1,18,0,0,6,6,6,15.5,0,0,6,6,6,14.166666666666666,0,11.1,0.6,2.02,Graduate,12,1.0,1.0,-1.333333333333334,0
STD_3104,1,1,1,2,1,1,14,22,27,10,10,1,0,1,0,1,0,27,1,0,0,0,0,0.0,0,0,0,0,0,0.0,0,7.6,2.6,0.32,Dropout,0,0.0,0.0,0.0,1
STD_1901,1,14,1,15,1,1,1,1,27,4,1,0,0,1,1,0,0,20,0,0,6,7,6,13.333333333333334,0,0,6,8,6,12.666666666666666,0,12.4,0.5,1.79,Graduate,12,1.0,1.0,-0.6666666666666679,0
STD_3368,1,1,4,12,1,1,1,13,28,10,4,1,0,0,1,0,0,19,0,0,7,7,6,14.616666666666667,0,0,7,7,6,14.616666666666667,0,7.6,2.6,0.32,Graduate,12,0.8571428571428571,0.8571428571428571,0.0,0
STD_3704,1,12,1,7,1,1,1,22,27,10,10,0,0,0,1,1,1,30,0,0,5,11,0,0.0,0,0,5,5,0,0.0,0,12.7,3.7,-1.7,Dropout,0,0.0,0.0,0.0,1
STD_4047,1,1,1,11,1,1,1,13,1,10,9,1,0,0,1,0,1,18,0,0,6,7,6,12.857142857142858,0,0,6,10,4,13.0,0,12.7,3.7,-1.7,Graduate,10,1.0,0.6666666666666666,0.14285714285714235,0
STD_3235,1,1,2,12,1,1,1,1,1,5,4,1,0,0,1,0,0,18,0,0,7,10,7,13.78,0,0,8,10,8,13.661,0,15.5,2.8,-4.06,Graduate,15,1.0,1.0,-0.11899999999999977,0
STD_3172,1,9,2,16,1,1,1,1,3,10,3,1,0,1,0,0,0,20,0,0,6,11,5,13.2,0,0,6,8,4,10.75,0,10.8,1.4,1.74,Dropout,9,0.8333333333333334,0.6666666666666666,-2.4499999999999993,1
STD_0601,1,4,1,8,1,3,1,13,28,10,10,1,0,0,1,0,0,23,0,0,6,0,0,0.0,0,0,6,0,0,0.0,0,12.4,0.5,1.79,Dropout,0,0.0,0.0,0.0,1
STD_2349,1,12,1,14,1,1,1,13,14,4,4,0,1,0,1,1,1,30,0,0,6,0,0,0.0,0,0,6,0,0,0.0,0,12.4,0.5,1.79,Dropout,0,0.0,0.0,0.0,1
STD_1380,1,16,1,10,1,1,1,1,1,6,10,0,0,0,1,1,0,22,0,0,6,6,0,0.0,0,0,6,7,0,0.0,0,11.1,0.6,2.02,Dropout,0,0.0,0.0,0.0,1
STD_2863,2,12,1,3,0,1,1,22,27,10,10,0,0,0,1,0,0,50,0,0,6,8,6,12.666666666666666,0,0,6,6,6,11.833333333333334,0,10.8,1.4,1.74,Graduate,12,1.0,1.0,-0.8333333333333321,0
STD_3410,1,1,5,15,1,1,1,13,28,4,6,1,0,0,1,0,0,20,0,0,6,7,6,13.833333333333334,0,0,6,6,6,12.833333333333334,0,11.1,0.6,2.02,Graduate,12,1.0,1.0,-1.0,0
STD_3157,1,14,1,4,1,1,1,1,28,5,8,1,0,0,1,0,0,21,0,9,14,23,9,12.0,2,6,12,21,8,11.25,0,15.5,2.8,-4.06,Graduate,17,0.6428571428571429,0.6666666666666666,-0.75,0
STD_3699,1,1,1,12,1,1,1,23,28,6,11,0,0,0,1,1,0,20,0,0,7,14,5,12.87857142857143,0,0,8,15,7,11.85625,0,15.5,2.8,-4.06,Graduate,12,0.7142857142857143,0.875,-1.0223214285714306,0
STD_4294,1,1,6,11,1,1,1,13,14,10,10,1,0,0,1,1,0,20,0,0,6,16,3,10.333333333333334,0,0,6,16,1,11.0,0,10.8,1.4,1.74,Dropout,4,0.5,0.16666666666666666,0.6666666666666661,1
STD_2248,1,14,2,12,1,1,1,13,1,10,11,0,0,0,1,1,1,21,0,0,8,8,0,0.0,8,0,8,8,0,0.0,8,9.4,-0.8,-3.12,Enrolled,0,0.0,0.0,0.0,0
STD_0340,1,8,1,8,1,1,1,2,7,4,6,0,0,0,1,0,0,18,0,0,5,9,4,11.25,0,0,5,6,4,12.5,0,7.6,2.6,0.32,Graduate,8,0.8,0.8,1.25,0
STD_1425,1,1,2,8,1,1,1,13,27,10,10,1,0,0,1,0,0,18,0,0,5,10,4,13.5,1,0,5,5,5,13.4,0,12.7,3.7,-1.7,Enrolled,9,0.8,1.0,-0.09999999999999964,0
STD_0638,1,12,1,17,0,1,1,23,1,10,5,0,0,0,1,0,0,27,0,0,5,9,3,10.666666666666666,0,0,5,7,4,11.4,0,10.8,1.4,1.74,Enrolled,7,0.6,0.8,0.7333333333333343,0
STD_0812,1,8,2,16,1,1,1,13,28,6,8,1,0,0,1,0,1,18,0,0,7,8,7,12.142857142857142,0,0,7,9,6,13.666666666666666,0,11.1,0.6,2.02,Graduate,13,1.0,0.8571428571428571,1.5238095238095237,0
STD_1934,1,12,1,12,1,12,1,13,27,10,5,0,0,0,1,0,1,25,0,0,8,8,8,13.3675,0,0,8,8,8,13.3675,0,9.4,-0.8,-3.12,Graduate,16,1.0,1.0,0.0,0
STD_4372,1,1,6,12,1,1,1,23,14,4,4,1,0,0,1,1,0,18,0,0,7,7,7,13.175714285714289,0,0,8,8,8,14.925,0,12.4,0.5,1.79,Graduate,15,1.0,1.0,1.749285714285712,0
STD_0822,1,1,3,2,1,1,1,10,14,10,4,1,0,0,1,0,0,19,0,0,0,0,0,0.0,0,0,0,0,0,0.0,0,13.9,-0.3,0.79,Graduate,0,0.0,0.0,0.0,0
STD_2325,1,9,1,10,1,1,1,1,3,10,3,1,0,0,1,1,0,21,0,0,6,9,6,10.166666666666666,0,0,6,10,6,10.5,0,12.7,3.7,-1.7,Graduate,12,1.0,1.0,0.3333333333333339,0
STD_2847,2,12,2,13,1,9,1,19,24,13,13,0,0,0,1,0,0,39,0,0,3,7,1,14.0,0,0,2,4,0,0.0,0,11.1,0.6,2.02,Dropout,1,0.3333333333333333,0.0,-14.0,1
STD_0520,1,8,2,16,1,1,1,22,27,10,10,1,0,0,1,0,0,23,0,0,6,11,4,11.25,0,0,6,10,5,10.2,0,7.6,2.6,0.32,Dropout,9,0.6666666666666666,0.8333333333333334,-1.0500000000000007,1
STD_0680,1,1,1,2,1,1,14,3,3,3,6,1,0,0,1,0,1,19,1,0,0,0,0,0.0,0,0,0,0,0,0.0,0,13.9,-0.3,0.79,Graduate,0,0.0,0.0,0.0,0
STD_3058,1,1,1,3,0,1,1,19,24,1,1,0,0,0,1,0,0,32,0,0,6,0,0,0.0,0,0,6,0,0,0.0,0,7.6,2.6,0.32,Dropout,0,0.0,0.0,0.0,1
STD_2077,1,1,4,10,1,1,1,23,1,5,11,1,0,0,1,0,0,19,0,0,6,8,6,11.666666666666666,0,0,6,6,6,12.333333333333334,0,10.8,1.4,1.74,Graduate,12,1.0,1.0,0.6666666666666679,0
STD_2458,1,1,1,9,1,1,1,13,27,5,9,0,0,0,1,1,0,27,0,0,5,12,3,10.0,0,0,5,12,1,13.0,0,7.6,2.6,0.32,Enrolled,4,0.6,0.2,3.0,0
STD_4145,1,14,1,13,1,1,1,23,28,8,9,1,0,0,1,0,0,22,0,0,7,14,6,10.744444444444444,1,0,8,10,8,11.8375,0,12.7,3.7,-1.7,Enrolled,14,0.8571428571428571,1.0,1.0930555555555568,0
STD_2410,2,12,1,17,0,1,1,22,27,10,10,1,0,0,1,1,0,41,0,0,5,8,4,11.25,0,0,5,8,3,11.0,1,7.6,2.6,0.32,Dropout,7,0.8,0.6,-0.25,1
STD_4003,2,12,2,11,1,12,1,13,14,10,6,0,0,0,1,1,0,39,0,0,6,6,6,13.5,0,0,6,6,6,13.333333333333334,0,12.4,0.5,1.79,Graduate,12,1.0,1.0,-0.16666666666666607,0
STD_1812,1,1,6,12,1,1,1,1,14,4,4,1,0,0,1,0,1,19,0,0,7,7,7,12.765714285714289,0,0,8,9,8,13.544444444444444,0,12.4,0.5,1.79,Graduate,15,1.0,1.0,0.7787301587301556,0
STD_2768,6,8,3,3,0,1,1,13,1,6,12,0,0,0,0,0,0,24,0,0,5,5,0,0.0,0,0,5,10,0,0.0,0,10.8,1.4,1.74,Dropout,0,0.0,0.0,0.0,1
STD_3599,1,7,4,15,1,1,1,22,27,10,4,1,0,0,1,0,1,18,0,0,6,7,6,12.666666666666666,0,0,6,8,5,12.8,0,10.8,1.4,1.74,Graduate,11,1.0,0.8333333333333334,0.13333333333333464,0
STD_2558,1,1,2,2,1,1,1,3,3,3,3,1,0,0,1,0,0,18,0,0,0,0,0,0.0,0,0,0,0,0,0.0,0,12.4,0.5,1.79,Enrolled,0,0.0,0.0,0.0,0
STD_1047,1,1,3,15,1,1,1,3,28,3,11,1,0,0,1,0,0,19,0,0,6,8,6,13.166666666666666,0,0,6,7,6,13.166666666666666,0,10.8,1.4,1.74,Dropout,12,1.0,1.0,0.0,1
STD_3442,1,1,1,14,1,1,1,23,14,5,9,0,0,0,1,0,0,19,0,0,6,8,3,11.666666666666666,0,0,6,11,5,13.625,0,10.8,1.4,1.74,Enrolled,8,0.5,0.8333333333333334,1.958333333333334,0
STD_2310,1,8,3,7,1,1,1,1,28,4,4,0,0,0,1,1,1,18,0,0,5,5,5,13.0,0,0,5,5,5,14.2,0,8.9,1.4,3.51,Graduate,10,1.0,1.0,1.1999999999999993,0
STD_2864,1,14,1,16,1,1,1,22,27,7,7,0,0,1,1,0,0,41,0,20,21,23,21,12.333333333333334,0,19,19,19,19,12.105263157894736,0,12.4,0.5,1.79,Graduate,40,1.0,1.0,-0.22807017543859764,0
STD_3670,1,13,1,12,1,1,1,3,3,3,3,1,0,0,1,0,0,20,0,0,8,11,6,12.491666666666667,0,0,8,11,6,12.491666666666667,0,12.7,3.7,-1.7,Graduate,12,0.75,0.75,0.0,0
STD_3957,1,1,3,9,1,1,1,23,14,10,11,1,0,0,1,0,0,18,0,0,5,6,5,12.8,1,0,5,6,5,12.6,0,9.4,-0.8,-3.12,Graduate,10,1.0,1.0,-0.20000000000000107,0
STD_1798,1,1,3,6,1,1,1,23,1,10,10,1,0,0,1,0,1,18,0,0,5,8,3,15.0,2,0,5,9,3,11.666666666666666,0,9.4,-0.8,-3.12,Dropout,6,0.6,0.6,-3.333333333333334,1
STD_1213,4,12,1,12,1,12,1,23,1,10,5,0,0,0,1,0,1,35,0,0,8,9,8,13.63,1,0,8,9,8,13.63,1,9.4,-0.8,-3.12,Graduate,16,1.0,1.0,0.0,0
STD_0425,1,8,6,13,1,1,1,13,2,6,4,1,0,0,1,0,0,20,0,0,7,7,7,13.785714285714286,0,0,8,8,8,14.1,0,12.4,0.5,1.79,Graduate,15,1.0,1.0,0.31428571428571317,0
STD_0779,1,8,1,16,1,1,1,3,3,18,24,0,0,0,1,0,0,20,0,0,7,9,6,11.833333333333334,0,0,7,7,6,14.333333333333334,0,11.1,0.6,2.02,Enrolled,12,0.8571428571428571,0.8571428571428571,2.5,0
STD_3037,1,1,2,12,1,1,1,3,3,3,3,1,0,0,0,0,0,19,0,0,7,0,0,0.0,0,0,8,0,0,0.0,0,12.7,3.7,-1.7,Dropout,0,0.0,0.0,0.0,1
STD_3604,1,8,3,7,1,1,1,1,14,20,44,1,0,0,1,1,0,18,0,0,5,7,5,11.8,0,0,5,9,3,12.0,0,8.9,1.4,3.51,Enrolled,8,1.0,0.6,0.1999999999999993,0
STD_1668,1,1,4,12,1,1,1,3,14,2,6,1,0,0,1,0,0,18,0,0,8,8,8,13.76125,0,0,8,8,8,13.76125,0,9.4,-0.8,-3.12,Graduate,16,1.0,1.0,0.0,0
STD_3818,1,8,1,4,1,1,1,23,27,6,10,1,0,0,1,1,1,23,0,17,18,19,18,11.894736842105264,0,12,13,13,13,12.923076923076923,0,15.5,2.8,-4.06,Graduate,31,1.0,1.0,1.0283400809716596,0
STD_2306,1,1,3,5,1,1,1,22,27,10,10,1,0,0,1,1,1,22,0,0,6,6,6,11.666666666666666,0,0,6,6,6,12.166666666666666,0,7.6,2.6,0.32,Enrolled,12,1.0,1.0,0.5,0
STD_3123,1,8,5,14,1,1,1,13,21,8,8,1,0,0,1,0,1,19,0,0,5,8,3,10.5,0,0,5,6,4,11.75,1,7.6,2.6,0.32,Enrolled,7,0.6,0.8,1.25,0
STD_0914,4,12,1,3,0,1,1,22,27,10,8,0,0,0,1,0,0,42,0,0,6,8,5,11.2,0,0,6,6,6,12.0,0,8.9,1.4,3.51,Graduate,11,0.8333333333333334,1.0,0.8000000000000007,0
STD_0654,1,15,1,10,1,14,1,23,28,7,10,1,0,0,1,0,1,19,0,3,6,7,5,12.2,0,2,6,6,6,11.5,0,13.9,-0.3,0.79,Graduate,11,0.8333333333333334,1.0,-0.6999999999999993,0
STD_0076,1,8,3,9,1,1,1,13,14,5,8,1,0,1,1,1,0,18,0,0,5,8,3,10.333333333333334,0,0,5,11,3,10.857142857142858,0,10.8,1.4,1.74,Dropout,6,0.6,0.6,0.5238095238095237,1
STD_4343,1,12,1,14,1,1,1,19,24,1,1,1,0,0,1,0,0,24,0,0,5,10,3,13.0,0,0,5,11,3,11.333333333333334,0,7.6,2.6,0.32,Dropout,6,0.6,0.6,-1.666666666666666,1
STD_4317,1,1,3,5,1,1,1,28,3,15,21,1,0,1,1,1,0,19,0,0,6,6,6,12.0,0,0,6,7,6,13.571428571428571,0,8.9,1.4,3.51,Graduate,12,1.0,1.0,1.5714285714285712,0
STD_3649,1,1,4,12,1,1,1,13,28,6,6,1,0,0,1,0,0,18,0,0,8,8,7,12.328571428571427,0,0,8,8,7,12.328571428571427,0,12.7,3.7,-1.7,Graduate,14,0.875,0.875,0.0,0
STD_0436,1,1,6,12,1,1,1,13,14,6,6,1,0,0,1,0,1,18,0,0,8,8,7,13.814285714285717,0,0,8,8,7,13.814285714285717,0,12.7,3.7,-1.7,Graduate,14,0.875,0.875,0.0,0
STD_0035,1,1,1,17,0,1,1,2,27,4,10,0,0,0,1,1,0,34,0,0,5,6,5,12.4,0,0,5,9,5,13.428571428571429,0,13.9,-0.3,0.79,Graduate,10,1.0,1.0,1.0285714285714285,0
STD_2183,1,14,1,12,1,1,1,13,14,8,8,0,0,0,1,0,1,19,0,0,7,9,6,14.25,0,0,8,11,8,13.063636363636364,0,16.2,0.3,-0.92,Graduate,14,0.8571428571428571,1.0,-1.1863636363636356,0
STD_1532,1,8,3,12,1,1,1,23,1,10,6,1,0,0,1,0,0,18,0,0,7,7,6,13.033333333333331,0,0,7,7,6,13.033333333333331,0,7.6,2.6,0.32,Graduate,12,0.8571428571428571,0.8571428571428571,0.0,0
STD_2964,2,1,1,17,0,3,1,1,3,5,10,0,0,0,1,0,0,23,0,0,5,5,5,10.8,0,0,5,9,4,11.5,0,9.4,-0.8,-3.12,Graduate,9,1.0,0.8,0.6999999999999993,0
STD_3617,1,1,1,7,1,1,1,13,14,10,9,0,0,0,0,1,1,18,0,0,5,6,5,15.0,0,0,5,6,5,14.2,0,8.9,1.4,3.51,Enrolled,10,1.0,1.0,-0.8000000000000007,0
STD_0552,1,12,1,15,1,12,1,13,1,8,10,1,0,1,0,1,0,25,0,0,6,10,4,13.0,0,0,6,9,4,13.75,0,12.7,3.7,-1.7,Dropout,8,0.6666666666666666,0.6666666666666666,0.75,1
STD_3826,1,1,1,2,1,1,1,1,28,8,9,1,0,0,1,1,0,26,0,0,0,0,0,0.0,0,0,0,0,0,0.0,0,11.1,0.6,2.02,Dropout,0,0.0,0.0,0.0,1
STD_0766,1,1,4,9,1,1,1,23,28,6,11,0,0,0,1,1,0,20,0,0,5,8,5,10.2,0,0,5,7,5,11.2,0,12.4,0.5,1.79,Enrolled,10,1.0,1.0,1.0,0
STD_0951,1,12,1,17,0,1,1,22,27,10,10,1,0,0,1,1,0,30,0,0,5,7,5,11.0,0,0,5,5,5,11.6,0,7.6,2.6,0.32,Graduate,10,1.0,1.0,0.5999999999999996,0
STD_2259,1,4,1,5,1,3,1,4,4,3,3,0,0,0,1,1,0,28,0,0,6,9,2,12.0,0,0,6,10,3,12.666666666666666,0,12.7,3.7,-1.7,Dropout,5,0.3333333333333333,0.5,0.6666666666666661,1
STD_0571,1,1,1,3,0,1,1,1,1,10,10,0,0,0,1,1,0,20,0,0,6,7,6,12.166666666666666,0,0,6,9,6,12.0,0,7.6,2.6,0.32,Graduate,12,1.0,1.0,-0.16666666666666607,0
STD_3722,5,4,1,5,1,3,1,22,27,8,8,0,0,0,0,1,0,30,0,0,6,6,1,10.0,0,0,6,6,0,0.0,0,15.5,2.8,-4.06,Dropout,1,0.16666666666666666,0.0,-10.0,1
STD_3698,1,8,1,11,1,1,1,1,1,5,11,0,0,0,1,1,0,19,0,0,6,7,5,10.8,0,0,6,10,2,10.5,0,10.8,1.4,1.74,Enrolled,7,0.8333333333333334,0.3333333333333333,-0.3000000000000007,0
STD_3045,1,3,5,11,1,1,1,1,27,10,8,1,0,0,1,0,1,19,0,0,6,6,6,12.333333333333334,0,0,6,6,6,12.833333333333334,0,12.4,0.5,1.79,Graduate,12,1.0,1.0,0.5,0
STD_2398,1,1,2,15,1,1,1,3,1,5,5,1,0,0,1,1,0,19,0,0,6,9,5,11.4,0,0,6,13,5,12.4,0,8.9,1.4,3.51,Enrolled,10,0.8333333333333334,0.8333333333333334,1.0,0
STD_3616,1,8,1,14,1,1,1,13,1,6,5,0,0,1,1,1,0,18,0,0,6,6,3,12.666666666666666,0,0,6,11,4,11.142857142857142,0,10.8,1.4,1.74,Dropout,7,0.5,0.6666666666666666,-1.5238095238095237,1
STD_0629,1,8,2,15,1,1,1,1,28,6,7,1,0,0,1,0,0,18,0,0,6,6,6,13.0,0,0,6,6,6,14.166666666666666,0,12.4,0.5,1.79,Graduate,12,1.0,1.0,1.166666666666666,0
STD_4132,1,12,1,12,1,1,1,13,1,2,2,0,0,0,1,0,0,25,0,0,8,8,7,12.084285714285716,0,0,8,8,7,12.084285714285716,0,10.8,1.4,1.74,Graduate,14,0.875,0.875,0.0,0
STD_3397,1,14,1,9,1,1,1,3,14,3,10,0,0,0,1,0,0,18,0,0,5,5,0,0.0,0,0,5,9,4,13.25,2,16.2,0.3,-0.92,Enrolled,4,0.0,0.8,13.25,0
STD_1754,1,15,1,7,1,14,1,13,3,6,3,0,0,0,1,1,0,20,0,0,5,16,0,0.0,0,0,5,12,2,10.5,0,12.7,3.7,-1.7,Enrolled,2,0.0,0.4,10.5,0
STD_2647,1,14,1,5,1,1,1,3,29,4,8,0,0,0,1,1,0,26,0,5,7,8,7,13.285714285714286,0,3,8,11,7,12.142857142857142,0,12.4,0.5,1.79,Enrolled,14,1.0,0.875,-1.1428571428571441,0
STD_2796,2,12,1,12,1,13,1,22,27,10,4,0,0,0,1,1,0,37,0,0,7,8,7,12.828571428571427,0,0,8,8,8,12.6875,0,13.9,-0.3,0.79,Graduate,15,1.0,1.0,-0.1410714285714274,0
STD_0030,1,8,2,12,1,1,1,3,3,2,11,1,0,0,1,1,0,19,0,0,7,9,6,12.933333333333332,0,0,7,7,6,13.716666666666669,0,16.2,0.3,-0.92,Enrolled,12,0.8571428571428571,0.8571428571428571,0.7833333333333368,0
STD_3716,1,1,2,9,1,1,1,22,1,6,4,1,0,0,1,1,0,20,0,0,5,9,2,14.333333333333334,0,0,5,10,2,12.5,0,7.6,2.6,0.32,Enrolled,4,0.4,0.4,-1.833333333333334,0
STD_2392,1,14,1,4,1,1,1,22,1,6,5,0,0,0,1,1,0,25,0,8,14,24,8,12.5,2,6,13,23,10,11.6,0,15.5,2.8,-4.06,Dropout,18,0.5714285714285714,0.7692307692307693,-0.9000000000000004,1
STD_3141,1,12,1,6,1,1,1,13,1,10,11,1,0,0,1,0,0,26,0,0,6,7,6,16.5,0,0,6,8,6,14.285714285714286,0,8.9,1.4,3.51,Graduate,12,1.0,1.0,-2.2142857142857135,0
STD_0437,1,8,1,11,1,1,1,13,14,6,6,0,0,0,1,0,1,20,0,0,6,10,4,11.25,0,0,6,6,6,10.5,0,12.4,0.5,1.79,Enrolled,10,0.6666666666666666,1.0,-0.75,0
STD_0800,1,1,1,16,1,1,1,3,1,4,8,1,0,0,1,0,0,18,0,0,6,7,6,12.166666666666666,0,0,6,10,4,12.75,0,10.8,1.4,1.74,Enrolled,10,1.0,0.6666666666666666,0.5833333333333339,0
STD_0477,1,1,2,13,1,1,1,13,14,10,10,1,0,0,1,0,0,21,0,0,2,2,2,12.5,0,0,7,0,0,0.0,0,12.4,0.5,1.79,Dropout,2,1.0,0.0,-12.5,1
STD_3258,2,12,1,4,1,12,1,22,14,10,5,0,0,1,1,0,0,29,0,0,6,11,5,12.6,0,0,6,6,6,12.666666666666666,0,11.1,0.6,2.02,Graduate,11,0.8333333333333334,1.0,0.06666666666666643,0
STD_0519,4,12,1,3,0,12,1,19,24,1,1,0,0,0,1,0,0,48,0,0,6,11,1,10.0,0,0,6,11,1,11.0,0,9.4,-0.8,-3.12,Dropout,2,0.16666666666666666,0.16666666666666666,1.0,1
STD_2030,1,1,1,15,1,1,1,22,28,10,7,1,0,0,1,1,0,18,0,0,6,6,6,13.833333333333334,0,0,6,6,6,13.666666666666666,0,12.7,3.7,-1.7,Graduate,12,1.0,1.0,-0.16666666666666785,0
STD_0614,1,8,3,9,1,1,1,1,14,6,8,0,0,0,1,0,0,20,0,0,5,11,4,11.0,0,0,5,7,5,13.2,0,12.4,0.5,1.79,Enrolled,9,0.8,1.0,2.1999999999999993,0
STD_0215,1,14,1,15,1,1,1,1,1,5,6,0,0,0,1,0,0,21,0,0,6,8,6,11.714285714285714,0,0,6,7,6,12.0,0,7.6,2.6,0.32,Graduate,12,1.0,1.0,0.2857142857142865,0
STD_2377,1,12,1,9,1,1,1,22,1,8,4,0,0,0,1,1,1,25,0,0,5,7,4,14.25,0,0,5,7,4,14.75,0,12.7,3.7,-1.7,Graduate,8,0.8,0.8,0.5,0
STD_3131,1,8,1,10,1,1,1,3,1,4,5,1,0,0,1,0,0,18,0,0,6,8,6,11.75,0,0,6,10,5,12.0,0,12.7,3.7,-1.7,Graduate,11,1.0,0.8333333333333334,0.25,0
STD_1692,1,9,3,5,1,1,1,1,27,5,8,1,0,0,0,1,0,19,0,0,6,0,0,0.0,0,0,6,0,0,0.0,0,12.7,3.7,-1.7,Dropout,0,0.0,0.0,0.0,1
STD_3841,1,1,1,11,1,1,1,22,27,10,10,0,0,0,1,1,1,19,0,0,6,7,6,11.166666666666666,0,0,6,12,3,11.666666666666666,0,10.8,1.4,1.74,Enrolled,9,1.0,0.5,0.5,0
STD_0719,2,13,1,17,0,6,1,22,27,10,10,0,0,0,1,1,0,37,0,0,5,10,5,15.8,0,0,5,5,5,17.6,0,9.4,-0.8,-3.12,Enrolled,10,1.0,1.0,1.8000000000000007,0
STD_3254,1,15,1,8,1,14,1,1,3,10,3,1,0,1,1,0,1,21,0,1,6,13,3,12.333333333333334,0,1,6,12,1,13.0,0,13.9,-0.3,0.79,Dropout,4,0.5,0.16666666666666666,0.6666666666666661,1
STD_4314,1,14,1,16,1,1,1,2,29,3,6,0,0,0,1,1,0,37,0,19,21,21,21,12.476190476190476,0,13,19,19,19,12.210526315789474,0,12.4,0.5,1.79,Graduate,40,1.0,1.0,-0.26566416040100194,0
STD_2129,1,1,1,2,1,1,1,13,14,9,9,1,0,0,1,0,1,19,0,0,0,0,0,0.0,0,0,0,0,0,0.0,0,11.1,0.6,2.02,Dropout,0,0.0,0.0,0.0,1
STD_3010,1,1,4,12,1,1,1,1,10,4,7,1,0,0,1,0,0,20,0,0,7,7,7,12.982857142857142,0,0,8,8,8,14.4625,0,12.4,0.5,1.79,Graduate,15,1.0,1.0,1.4796428571428581,0
STD_3877,1,8,1,12,1,1,1,1,1,5,11,0,0,0,1,0,0,19,0,0,7,7,7,13.44285714285714,0,0,8,8,7,13.771428571428572,0,13.9,-0.3,0.79,Dropout,14,1.0,0.875,0.32857142857143273,1
STD_2678,1,14,1,17,0,1,1,22,27,10,10,0,0,0,1,1,0,31,0,1,5,6,5,13.833333333333334,0,0,5,7,5,15.4,0,9.4,-0.8,-3.12,Graduate,10,1.0,1.0,1.5666666666666664,0
STD_1447,1,1,1,2,1,1,1,3,20,4,6,0,0,0,0,1,0,18,0,0,0,0,0,0.0,0,0,0,0,0,0.0,0,9.4,-0.8,-3.12,Dropout,0,0.0,0.0,0.0,1
STD_3336,1,8,4,15,1,1,1,3,1,3,8,1,0,0,1,1,0,21,0,0,6,7,0,0.0,0,0,6,11,1,10.0,0,10.8,1.4,1.74,Enrolled,1,0.0,0.16666666666666666,10.0,0
STD_0738,1,8,2,11,1,1,1,22,27,6,8,1,0,0,1,1,0,30,0,0,6,17,2,10.0,0,0,6,15,3,11.333333333333334,0,7.6,2.6,0.32,Dropout,5,0.3333333333333333,0.5,1.333333333333334,1
STD_2926,1,1,1,15,1,1,1,22,27,10,8,0,0,0,1,0,1,18,0,0,6,6,6,14.5,0,0,6,6,6,14.666666666666666,0,16.2,0.3,-0.92,Graduate,12,1.0,1.0,0.16666666666666607,0
STD_1526,1,1,1,12,1,1,1,1,1,5,4,0,0,0,1,1,0,19,0,0,8,9,7,12.828571428571427,0,0,8,9,7,12.828571428571427,0,12.7,3.7,-1.7,Graduate,14,0.875,0.875,0.0,0
STD_4274,1,8,2,6,1,1,1,3,14,3,10,0,0,0,1,1,0,18,0,0,5,5,3,14.0,0,0,5,7,3,12.666666666666666,0,7.6,2.6,0.32,Enrolled,6,0.6,0.6,-1.333333333333334,0
STD_3029,1,12,1,3,0,1,1,22,27,10,7,0,0,0,1,0,1,35,0,2,8,8,8,13.625,0,1,7,7,7,14.0,0,8.9,1.4,3.51,Graduate,15,1.0,1.0,0.375,0
STD_2189,1,8,1,11,1,1,1,3,1,3,4,0,0,0,1,0,1,19,0,0,6,15,6,11.333333333333334,0,0,6,9,3,12.666666666666666,0,9.4,-0.8,-3.12,Graduate,9,1.0,0.5,1.3333333333333321,0
STD_2879,2,13,1,16,1,1,1,22,27,5,8,0,0,0,1,0,0,34,0,6,12,18,11,13.0,0,4,13,22,8,11.875,0,12.7,3.7,-1.7,Dropout,19,0.9166666666666666,0.6153846153846154,-1.125,1
STD_1026,1,8,3,6,1,1,1,1,14,5,12,0,0,0,0,0,0,21,0,0,5,8,2,11.5,0,0,5,7,2,10.5,0,7.6,2.6,0.32,Dropout,4,0.4,0.4,-1.0,1
STD_1397,1,1,1,8,1,1,1,1,1,4,10,1,0,0,1,0,0,20,0,0,6,11,6,13.333333333333334,0,0,6,10,6,13.0,0,16.2,0.3,-0.92,Enrolled,12,1.0,1.0,-0.3333333333333339,0
STD_3847,1,14,1,15,1,1,1,22,28,10,6,1,0,0,0,1,0,26,0,0,6,12,3,12.0,0,0,6,15,0,0.0,0,9.4,-0.8,-3.12,Dropout,3,0.5,0.0,-12.0,1
STD_2748,1,13,1,4,1,1,1,3,2,3,7,0,0,0,0,1,0,36,0,0,6,8,0,0.0,0,0,6,10,0,0.0,0,16.2,0.3,-0.92,Dropout,0,0.0,0.0,0.0,1
STD_1436,1,6,1,9,1,1,14,26,1,4,5,0,0,1,0,1,0,26,1,6,7,7,6,13.0,0,2,6,6,2,14.0,0,11.1,0.6,2.02,Dropout,8,0.8571428571428571,0.3333333333333333,1.0,1
STD_3632,1,1,3,15,1,1,1,23,14,8,8,1,0,1,0,0,0,19,0,0,6,7,6,12.166666666666666,0,0,6,10,2,10.333333333333334,0,16.2,0.3,-0.92,Dropout,8,1.0,0.3333333333333333,-1.8333333333333321,1
STD_0734,2,12,2,9,1,1,1,13,27,5,8,0,0,0,1,1,0,34,0,0,5,10,3,11.666666666666666,1,0,5,7,4,12.75,0,9.4,-0.8,-3.12,Graduate,7,0.6,0.8,1.083333333333334,0
STD_2226,1,14,3,11,1,1,1,22,27,10,10,1,0,0,1,1,0,19,0,1,6,16,2,10.5,0,0,6,15,4,10.0,0,7.6,2.6,0.32,Dropout,6,0.3333333333333333,0.6666666666666666,-0.5,1
STD_2376,1,1,1,14,1,1,1,22,27,6,9,0,0,0,0,1,0,21,0,0,6,9,4,13.25,0,0,6,6,5,11.0,0,12.7,3.7,-1.7,Dropout,9,0.6666666666666666,0.8333333333333334,-2.25,1
STD_1299,1,1,1,17,0,1,1,2,27,5,10,1,0,0,1,1,0,22,0,0,5,9,5,12.428571428571429,1,0,5,7,5,11.8,0,7.6,2.6,0.32,Graduate,10,1.0,1.0,-0.6285714285714281,0
STD_4229,2,12,1,3,0,1,1,22,27,6,5,0,0,0,1,0,0,45,0,0,6,8,5,13.6,0,0,6,7,5,13.0,0,15.5,2.8,-4.06,Enrolled,10,0.8333333333333334,0.8333333333333334,-0.5999999999999996,0
STD_2667,1,8,4,5,1,1,1,23,1,10,10,1,0,0,1,1,0,19,0,0,6,6,6,13.833333333333334,0,0,6,8,6,13.125,0,10.8,1.4,1.74,Graduate,12,1.0,1.0,-0.7083333333333339,0
STD_2878,1,12,1,3,0,1,1,22,27,10,8,0,0,0,1,0,0,49,0,0,6,9,5,12.333333333333334,0,0,6,12,4,11.5,0,13.9,-0.3,0.79,Enrolled,9,0.8333333333333334,0.6666666666666666,-0.8333333333333339,0
STD_4361,1,8,4,12,1,1,1,13,27,5,9,1,0,0,1,0,0,19,0,0,7,7,6,11.966666666666669,0,0,7,7,6,11.966666666666669,0,7.6,2.6,0.32,Graduate,12,0.8571428571428571,0.8571428571428571,0.0,0
STD_2938,1,14,5,16,1,1,1,19,24,1,1,1,0,0,0,0,0,28,0,0,6,9,4,12.75,1,0,5,5,0,0.0,5,9.4,-0.8,-3.12,Dropout,4,0.6666666666666666,0.0,-12.75,1
STD_4065,1,8,1,2,1,1,1,1,28,10,10,1,0,1,1,0,0,22,0,12,17,19,12,11.833333333333334,0,10,17,22,11,11.25,0,11.1,0.6,2.02,Enrolled,23,0.7058823529411765,0.6470588235294118,-0.5833333333333339,0
STD_2537,1,14,1,8,1,1,14,3,4,4,3,0,0,0,1,0,0,19,1,0,5,10,5,14.857142857142858,2,0,5,7,5,15.142857142857142,0,9.4,-0.8,-3.12,Enrolled,10,1.0,1.0,0.2857142857142847,0
STD_1479,2,12,1,4,1,1,1,1,14,5,5,0,0,1,0,1,0,25,0,0,6,17,2,14.5,2,0,6,13,0,0.0,1,15.5,2.8,-4.06,Dropout,2,0.3333333333333333,0.0,-14.5,1
STD_1429,3,8,1,10,1,1,1,22,27,10,10,1,0,0,1,0,1,21,0,0,6,8,3,10.2,0,0,6,13,4,12.25,0,12.7,3.7,-1.7,Enrolled,7,0.5,0.6666666666666666,2.0500000000000007,0
STD_1663,1,1,1,12,1,1,1,13,1,5,5,0,0,0,1,0,0,18,0,0,7,10,7,15.145,0,0,8,8,8,15.7425,0,15.5,2.8,-4.06,Graduate,15,1.0,1.0,0.5975000000000001,0
STD_1774,1,13,1,4,1,1,1,13,14,5,5,1,0,0,1,1,0,25,0,0,6,14,5,11.666666666666666,0,0,6,11,4,12.0,0,15.5,2.8,-4.06,Enrolled,9,0.8333333333333334,0.6666666666666666,0.3333333333333339,0
STD_1788,1,4,1,17,0,3,1,22,27,10,10,0,0,0,1,1,0,27,0,0,5,6,4,13.5,0,0,5,6,4,13.75,0,7.6,2.6,0.32,Graduate,8,0.8,0.8,0.25,0
STD_2820,1,14,1,15,1,1,1,13,1,6,6,1,0,0,1,0,0,18,0,0,6,6,0,0.0,0,0,6,10,3,11.0,0,16.2,0.3,-0.92,Enrolled,3,0.0,0.5,11.0,0
STD_3271,2,1,1,11,1,1,1,22,27,10,10,0,0,0,1,0,1,45,0,0,6,10,4,11.5,0,0,6,16,2,10.5,0,7.6,2.6,0.32,Dropout,6,0.6666666666666666,0.3333333333333333,-1.0,1
STD_4205,1,1,1,10,1,1,1,19,28,1,8,1,0,0,1,0,0,20,0,0,6,9,5,11.8,0,0,6,10,4,11.5,0,7.6,2.6,0.32,Dropout,9,0.8333333333333334,0.6666666666666666,-0.3000000000000007,1
STD_2087,1,4,1,3,0,3,1,1,1,5,5,0,0,0,1,0,0,30,0,0,6,0,0,0.0,0,0,6,0,0,0.0,0,10.8,1.4,1.74,Dropout,0,0.0,0.0,0.0,1
STD_4201,1,1,1,9,1,1,1,22,27,29,33,0,0,0,1,0,0,20,0,0,5,10,4,11.75,0,0,5,8,5,11.8,0,11.1,0.6,2.02,Graduate,9,0.8,1.0,0.05000000000000071,0
STD_1835,1,8,1,12,1,1,1,13,28,4,10,0,0,0,1,0,1,19,0,0,7,11,6,13.8875,0,0,8,9,8,14.864444444444445,0,15.5,2.8,-4.06,Graduate,14,0.8571428571428571,1.0,0.9769444444444453,0
STD_3354,1,1,1,15,1,1,1,23,1,6,8,1,0,0,1,1,1,18,0,0,6,7,6,12.714285714285714,0,0,6,8,5,11.833333333333334,0,13.9,-0.3,0.79,Graduate,11,1.0,0.8333333333333334,-0.8809523809523796,0
STD_1068,1,1,1,9,1,1,1,22,28,4,4,0,0,0,1,0,0,18,0,0,5,8,5,12.333333333333334,2,0,5,7,5,11.4,0,15.5,2.8,-4.06,Graduate,10,1.0,1.0,-0.9333333333333336,0
STD_4402,1,4,1,6,1,3,1,13,27,12,12,0,0,0,1,1,0,24,0,3,5,10,3,14.666666666666666,1,0,5,5,0,0.0,0,7.6,2.6,0.32,Dropout,3,0.6,0.0,-14.666666666666666,1
STD_3922,1,8,4,12,1,1,1,23,14,6,8,0,0,0,1,0,1,19,0,0,7,8,6,13.579999999999998,0,0,8,8,8,12.93625,0,15.5,2.8,-4.06,Graduate,14,0.8571428571428571,1.0,-0.6437499999999989,0
STD_0616,1,1,6,12,1,1,1,1,27,10,10,1,0,0,1,0,1,18,0,0,8,8,7,13.857142857142858,0,0,8,8,7,13.857142857142858,0,12.7,3.7,-1.7,Graduate,14,0.875,0.875,0.0,0
STD_1029,1,8,2,12,1,1,1,13,14,10,5,1,0,0,1,0,0,18,0,0,7,8,7,13.175,0,0,8,8,8,14.875,0,13.9,-0.3,0.79,Graduate,15,1.0,1.0,1.6999999999999993,0
STD_0658,1,16,1,3,0,1,1,1,28,6,8,0,0,0,1,0,0,22,0,14,16,16,13,10.923076923076923,0,13,13,13,11,11.454545454545457,0,16.2,0.3,-0.92,Graduate,24,0.8125,0.8461538461538461,0.5314685314685335,0
STD_0732,1,15,1,4,1,14,1,2,1,5,7,0,0,0,1,1,0,21,0,0,6,12,5,12.142857142857142,0,0,6,11,5,11.666666666666666,0,13.9,-0.3,0.79,Graduate,10,0.8333333333333334,0.8333333333333334,-0.4761904761904763,0
STD_3768,1,8,1,15,1,1,1,22,1,10,9,1,0,1,0,0,0,19,0,0,6,6,3,11.333333333333334,0,0,6,6,0,0.0,0,12.4,0.5,1.79,Dropout,3,0.5,0.0,-11.333333333333334,1
STD_3985,1,12,1,4,1,1,1,23,28,10,7,0,0,1,0,0,0,28,0,0,6,6,0,0.0,0,0,6,7,0,0.0,0,8.9,1.4,3.51,Dropout,0,0.0,0.0,0.0,1
STD_3586,1,12,1,1,1,1,1,13,27,10,10,0,0,0,1,1,0,25,0,0,7,13,2,15.0,0,0,7,12,2,11.5,0,12.4,0.5,1.79,Dropout,4,0.2857142857142857,0.2857142857142857,-3.5,1
STD_3618,1,1,1,10,1,1,1,13,28,10,8,1,0,1,1,0,0,18,0,0,6,7,5,13.6,0,0,6,7,5,11.8,0,8.9,1.4,3.51,Dropout,10,0.8333333333333334,0.8333333333333334,-1.799999999999999,1
STD_0121,1,8,1,11,1,1,1,1,1,5,6,1,0,0,1,0,0,21,0,0,6,12,3,11.0,0,0,6,12,2,11.0,0,9.4,-0.8,-3.12,Dropout,5,0.5,0.3333333333333333,0.0,1
STD_0960,1,1,3,14,1,1,1,11,9,1,1,1,0,0,0,1,0,19,0,0,5,5,0,0.0,0,0,4,4,0,0.0,0,7.6,2.6,0.32,Dropout,0,0.0,0.0,0.0,1
STD_2136,1,12,1,11,1,1,1,13,1,5,2,0,0,1,1,0,0,25,0,0,6,6,0,0.0,0,0,6,6,0,0.0,0,15.5,2.8,-4.06,Dropout,0,0.0,0.0,0.0,1
STD_3297,1,8,2,12,1,1,1,22,27,8,8,1,0,0,1,0,1,18,0,0,7,10,5,11.94,0,0,7,8,6,12.8,0,11.1,0.6,2.02,Enrolled,11,0.7142857142857143,0.8571428571428571,0.8600000000000012,0
STD_3496,1,1,1,4,1,1,1,23,14,10,8,0,0,0,1,1,0,19,0,0,6,8,6,15.5,0,0,6,10,6,14.1,0,16.2,0.3,-0.92,Graduate,12,1.0,1.0,-1.4000000000000004,0
STD_3908,1,1,1,10,1,1,1,3,28,2,6,1,0,0,1,0,0,22,0,0,6,11,4,12.5,1,0,6,13,3,13.666666666666666,0,9.4,-0.8,-3.12,Enrolled,7,0.6666666666666666,0.5,1.166666666666666,0
STD_2297,1,14,2,9,1,1,1,1,14,4,4,1,0,0,1,1,0,22,0,0,5,11,0,0.0,0,0,5,7,1,10.0,1,16.2,0.3,-0.92,Dropout,1,0.0,0.2,10.0,1
STD_0852,1,3,2,16,1,1,1,13,14,5,6,1,0,0,1,0,0,22,0,0,6,10,5,12.6,0,0,6,9,4,11.25,0,12.7,3.7,-1.7,Enrolled,9,0.8333333333333334,0.6666666666666666,-1.3499999999999996,0
STD_4322,4,12,1,17,0,1,1,13,14,8,9,0,0,0,1,0,0,28,0,0,5,8,4,11.5,0,0,5,7,4,12.0,0,10.8,1.4,1.74,Enrolled,8,0.8,0.8,0.5,0
STD_2548,1,1,5,12,1,1,1,13,27,8,8,1,0,0,1,0,0,19,0,0,8,9,8,13.2325,1,0,8,9,8,13.2325,1,9.4,-0.8,-3.12,Graduate,16,1.0,1.0,0.0,0
STD_0558,1,1,1,2,1,1,1,22,27,10,10,1,0,0,1,1,0,18,0,0,0,0,0,0.0,0,0,0,0,0,0.0,0,7.6,2.6,0.32,Graduate,0,0.0,0.0,0.0,0
STD_0113,1,1,1,6,1,1,1,13,14,10,10,1,0,0,1,0,0,19,0,0,5,6,5,13.4,0,0,5,5,5,12.8,0,10.8,1.4,1.74,Graduate,10,1.0,1.0,-0.5999999999999996,0
STD_0460,1,8,1,15,1,1,1,22,27,6,8,0,0,0,1,0,1,18,0,0,6,7,6,12.5,0,0,6,8,6,13.333333333333334,0,16.2,0.3,-0.92,Graduate,12,1.0,1.0,0.8333333333333339,0
STD_3140,1,1,1,16,1,1,1,13,28,3,8,1,0,0,1,0,1,19,0,0,6,9,5,12.2,0,0,6,10,4,11.5,0,7.6,2.6,0.32,Enrolled,9,0.8333333333333334,0.6666666666666666,-0.6999999999999993,0
STD_0369,1,1,1,16,1,1,1,23,27,29,46,1,0,0,1,0,1,19,0,0,7,8,7,13.857142857142858,0,0,7,8,6,13.666666666666666,0,8.9,1.4,3.51,Graduate,13,1.0,0.8571428571428571,-0.19047619047619158,0
STD_4278,1,8,1,7,1,1,1,13,27,12,6,1,0,0,1,1,0,21,0,0,5,10,1,10.0,0,0,5,8,3,13.666666666666666,3,7.6,2.6,0.32,Dropout,4,0.2,0.6,3.666666666666666,1
STD_3835,1,1,1,15,1,1,1,1,14,5,5,0,0,0,1,1,1,19,0,0,6,10,4,14.0,0,0,6,9,6,12.333333333333334,0,9.4,-0.8,-3.12,Graduate,10,0.6666666666666666,1.0,-1.666666666666666,0
STD_2391,2,12,1,4,1,1,1,1,27,10,2,0,0,1,0,1,0,25,0,3,10,23,6,11.428571428571429,0,2,7,15,4,12.0,1,15.5,2.8,-4.06,Dropout,10,0.6,0.5714285714285714,0.5714285714285712,1
STD_3428,1,1,1,10,1,1,1,13,1,5,4,1,0,0,1,0,0,20,0,0,6,7,6,11.666666666666666,0,0,6,10,6,11.333333333333334,0,7.6,2.6,0.32,Graduate,12,1.0,1.0,-0.33333333333333215,0
STD_3132,1,1,3,12,1,1,1,23,28,10,9,1,0,0,1,0,1,19,0,0,8,8,7,12.785714285714286,0,0,8,8,7,12.785714285714286,0,12.7,3.7,-1.7,Graduate,14,0.875,0.875,0.0,0
STD_0393,1,1,6,15,1,1,1,18,27,8,8,1,0,1,0,0,0,18,0,0,6,8,5,13.0,0,0,6,8,5,11.4,0,7.6,2.6,0.32,Dropout,10,0.8333333333333334,0.8333333333333334,-1.5999999999999996,1
STD_1232,1,1,1,10,1,1,1,1,14,5,5,1,0,1,1,0,0,20,0,0,6,6,6,12.166666666666666,0,0,6,7,6,11.666666666666666,0,9.4,-0.8,-3.12,Graduate,12,1.0,1.0,-0.5,0
STD_3459,1,8,1,10,1,1,1,4,3,2,2,0,0,0,1,0,0,18,0,0,6,9,5,11.571428571428571,0,0,6,8,6,12.142857142857142,0,16.2,0.3,-0.92,Graduate,11,0.8333333333333334,1.0,0.5714285714285712,0
STD_3267,1,8,2,14,1,1,1,3,1,4,2,0,0,0,1,0,0,19,0,0,5,5,5,13.4,0,0,5,5,5,14.0,0,9.4,-0.8,-3.12,Graduate,10,1.0,1.0,0.5999999999999996,0
STD_0945,1,7,1,13,1,1,1,22,27,10,8,1,0,0,1,0,1,18,0,0,7,7,7,15.285714285714286,0,0,8,8,8,16.075,0,12.4,0.5,1.79,Graduate,15,1.0,1.0,0.7892857142857128,0
STD_0171,1,12,1,6,1,1,1,22,14,10,8,1,0,0,1,0,0,28,0,0,5,13,4,11.25,1,0,5,11,4,10.5,0,12.7,3.7,-1.7,Enrolled,8,0.8,0.8,-0.75,0
STD_3895,1,1,6,12,1,1,14,1,1,10,7,1,0,0,1,0,0,21,1,0,7,11,4,13.25,0,0,7,9,5,13.82,0,11.1,0.6,2.02,Enrolled,9,0.5714285714285714,0.7142857142857143,0.5700000000000003,0
STD_2825,1,1,5,12,1,1,1,3,14,5,9,1,0,0,1,0,0,19,0,0,7,11,5,11.716666666666669,0,0,7,8,5,13.7,0,13.9,-0.3,0.79,Enrolled,10,0.7142857142857143,0.7142857142857143,1.9833333333333307,0
STD_0797,1,15,1,5,1,1,1,1,1,10,9,1,0,0,1,0,0,19,0,2,7,7,7,13.0,0,5,9,9,9,13.22222222222222,0,12.4,0.5,1.79,Graduate,16,1.0,1.0,0.22222222222221966,0
STD_1199,1,1,1,10,1,1,1,1,14,5,5,0,0,0,0,0,0,18,0,0,6,6,6,14.5,0,0,6,6,6,15.166666666666666,0,10.8,1.4,1.74,Graduate,12,1.0,1.0,0.6666666666666661,0
STD_1865,1,1,1,8,1,1,1,7,14,5,5,0,0,0,1,1,1,26,0,0,5,9,0,0.0,0,0,5,6,0,0.0,0,7.6,2.6,0.32,Dropout,0,0.0,0.0,0.0,1
STD_2052,1,8,1,10,1,1,1,23,28,8,8,1,0,0,1,0,1,18,0,0,6,6,6,11.333333333333334,0,0,6,7,6,12.285714285714286,0,15.5,2.8,-4.06,Graduate,12,1.0,1.0,0.9523809523809526,0
STD_3303,1,8,1,12,1,1,1,22,27,10,9,1,0,0,1,0,1,19,0,0,7,8,7,13.46875,0,0,8,8,8,13.31375,0,15.5,2.8,-4.06,Graduate,15,1.0,1.0,-0.15499999999999936,0
STD_0317,1,1,1,12,1,1,1,13,14,4,7,1,0,0,1,0,1,18,0,0,7,7,7,14.542857142857144,0,0,8,11,8,14.88181818181818,0,16.2,0.3,-0.92,Graduate,15,1.0,1.0,0.3389610389610347,0
STD_2693,1,8,4,9,1,1,1,13,14,5,5,1,0,0,1,1,1,20,0,0,5,6,5,11.8,0,0,5,8,4,11.6,0,8.9,1.4,3.51,Graduate,9,1.0,0.8,-0.20000000000000107,0
STD_3619,1,8,5,15,1,1,1,1,1,8,8,1,0,0,1,0,0,18,0,0,6,6,6,12.5,0,0,6,6,6,13.833333333333334,0,8.9,1.4,3.51,Graduate,12,1.0,1.0,1.333333333333334,0
STD_3182,1,12,1,8,1,12,1,13,3,10,3,1,0,1,1,1,0,24,0,0,6,13,5,13.142857142857142,0,0,6,15,3,12.666666666666666,0,16.2,0.3,-0.92,Dropout,8,0.8333333333333334,0.5,-0.4761904761904763,1
STD_3907,1,1,2,12,1,1,1,22,27,10,10,1,0,0,1,0,1,21,0,0,8,8,7,13.957142857142856,0,0,8,8,7,13.957142857142856,0,12.7,3.7,-1.7,Graduate,14,0.875,0.875,0.0,0
STD_3550,1,1,1,12,1,1,1,2,14,4,10,0,0,0,1,1,0,23,0,0,7,7,6,13.483333333333334,0,0,7,7,6,13.483333333333334,0,7.6,2.6,0.32,Graduate,12,0.8571428571428571,0.8571428571428571,0.0,0
STD_0949,2,14,1,14,1,1,1,19,24,1,1,0,0,0,1,1,0,32,0,6,10,12,10,11.4,0,4,9,9,4,11.5,0,7.6,2.6,0.32,Graduate,14,1.0,0.4444444444444444,0.09999999999999964,0
STD_1270,1,12,1,14,1,1,1,22,27,7,7,0,0,0,1,0,0,28,0,0,6,8,1,10.0,0,0,6,9,0,0.0,0,10.8,1.4,1.74,Dropout,1,0.16666666666666666,0.0,-10.0,1
STD_3744,1,16,1,6,1,15,1,3,3,5,3,0,0,0,1,0,0,28,0,0,6,8,6,14.428571428571429,0,0,6,12,4,15.6,0,11.1,0.6,2.02,Enrolled,10,1.0,0.6666666666666666,1.1714285714285708,0
STD_2430,1,13,1,7,1,1,1,19,24,1,1,1,0,0,1,1,0,35,0,6,10,12,7,11.285714285714286,0,2,8,8,5,13.0,0,9.4,-0.8,-3.12,Dropout,12,0.7,0.625,1.7142857142857135,1
STD_2056,1,1,1,5,1,1,14,22,14,10,9,1,0,0,1,0,1,19,1,0,6,6,6,14.166666666666666,0,0,6,6,6,13.5,0,11.1,0.6,2.02,Graduate,12,1.0,1.0,-0.6666666666666661,0
STD_0863,1,15,1,5,1,14,1,1,14,6,9,0,0,0,1,1,0,21,0,2,7,7,2,12.0,0,5,9,10,7,12.142857142857142,0,12.4,0.5,1.79,Dropout,9,0.2857142857142857,0.7777777777777778,0.14285714285714235,1
STD_2216,1,1,2,15,1,1,1,3,1,3,5,0,0,0,1,1,0,19,0,0,6,9,5,12.6,0,6,10,16,8,11.0,1,8.9,1.4,3.51,Enrolled,13,0.8333333333333334,0.8,-1.5999999999999996,0
STD_0217,1,9,1,9,1,1,1,13,3,6,6,1,0,0,1,0,1,19,0,0,5,7,5,11.6,0,0,5,5,5,11.6,0,12.4,0.5,1.79,Graduate,10,1.0,1.0,0.0,0
STD_2330,2,12,1,5,1,9,1,22,28,6,11,0,0,1,0,1,1,46,0,0,6,6,0,0.0,0,0,6,6,0,0.0,0,15.5,2.8,-4.06,Dropout,0,0.0,0.0,0.0,1
STD_1204,1,1,6,10,1,1,1,1,28,32,35,1,0,1,1,0,1,20,0,0,6,8,5,11.6,0,0,6,8,4,11.75,0,8.9,1.4,3.51,Graduate,9,0.8333333333333334,0.6666666666666666,0.15000000000000036,0
STD_1490,1,8,6,7,1,1,1,13,14,5,1,1,0,0,1,1,0,20,0,0,5,7,4,13.0,0,0,5,9,5,14.833333333333334,3,7.6,2.6,0.32,Graduate,9,0.8,1.0,1.833333333333334,0
STD_2688,1,13,1,7,1,1,1,13,14,12,12,0,0,1,0,1,0,31,0,0,4,4,0,0.0,0,0,5,5,0,0.0,0,12.7,3.7,-1.7,Dropout,0,0.0,0.0,0.0,1
STD_2492,1,1,2,9,1,1,1,1,1,10,7,0,0,0,1,1,0,19,0,0,5,9,5,10.8,0,0,5,13,2,13.5,0,8.9,1.4,3.51,Enrolled,7,1.0,0.4,2.6999999999999993,0
STD_0603,1,4,1,12,1,15,1,1,1,10,5,0,0,0,1,0,0,24,0,4,7,7,7,16.885714285714283,0,3,8,9,8,15.744444444444444,0,16.2,0.3,-0.92,Graduate,15,1.0,1.0,-1.141269841269839,0
STD_2011,1,9,1,16,1,1,1,22,27,10,6,0,0,0,1,0,1,18,0,0,7,9,6,12.333333333333334,0,0,7,7,6,12.666666666666666,0,11.1,0.6,2.02,Graduate,12,0.8571428571428571,0.8571428571428571,0.33333333333333215,0
STD_2887,2,12,1,17,0,1,1,22,27,10,10,0,0,0,1,0,0,39,0,0,5,6,5,11.0,0,0,5,5,5,13.2,0,7.6,2.6,0.32,Graduate,10,1.0,1.0,2.1999999999999993,0
STD_0184,1,9,3,5,1,1,1,1,27,6,6,1,0,0,0,0,0,19,0,0,6,6,6,12.166666666666666,0,0,6,6,0,0.0,0,15.5,2.8,-4.06,Dropout,6,1.0,0.0,-12.166666666666666,1
STD_1444,1,8,1,4,1,1,1,1,4,10,6,1,0,1,0,1,0,26,0,0,6,8,0,0.0,0,0,6,10,0,0.0,0,16.2,0.3,-0.92,Dropout,0,0.0,0.0,0.0,1
STD_2726,1,1,1,8,1,1,1,4,5,3,3,1,0,0,1,0,0,21,0,0,5,12,1,11.0,0,0,5,9,2,10.5,0,12.7,3.7,-1.7,Enrolled,3,0.2,0.4,-0.5,0
STD_3861,1,12,1,4,1,12,1,22,14,10,8,0,0,0,1,1,0,25,0,0,6,15,1,11.0,0,0,6,13,4,11.75,0,12.4,0.5,1.79,Dropout,5,0.16666666666666666,0.6666666666666666,0.75,1
STD_2528,1,8,6,12,1,1,1,13,14,8,8,1,0,0,1,0,1,18,0,0,7,7,7,14.44142857142857,0,0,8,8,8,13.65625,0,11.1,0.6,2.02,Graduate,15,1.0,1.0,-0.7851785714285704,0
STD_3176,2,12,1,1,1,1,1,23,1,10,6,0,0,1,1,1,0,35,0,0,7,9,0,0.0,0,0,7,8,0,0.0,0,11.1,0.6,2.02,Dropout,0,0.0,0.0,0.0,1
STD_4179,1,1,2,12,1,1,1,13,28,8,10,1,0,0,1,0,1,21,0,0,7,9,7,13.2,0,0,8,9,7,13.2575,0,15.5,2.8,-4.06,Graduate,14,1.0,0.875,0.057500000000000995,0
STD_2508,1,12,1,3,0,1,1,23,27,10,8,0,0,0,1,1,1,37,0,1,7,9,6,11.857142857142858,0,1,6,7,5,12.0,0,13.9,-0.3,0.79,Graduate,11,0.8571428571428571,0.8333333333333334,0.14285714285714235,0
STD_4405,2,12,1,8,1,12,1,2,1,9,9,1,0,1,0,1,0,28,0,0,6,12,1,11.0,0,0,6,9,2,10.5,0,16.2,0.3,-0.92,Dropout,3,0.16666666666666666,0.3333333333333333,-0.5,1
STD_3375,1,1,1,10,1,1,1,13,28,10,8,1,0,0,1,0,1,22,0,0,6,6,6,12.166666666666666,0,0,6,6,6,12.5,0,12.4,0.5,1.79,Graduate,12,1.0,1.0,0.3333333333333339,0
STD_2995,1,8,1,15,1,1,1,1,28,10,9,1,0,0,1,0,0,18,0,0,6,7,6,12.571428571428571,0,0,6,8,6,11.857142857142858,0,13.9,-0.3,0.79,Graduate,12,1.0,1.0,-0.7142857142857135,0
STD_1560,1,1,3,12,1,1,1,3,14,3,11,1,0,0,1,1,0,18,0,0,8,8,8,13.24875,0,0,8,8,8,13.24875,0,9.4,-0.8,-3.12,Graduate,16,1.0,1.0,0.0,0
STD_1831,1,1,1,16,1,1,1,22,14,10,9,0,0,1,1,0,0,18,0,0,6,10,5,13.0,0,0,6,10,4,11.5,0,12.7,3.7,-1.7,Dropout,9,0.8333333333333334,0.6666666666666666,-1.5,1
STD_1662,1,1,2,6,1,1,1,3,3,6,3,1,0,0,1,0,0,18,0,0,6,7,6,16.571428571428573,0,0,6,6,6,15.666666666666666,0,13.9,-0.3,0.79,Graduate,12,1.0,1.0,-0.9047619047619069,0
STD_0056,1,1,1,12,1,1,1,1,14,6,6,1,0,0,1,0,0,18,0,0,7,9,7,13.044444444444444,0,0,8,10,8,13.595,0,15.5,2.8,-4.06,Graduate,15,1.0,1.0,0.5505555555555564,0
STD_4016,4,12,1,17,0,1,1,22,27,6,6,0,0,0,1,0,0,31,0,0,5,7,3,10.333333333333334,0,0,5,6,3,12.0,0,10.8,1.4,1.74,Dropout,6,0.6,0.6,1.666666666666666,1
STD_2163,1,8,1,10,1,1,1,13,27,8,10,0,0,0,1,0,0,20,0,0,6,6,0,0.0,0,0,5,5,0,0.0,0,8.9,1.4,3.51,Dropout,0,0.0,0.0,0.0,1
STD_2956,1,1,1,2,1,1,1,22,27,10,10,1,0,0,1,0,0,18,0,0,0,0,0,0.0,0,0,0,0,0,0.0,0,7.6,2.6,0.32,Graduate,0,0.0,0.0,0.0,0
STD_3685,2,12,1,9,1,1,1,22,27,10,8,0,0,0,1,1,0,30,0,0,5,8,2,11.0,0,0,5,6,4,11.5,0,15.5,2.8,-4.06,Dropout,6,0.4,0.8,0.5,1
STD_3133,1,1,1,8,1,1,1,3,1,3,5,1,0,0,1,0,0,18,0,0,6,11,6,14.444444444444445,0,0,6,6,6,13.333333333333334,0,16.2,0.3,-0.92,Graduate,12,1.0,1.0,-1.1111111111111107,0
STD_1669,1,15,1,5,1,14,1,1,28,5,7,0,0,1,0,0,0,22,0,2,7,9,5,11.6,0,5,9,9,5,10.0,0,12.4,0.5,1.79,Dropout,10,0.7142857142857143,0.5555555555555556,-1.5999999999999996,1
STD_3469,1,1,1,17,0,1,1,22,27,10,10,0,0,0,1,0,0,29,0,0,5,11,5,11.4,0,0,5,10,4,10.25,0,15.5,2.8,-4.06,Enrolled,9,1.0,0.8,-1.1500000000000004,0
STD_3951,1,9,1,6,1,1,1,22,27,10,10,1,0,0,1,0,1,21,0,0,6,7,6,13.5,0,0,6,6,3,15.333333333333334,0,8.9,1.4,3.51,Dropout,9,1.0,0.5,1.833333333333334,1
STD_2261,1,1,2,14,1,1,1,1,14,5,5,0,0,0,1,1,1,19,0,0,6,10,6,13.125,0,0,6,9,6,12.714285714285714,0,11.1,0.6,2.02,Enrolled,12,1.0,1.0,-0.4107142857142865,0
STD_2937,1,15,1,6,1,1,1,17,8,7,7,1,0,0,1,0,0,21,0,0,6,0,0,0.0,0,0,6,0,0,0.0,0,10.8,1.4,1.74,Dropout,0,0.0,0.0,0.0,1
STD_0746,2,14,1,4,1,1,1,1,1,5,6,1,0,0,0,1,0,29,0,0,6,6,0,0.0,0,0,6,8,0,0.0,0,15.5,2.8,-4.06,Dropout,0,0.0,0.0,0.0,1
STD_3630,1,1,1,14,1,1,1,13,14,10,9,0,0,0,0,0,1,19,0,0,6,6,6,13.833333333333334,0,0,6,7,6,14.285714285714286,0,8.9,1.4,3.51,Graduate,12,1.0,1.0,0.45238095238095255,0
STD_1374,1,1,1,15,1,1,1,1,28,4,6,1,0,0,1,1,0,19,0,0,6,8,5,12.0,0,0,6,8,5,12.4,0,9.4,-0.8,-3.12,Graduate,10,0.8333333333333334,0.8333333333333334,0.40000000000000036,0
STD_3538,1,12,2,9,1,12,1,23,14,5,11,0,0,0,0,1,0,32,0,0,5,5,0,0.0,0,0,5,9,0,0.0,0,10.8,1.4,1.74,Dropout,0,0.0,0.0,0.0,1
STD_2721,1,1,2,6,1,1,1,1,28,10,9,1,0,0,1,0,1,18,0,0,6,7,6,13.833333333333334,0,0,6,10,6,13.714285714285714,0,8.9,1.4,3.51,Graduate,12,1.0,1.0,-0.1190476190476204,0
STD_2035,2,12,1,15,1,12,1,22,27,7,7,0,0,1,1,1,1,49,0,0,6,8,6,12.285714285714286,0,0,6,7,6,14.166666666666666,0,10.8,1.4,1.74,Graduate,12,1.0,1.0,1.8809523809523796,0
STD_2984,1,4,1,16,1,3,1,13,14,5,6,0,0,1,0,0,0,25,0,1,6,7,6,14.428571428571429,0,0,6,7,6,13.666666666666666,0,10.8,1.4,1.74,Graduate,12,1.0,1.0,-0.7619047619047628,0
STD_1735,1,1,1,9,1,1,1,1,1,10,10,0,0,0,0,1,0,21,0,0,5,7,2,11.0,0,0,5,9,3,11.428571428571429,0,10.8,1.4,1.74,Dropout,5,0.4,0.6,0.4285714285714288,1
STD_1298,1,12,1,12,1,1,1,22,27,10,7,0,0,0,1,1,0,35,0,0,7,10,4,12.6,0,0,7,9,5,12.38,0,12.4,0.5,1.79,Dropout,9,0.5714285714285714,0.7142857142857143,-0.21999999999999886,1
STD_2574,1,1,4,12,1,1,1,22,14,10,10,1,0,0,1,0,0,19,0,0,7,7,6,14.983333333333334,0,0,7,7,6,14.983333333333334,0,7.6,2.6,0.32,Graduate,12,0.8571428571428571,0.8571428571428571,0.0,0
STD_0027,1,8,2,10,1,1,1,13,28,8,9,1,0,0,1,0,0,21,0,0,6,9,6,11.375,0,0,6,9,6,13.285714285714286,0,16.2,0.3,-0.92,Graduate,12,1.0,1.0,1.9107142857142865,0
STD_4244,1,1,1,5,1,1,1,4,29,3,3,1,0,0,1,0,0,18,0,1,6,10,6,11.714285714285714,1,0,6,15,6,10.375,0,13.9,-0.3,0.79,Enrolled,12,1.0,1.0,-1.3392857142857135,0
STD_1036,1,1,3,5,1,1,1,1,28,10,8,0,0,0,1,0,1,18,0,0,6,6,6,14.333333333333334,0,0,6,7,6,14.0,0,11.1,0.6,2.02,Enrolled,12,1.0,1.0,-0.3333333333333339,0
STD_1984,1,1,1,12,1,1,1,23,14,6,9,0,0,0,1,0,0,18,0,0,7,7,6,13.966666666666669,0,0,7,7,6,13.966666666666669,0,7.6,2.6,0.32,Graduate,12,0.8571428571428571,0.8571428571428571,0.0,0
STD_2446,1,12,1,12,1,1,1,22,27,10,10,0,0,0,1,1,0,34,0,0,7,15,6,11.333333333333334,0,0,7,16,4,12.6,0,16.2,0.3,-0.92,Enrolled,10,0.8571428571428571,0.5714285714285714,1.2666666666666657,0
STD_3420,1,8,1,10,1,1,1,13,28,5,10,1,0,0,1,0,1,20,0,0,6,6,6,13.333333333333334,0,0,6,7,6,14.0,0,15.5,2.8,-4.06,Graduate,12,1.0,1.0,0.6666666666666661,0
STD_1392,1,1,2,11,1,1,1,3,14,4,11,1,0,0,1,0,0,18,0,0,6,8,6,11.333333333333334,0,0,6,8,5,12.6,0,9.4,-0.8,-3.12,Graduate,11,1.0,0.8333333333333334,1.2666666666666657,0
STD_3164,1,1,1,10,1,1,1,1,28,6,8,0,0,0,1,0,1,20,0,0,6,7,6,15.0,0,0,6,6,6,16.333333333333332,0,13.9,-0.3,0.79,Graduate,12,1.0,1.0,1.3333333333333321,0
STD_2754,1,14,1,17,0,1,1,23,28,10,8,0,0,0,1,1,1,32,0,5,10,12,10,13.8,0,5,10,10,10,12.8,0,10.8,1.4,1.74,Graduate,20,1.0,1.0,-1.0,0
STD_2416,1,14,2,10,1,1,1,19,21,1,6,1,0,0,1,1,0,22,0,0,6,11,0,0.0,0,0,5,10,0,0.0,0,9.4,-0.8,-3.12,Dropout,0,0.0,0.0,0.0,1
STD_0675,1,1,1,11,1,1,1,23,28,6,9,1,0,0,1,0,0,18,0,0,6,8,6,12.166666666666666,0,0,6,6,6,13.5,0,11.1,0.6,2.02,Graduate,12,1.0,1.0,1.333333333333334,0
STD_0491,1,1,1,5,1,1,1,13,1,4,9,0,0,0,1,0,0,23,0,1,6,8,6,13.0,1,0,6,8,6,11.875,0,13.9,-0.3,0.79,Graduate,12,1.0,1.0,-1.125,0
STD_3379,2,1,1,9,1,1,1,13,27,10,10,0,0,0,1,0,0,19,0,0,5,6,4,11.25,0,0,5,10,3,11.714285714285714,0,10.8,1.4,1.74,Enrolled,7,0.8,0.6,0.4642857142857135,0
STD_2369,1,1,1,15,1,1,1,3,2,5,7,1,0,0,0,1,0,29,0,0,6,8,6,16.5,0,0,6,6,5,13.8,0,11.1,0.6,2.02,Enrolled,11,1.0,0.8333333333333334,-2.6999999999999993,0
STD_2865,1,8,2,15,1,1,1,1,1,6,6,1,0,0,1,0,1,22,0,0,6,11,5,12.0,0,0,6,11,5,11.0,0,7.6,2.6,0.32,Dropout,10,0.8333333333333334,0.8333333333333334,-1.0,1
STD_4344,1,8,2,12,1,1,1,1,1,6,11,1,0,0,1,0,0,18,0,0,7,9,5,14.06,0,0,7,9,6,12.571428571428571,0,12.4,0.5,1.79,Enrolled,11,0.7142857142857143,0.8571428571428571,-1.4885714285714293,0
STD_3392,1,13,1,12,1,1,1,13,14,5,10,0,0,0,1,0,0,23,0,0,8,8,8,12.88625,0,0,8,8,8,12.88625,0,9.4,-0.8,-3.12,Graduate,16,1.0,1.0,0.0,0
STD_1419,1,8,4,9,1,1,1,13,14,6,8,1,0,1,1,0,1,18,0,0,5,5,5,11.6,0,0,5,5,5,11.8,0,11.1,0.6,2.02,Graduate,10,1.0,1.0,0.20000000000000107,0
STD_0515,2,9,2,3,0,1,1,22,27,10,11,0,0,1,0,0,0,39,0,0,5,5,0,0.0,0,0,4,4,0,0.0,0,9.4,-0.8,-3.12,Dropout,0,0.0,0.0,0.0,1
STD_0382,1,14,1,12,1,1,1,13,27,9,9,0,0,0,1,0,0,20,0,0,7,8,6,13.25,0,0,8,8,8,13.75,0,13.9,-0.3,0.79,Enrolled,14,0.8571428571428571,1.0,0.5,0
STD_3840,1,1,2,2,1,1,1,22,27,10,10,1,0,0,0,1,0,22,0,0,0,0,0,0.0,0,0,0,0,0,0.0,0,7.6,2.6,0.32,Dropout,0,0.0,0.0,0.0,1
STD_2110,1,15,1,6,1,14,1,3,3,3,3,1,0,0,1,0,0,22,0,2,6,7,6,14.428571428571429,0,1,6,9,5,13.0,0,13.9,-0.3,0.79,Graduate,11,1.0,0.8333333333333334,-1.4285714285714288,0
STD_0555,1,8,2,9,1,1,1,1,1,5,5,0,0,0,1,1,0,20,0,0,5,14,0,0.0,0,0,5,5,0,0.0,0,11.1,0.6,2.02,Dropout,0,0.0,0.0,0.0,1
STD_3054,1,8,1,6,1,1,1,23,14,1,12,0,0,0,1,0,1,19,0,0,5,5,5,12.6,0,0,5,9,3,13.0,0,7.6,2.6,0.32,Dropout,8,1.0,0.6,0.40000000000000036,1
STD_0371,2,14,1,3,0,1,1,22,29,10,5,0,0,0,1,0,0,50,0,7,11,11,11,13.545454545454543,0,3,7,7,7,13.571428571428571,0,16.2,0.3,-0.92,Graduate,18,1.0,1.0,0.02597402597402798,0
STD_0952,2,12,1,17,0,1,1,22,27,10,10,0,0,1,0,1,0,45,0,0,5,9,0,0.0,0,0,5,11,0,0.0,0,12.4,0.5,1.79,Dropout,0,0.0,0.0,0.0,1
STD_3899,2,12,1,11,1,1,1,22,27,5,8,1,0,0,1,0,0,34,0,0,6,7,5,12.4,0,0,6,8,5,12.8,0,9.4,-0.8,-3.12,Graduate,10,0.8333333333333334,0.8333333333333334,0.40000000000000036,0
STD_2601,1,8,3,16,1,1,1,22,27,6,10,1,1,0,1,0,1,19,0,0,6,6,6,13.5,0,0,6,8,5,12.8,0,12.7,3.7,-1.7,Dropout,11,1.0,0.8333333333333334,-0.6999999999999993,1
STD_4025,1,6,1,13,1,1,12,3,14,14,29,0,0,0,1,0,0,20,1,0,7,14,0,0.0,6,0,7,12,2,11.666666666666666,0,8.9,1.4,3.51,Enrolled,2,0.0,0.2857142857142857,11.666666666666666,0
STD_0736,1,8,2,14,1,1,1,3,3,5,11,1,0,0,1,1,0,21,0,0,6,10,6,11.875,0,0,6,8,5,12.0,0,11.1,0.6,2.02,Graduate,11,1.0,0.8333333333333334,0.125,0
STD_2954,1,12,1,2,1,1,1,22,27,10,10,0,1,0,1,0,0,26,0,0,0,0,0,0.0,0,0,0,0,0,0.0,0,16.2,0.3,-0.92,Dropout,0,0.0,0.0,0.0,1
STD_1135,1,8,1,11,1,1,1,22,27,6,7,0,0,0,0,0,0,20,0,0,6,0,0,0.0,0,0,6,0,0,0.0,0,15.5,2.8,-4.06,Dropout,0,0.0,0.0,0.0,1
STD_1265,1,9,2,12,1,1,1,23,27,10,6,1,0,0,1,0,1,18,0,0,8,8,7,11.785714285714286,0,0,8,8,7,11.785714285714286,0,12.7,3.7,-1.7,Graduate,14,0.875,0.875,0.0,0
STD_1442,1,1,1,2,1,1,1,1,1,10,10,1,0,0,1,1,0,25,0,16,17,19,17,11.61111111111111,0,14,17,22,17,12.055555555555555,0,12.4,0.5,1.79,Graduate,34,1.0,1.0,0.44444444444444464,0
STD_0096,1,6,1,7,1,1,12,23,3,10,3,1,0,0,1,1,0,19,1,0,5,9,5,14.0,0,0,5,11,3,13.25,0,13.9,-0.3,0.79,Enrolled,8,1.0,0.6,-0.75,0
STD_3419,1,1,1,16,1,1,1,23,27,10,10,1,0,0,1,0,1,19,0,0,7,7,7,13.285714285714286,0,0,7,7,7,14.428571428571429,0,11.1,0.6,2.02,Graduate,14,1.0,1.0,1.1428571428571423,0
STD_3696,1,12,1,17,0,12,1,13,27,10,10,0,0,0,0,1,0,29,0,0,5,11,2,11.333333333333334,0,0,5,9,1,12.0,0,11.1,0.6,2.02,Dropout,3,0.4,0.2,0.6666666666666661,1
STD_4204,1,1,2,5,1,1,1,13,28,10,10,1,0,0,1,0,1,20,0,1,6,9,5,13.4,1,0,6,9,6,12.375,0,13.9,-0.3,0.79,Graduate,11,0.8333333333333334,1.0,-1.0250000000000004,0
STD_0147,1,1,4,11,1,1,1,10,14,10,10,1,0,0,1,0,0,19,0,0,5,10,0,0.0,0,0,5,10,0,0.0,0,7.6,2.6,0.32,Dropout,0,0.0,0.0,0.0,1
STD_0813,1,8,1,12,1,1,1,13,28,10,10,0,0,0,1,0,1,18,0,0,7,7,7,14.145714285714286,0,0,8,9,8,13.627777777777778,0,11.1,0.6,2.02,Graduate,15,1.0,1.0,-0.5179365079365077,0
STD_2312,1,1,1,12,1,1,1,1,14,10,10,0,0,0,1,1,0,18,0,0,7,7,6,13.391666666666666,0,0,8,8,8,12.4875,0,12.4,0.5,1.79,Graduate,14,0.8571428571428571,1.0,-0.904166666666665,0
STD_3478,1,14,1,17,0,1,1,22,27,10,10,0,0,0,1,0,0,21,0,6,10,20,6,11.5,0,5,10,17,5,12.4,0,9.4,-0.8,-3.12,Dropout,11,0.6,0.5,0.9000000000000004,1
STD_4197,1,1,1,12,1,1,1,13,27,6,6,0,0,0,1,0,1,21,0,0,8,8,7,13.514285714285714,0,0,8,8,7,13.514285714285714,0,12.7,3.7,-1.7,Graduate,14,0.875,0.875,0.0,0
STD_2643,1,8,5,14,1,1,1,3,4,3,3,0,0,0,1,1,0,20,0,0,6,6,3,12.333333333333334,0,0,6,9,0,0.0,0,10.8,1.4,1.74,Dropout,3,0.5,0.0,-12.333333333333334,1
STD_2928,1,1,1,9,1,1,1,13,27,10,8,1,0,0,1,0,0,20,0,0,5,8,4,11.25,0,0,5,7,5,10.4,0,7.6,2.6,0.32,Graduate,9,0.8,1.0,-0.8499999999999996,0
STD_3256,1,8,6,14,1,1,1,1,12,5,6,1,0,0,1,0,0,18,0,0,5,7,4,11.4,0,0,5,5,4,11.25,0,9.4,-0.8,-3.12,Graduate,8,0.8,0.8,-0.15000000000000036,0
STD_2718,1,6,1,14,1,1,14,1,1,10,5,0,0,0,1,0,0,21,1,2,7,9,7,14.666666666666666,0,1,6,8,6,14.0,0,11.1,0.6,2.02,Graduate,13,1.0,1.0,-0.6666666666666661,0
STD_3218,1,1,5,7,1,1,1,22,27,12,12,1,0,0,1,1,0,20,0,0,5,10,3,10.666666666666666,0,0,5,5,4,12.25,0,7.6,2.6,0.32,Graduate,7,0.6,0.8,1.583333333333334,0
STD_1344,1,1,1,16,1,1,1,22,27,10,8,1,0,0,1,0,1,18,0,0,6,8,5,13.0,0,0,6,9,5,13.5,0,9.4,-0.8,-3.12,Graduate,10,0.8333333333333334,0.8333333333333334,0.5,0
STD_3417,1,1,1,15,1,1,1,3,3,3,6,0,0,0,1,0,0,19,0,0,6,6,6,12.166666666666666,0,0,6,6,6,12.5,0,16.2,0.3,-0.92,Enrolled,12,1.0,1.0,0.3333333333333339,0
STD_2054,1,1,6,12,1,1,1,1,28,4,10,1,0,0,1,0,0,19,0,0,7,10,5,13.44,0,0,7,8,6,13.066666666666668,0,12.4,0.5,1.79,Enrolled,11,0.7142857142857143,0.8571428571428571,-0.3733333333333313,0
STD_1043,4,14,1,14,1,1,1,22,27,10,7,0,0,0,1,0,0,40,0,4,8,8,8,11.625,0,3,7,12,5,11.2,0,9.4,-0.8,-3.12,Graduate,13,1.0,0.7142857142857143,-0.4250000000000007,0
STD_1895,1,9,1,2,1,1,1,1,1,5,4,1,0,0,1,0,0,23,0,15,17,18,17,11.5,0,16,17,17,17,12.176470588235292,0,12.4,0.5,1.79,Graduate,34,1.0,1.0,0.6764705882352917,0
STD_1777,2,1,1,11,1,1,1,13,28,5,8,0,0,0,1,1,0,33,0,3,9,11,9,12.8,0,2,7,9,7,11.428571428571429,0,12.7,3.7,-1.7,Graduate,16,1.0,1.0,-1.3714285714285719,0
STD_2829,1,1,2,5,1,1,1,3,4,3,3,1,0,0,1,0,0,18,0,0,6,6,6,12.333333333333334,0,0,6,6,6,12.833333333333334,0,7.6,2.6,0.32,Enrolled,12,1.0,1.0,0.5,0
STD_1152,1,8,1,2,1,1,1,22,27,10,2,1,0,0,1,0,0,19,0,0,0,0,0,0.0,0,0,0,0,0,0.0,0,15.5,2.8,-4.06,Dropout,0,0.0,0.0,0.0,1
STD_2972,1,12,1,17,0,3,1,13,1,10,6,0,0,0,1,0,0,25,0,0,5,14,1,11.0,0,0,5,11,2,12.666666666666666,4,16.2,0.3,-0.92,Dropout,3,0.2,0.4,1.666666666666666,1
STD_2833,2,12,1,4,1,1,1,3,3,3,3,0,0,1,0,0,0,34,0,1,6,10,6,14.333333333333334,0,0,6,9,6,12.833333333333334,0,11.1,0.6,2.02,Enrolled,12,1.0,1.0,-1.5,0
STD_3522,1,8,1,2,1,1,1,22,27,8,10,1,0,0,1,1,0,24,0,12,17,19,13,11.642857142857142,0,12,17,25,12,11.25,0,11.1,0.6,2.02,Dropout,25,0.7647058823529411,0.7058823529411765,-0.39285714285714235,1
STD_1178,1,1,2,5,1,1,17,2,1,10,2,1,0,0,1,1,0,21,1,0,6,7,5,14.6,0,0,6,6,5,14.2,0,16.2,0.3,-0.92,Graduate,10,0.8333333333333334,0.8333333333333334,-0.40000000000000036,0
STD_4316,1,1,1,11,1,1,1,1,3,5,2,1,0,0,1,1,0,18,0,0,6,15,3,11.666666666666666,0,0,6,14,2,12.5,0,10.8,1.4,1.74,Dropout,5,0.5,0.3333333333333333,0.8333333333333339,1
STD_0965,1,1,1,15,1,1,1,1,3,4,8,1,0,0,1,1,1,18,0,0,6,7,6,11.666666666666666,0,0,6,12,5,10.2,0,12.4,0.5,1.79,Graduate,11,1.0,0.8333333333333334,-1.4666666666666668,0
STD_0345,1,13,1,9,1,1,1,22,28,10,2,1,0,0,1,0,0,26,0,3,5,5,4,13.0,0,1,5,7,2,12.0,0,9.4,-0.8,-3.12,Enrolled,6,0.8,0.4,-1.0,0
STD_1724,1,1,1,15,1,1,1,2,1,10,10,1,1,0,1,0,1,18,0,0,6,9,6,11.166666666666666,0,0,6,11,5,12.4,0,10.8,1.4,1.74,Graduate,11,1.0,0.8333333333333334,1.2333333333333343,0
STD_0299,1,8,4,13,1,1,1,1,1,5,11,1,0,0,1,0,0,20,0,0,7,7,7,12.5,0,0,8,8,8,13.1375,0,12.4,0.5,1.79,Graduate,15,1.0,1.0,0.6374999999999993,0
STD_3721,1,15,1,4,1,1,1,1,3,22,21,0,0,0,1,1,0,19,0,0,6,17,1,11.0,0,0,6,19,0,0.0,0,16.2,0.3,-0.92,Enrolled,1,0.16666666666666666,0.0,-11.0,0
STD_2209,1,8,2,9,1,1,1,23,28,5,8,1,0,0,1,1,1,22,0,0,5,7,3,12.333333333333334,0,0,5,9,3,10.571428571428571,0,10.8,1.4,1.74,Enrolled,6,0.6,0.6,-1.7619047619047628,0
STD_0547,1,12,1,7,1,15,1,1,1,6,11,0,0,0,1,1,0,25,0,2,5,6,5,14.2,0,1,5,5,2,13.5,0,16.2,0.3,-0.92,Enrolled,7,1.0,0.4,-0.6999999999999993,0
STD_3871,1,8,1,14,1,1,1,1,27,5,6,0,0,0,1,1,0,21,0,0,6,8,6,14.75,0,0,6,9,5,14.333333333333334,0,11.1,0.6,2.02,Graduate,11,1.0,0.8333333333333334,-0.4166666666666661,0
STD_4418,1,1,1,5,1,1,1,1,1,10,10,1,0,0,1,0,1,20,0,0,6,6,6,13.833333333333334,0,0,6,6,6,13.5,0,16.2,0.3,-0.92,Graduate,12,1.0,1.0,-0.3333333333333339,0
STD_3479,1,12,1,10,1,1,1,23,1,10,4,0,0,1,1,1,0,28,0,2,8,15,7,11.0,0,0,6,17,1,10.0,0,10.8,1.4,1.74,Enrolled,8,0.875,0.16666666666666666,-1.0,0
STD_1925,1,8,1,14,1,1,1,1,28,5,8,0,0,1,1,0,1,18,0,0,6,7,1,14.0,0,0,6,6,0,0.0,0,15.5,2.8,-4.06,Dropout,1,0.16666666666666666,0.0,-14.0,1
STD_2137,1,8,5,5,1,1,1,22,27,10,10,1,0,0,0,0,0,18,0,0,6,9,4,11.5,1,0,6,6,6,12.166666666666666,0,7.6,2.6,0.32,Graduate,10,0.6666666666666666,1.0,0.6666666666666661,0
STD_1260,1,1,1,6,1,1,1,13,28,10,10,1,0,0,1,0,0,19,0,0,6,7,6,16.0,0,0,6,8,6,15.875,0,12.4,0.5,1.79,Graduate,12,1.0,1.0,-0.125,0
STD_3316,2,1,1,17,0,1,1,22,14,10,10,1,0,0,1,1,0,32,0,0,5,5,5,14.8,0,0,5,5,5,14.2,0,7.6,2.6,0.32,Graduate,10,1.0,1.0,-0.6000000000000014,0
STD_2192,1,1,6,12,1,1,1,4,14,3,4,1,0,0,1,1,0,18,0,0,7,0,0,0.0,0,0,8,0,0,0.0,0,16.2,0.3,-0.92,Dropout,0,0.0,0.0,0.0,1
STD_1845,1,1,6,12,1,1,1,1,1,10,10,1,1,1,1,1,0,19,0,2,7,8,7,13.075,0,1,8,11,8,12.36111111111111,0,12.4,0.5,1.79,Graduate,15,1.0,1.0,-0.7138888888888886,0
STD_4365,1,8,1,10,1,1,1,22,27,10,10,1,0,0,1,0,0,18,0,0,6,9,4,11.5,0,0,6,10,4,10.75,0,7.6,2.6,0.32,Enrolled,8,0.6666666666666666,0.6666666666666666,-0.75,0
STD_2506,1,1,6,12,1,1,1,13,14,10,10,1,0,0,1,0,1,18,0,0,8,8,7,13.585714285714284,0,0,8,8,7,13.585714285714284,0,12.7,3.7,-1.7,Graduate,14,0.875,0.875,0.0,0
STD_0350,1,1,2,3,0,1,1,3,1,4,10,0,0,0,1,0,0,20,0,0,6,10,5,12.0,0,0,6,9,4,11.25,0,9.4,-0.8,-3.12,Enrolled,9,0.8333333333333334,0.6666666666666666,-0.75,0
STD_3904,2,12,1,9,1,1,1,23,27,5,8,1,0,0,0,0,0,39,0,0,5,12,3,10.666666666666666,2,0,5,15,3,10.666666666666666,0,9.4,-0.8,-3.12,Dropout,6,0.6,0.6,0.0,1
STD_3165,1,1,1,6,1,1,1,13,27,10,10,1,0,0,1,0,0,19,0,0,5,9,5,13.6,1,0,5,5,5,12.4,0,12.7,3.7,-1.7,Graduate,10,1.0,1.0,-1.1999999999999993,0
STD_0300,1,1,1,12,1,1,1,13,28,6,8,0,0,0,1,0,0,18,0,0,8,10,8,12.86,2,0,8,10,8,12.86,2,9.4,-0.8,-3.12,Graduate,16,1.0,1.0,0.0,0
STD_3973,1,12,1,17,0,1,1,22,27,10,10,0,0,0,1,0,0,31,0,0,5,8,4,11.0,0,0,5,6,5,11.2,0,7.6,2.6,0.32,Graduate,9,0.8,1.0,0.1999999999999993,0
STD_0634,1,12,1,13,1,1,1,23,28,29,44,0,0,1,1,0,1,24,0,0,7,13,7,11.0,0,0,8,13,7,11.7,0,12.7,3.7,-1.7,Graduate,14,1.0,0.875,0.6999999999999993,0
STD_0500,1,8,1,12,1,1,1,23,28,8,8,0,0,0,1,0,0,18,0,0,8,8,8,12.77125,0,0,8,8,8,12.77125,0,9.4,-0.8,-3.12,Graduate,16,1.0,1.0,0.0,0
STD_1138,1,1,1,11,1,1,1,1,28,5,10,1,0,0,1,0,1,21,0,0,6,8,6,12.166666666666666,0,0,6,11,3,11.666666666666666,0,10.8,1.4,1.74,Dropout,9,1.0,0.5,-0.5,1
STD_0145,1,1,3,12,1,1,1,13,14,10,8,1,0,0,1,0,1,19,0,0,7,10,7,13.605,0,0,8,11,8,12.33125,0,15.5,2.8,-4.06,Graduate,15,1.0,1.0,-1.2737499999999997,0
STD_3444,1,1,2,15,1,1,1,1,14,10,10,0,0,0,1,0,0,18,0,0,6,6,6,13.833333333333334,0,0,6,6,6,12.666666666666666,0,10.8,1.4,1.74,Graduate,12,1.0,1.0,-1.1666666666666679,0
STD_1483,1,1,2,14,1,1,1,3,1,3,7,1,0,0,1,1,1,21,0,0,6,8,6,15.166666666666666,0,0,6,7,6,14.428571428571429,0,8.9,1.4,3.51,Graduate,12,1.0,1.0,-0.7380952380952372,0
STD_2362,1,13,1,15,1,1,1,13,6,5,4,0,0,0,1,1,0,27,0,0,4,8,0,0.0,0,0,5,10,0,0.0,0,9.4,-0.8,-3.12,Dropout,0,0.0,0.0,0.0,1
STD_1888,2,14,1,15,1,1,1,22,27,6,1,0,0,1,0,1,0,51,0,0,4,4,0,0.0,0,0,4,4,0,0.0,0,12.7,3.7,-1.7,Dropout,0,0.0,0.0,0.0,1
STD_1813,2,16,1,12,1,1,1,22,27,6,6,0,0,0,1,1,0,44,0,0,7,11,5,12.1,0,0,7,10,5,12.6,0,11.1,0.6,2.02,Dropout,10,0.7142857142857143,0.7142857142857143,0.5,1
STD_0011,1,1,1,14,1,1,1,23,14,6,8,1,0,0,1,0,0,18,0,0,6,6,6,12.333333333333334,0,0,6,7,5,14.2,0,13.9,-0.3,0.79,Graduate,11,1.0,0.8333333333333334,1.8666666666666654,0
STD_0625,1,8,4,5,1,1,1,23,27,10,10,0,0,0,1,0,1,23,0,0,6,6,6,13.333333333333334,0,0,6,8,3,12.666666666666666,0,11.1,0.6,2.02,Dropout,9,1.0,0.5,-0.6666666666666679,1
STD_0213,1,14,1,8,1,1,1,1,3,10,3,1,0,0,1,0,1,20,0,0,6,8,6,15.625,0,0,6,8,6,15.857142857142858,0,13.9,-0.3,0.79,Graduate,12,1.0,1.0,0.23214285714285765,0
STD_2302,1,8,1,5,1,1,1,13,14,8,8,0,0,0,1,1,0,18,0,0,6,7,6,12.333333333333334,0,0,6,10,5,10.8,4,16.2,0.3,-0.92,Enrolled,11,1.0,0.8333333333333334,-1.5333333333333332,0
STD_0250,1,1,1,14,1,1,1,13,1,10,9,1,0,0,1,0,1,18,0,0,6,10,6,13.25,0,0,6,13,5,14.142857142857142,0,11.1,0.6,2.02,Graduate,11,1.0,0.8333333333333334,0.8928571428571423,0
STD_2503,1,16,1,1,1,1,1,13,27,6,8,0,0,0,1,0,0,26,0,14,21,23,20,13.181818181818182,0,10,14,18,14,11.642857142857142,0,8.9,1.4,3.51,Graduate,34,0.9523809523809523,1.0,-1.5389610389610393,0
STD_1974,1,8,1,9,1,1,1,13,14,5,7,0,0,0,1,0,1,21,0,0,5,6,5,11.4,0,0,5,6,5,12.2,0,12.7,3.7,-1.7,Graduate,10,1.0,1.0,0.7999999999999989,0
STD_1476,1,8,1,8,1,1,1,13,28,5,8,0,0,0,1,1,0,19,0,0,5,11,4,12.0,1,0,5,9,5,12.6,0,9.4,-0.8,-3.12,Graduate,9,0.8,1.0,0.5999999999999996,0
STD_3203,1,1,1,15,1,1,1,5,3,5,5,1,0,0,1,1,0,20,0,0,6,7,6,12.166666666666666,0,0,6,9,3,12.0,0,12.4,0.5,1.79,Enrolled,9,1.0,0.5,-0.16666666666666607,0
STD_2195,1,1,1,2,1,1,1,22,14,6,9,1,0,0,1,1,1,19,0,0,0,0,0,0.0,0,0,0,0,0,0.0,0,13.9,-0.3,0.79,Graduate,0,0.0,0.0,0.0,0
STD_3596,1,15,1,4,1,14,1,13,28,10,11,0,0,0,1,1,0,19,0,0,6,15,3,13.25,0,0,6,9,1,12.0,0,13.9,-0.3,0.79,Dropout,4,0.5,0.16666666666666666,-1.25,1
STD_3977,1,1,4,12,1,1,1,13,14,10,8,1,0,0,1,0,0,18,0,0,7,7,7,13.78,0,0,8,8,8,12.6125,0,12.4,0.5,1.79,Graduate,15,1.0,1.0,-1.1674999999999986,0
STD_0153,1,8,1,16,1,1,1,23,28,8,7,1,0,0,1,0,0,18,0,0,6,11,3,12.333333333333334,0,0,6,10,5,10.833333333333334,0,9.4,-0.8,-3.12,Enrolled,8,0.5,0.8333333333333334,-1.5,0
STD_1433,1,1,3,11,1,1,1,22,28,8,8,1,0,0,1,0,1,18,0,0,6,9,6,10.833333333333334,0,0,6,8,5,11.0,0,7.6,2.6,0.32,Enrolled,11,1.0,0.8333333333333334,0.16666666666666607,0
STD_2871,1,1,1,2,1,3,1,3,3,3,3,0,0,0,1,0,0,22,0,12,17,22,17,10.36842105263158,0,14,17,18,17,11.5,0,11.1,0.6,2.02,Graduate,34,1.0,1.0,1.1315789473684195,0
STD_1862,1,12,1,7,1,1,1,1,1,5,5,0,0,0,1,1,0,34,0,0,5,7,0,0.0,0,0,5,8,1,11.0,0,10.8,1.4,1.74,Enrolled,1,0.0,0.2,11.0,0
STD_0548,1,1,1,14,1,1,1,23,14,6,7,0,0,1,1,1,0,22,0,0,6,8,6,12.625,0,0,6,11,2,14.5,0,11.1,0.6,2.02,Enrolled,8,1.0,0.3333333333333333,1.875,0
STD_1134,1,1,1,12,1,1,1,13,1,10,6,0,0,0,1,0,1,18,0,0,7,7,7,14.071428571428571,0,0,8,8,8,15.1625,0,13.9,-0.3,0.79,Graduate,15,1.0,1.0,1.0910714285714285,0
STD_1402,1,1,2,11,1,1,1,23,28,10,8,1,0,0,1,0,1,18,0,0,6,8,6,12.285714285714286,0,0,6,9,5,12.4,0,8.9,1.4,3.51,Graduate,11,1.0,0.8333333333333334,0.11428571428571388,0
STD_0985,1,1,1,9,1,1,1,1,1,3,11,0,0,0,1,1,0,19,0,0,5,8,2,10.0,0,0,5,8,1,16.0,0,7.6,2.6,0.32,Dropout,3,0.4,0.2,6.0,1
STD_2955,4,12,1,10,1,1,1,22,27,10,10,1,0,0,1,0,1,39,0,0,6,7,6,14.0,0,0,6,7,5,14.8,0,12.7,3.7,-1.7,Graduate,11,1.0,0.8333333333333334,0.8000000000000007,0
STD_0082,1,12,1,17,0,2,1,3,3,3,3,1,0,0,1,1,0,35,0,0,1,1,0,0.0,1,0,5,0,0,0.0,0,10.8,1.4,1.74,Dropout,0,0.0,0.0,0.0,1
STD_4104,1,1,2,9,1,1,1,1,14,5,10,1,0,0,1,0,0,19,0,0,5,5,5,11.2,0,0,5,11,4,11.75,0,10.8,1.4,1.74,Enrolled,9,1.0,0.8,0.5500000000000007,0
STD_1443,1,8,6,11,1,1,1,1,1,5,4,1,0,0,1,1,0,18,0,0,6,6,6,14.0,0,0,6,6,6,14.666666666666666,0,11.1,0.6,2.02,Graduate,12,1.0,1.0,0.6666666666666661,0
STD_1868,1,12,1,17,0,1,1,22,27,10,7,0,0,1,0,1,0,31,0,0,5,9,0,0.0,0,0,5,6,0,0.0,0,12.4,0.5,1.79,Dropout,0,0.0,0.0,0.0,1
STD_1404,1,8,5,12,1,1,1,23,1,10,8,1,0,0,1,0,1,18,0,0,7,8,7,13.15,0,0,8,9,8,15.06875,0,13.9,-0.3,0.79,Graduate,15,1.0,1.0,1.9187499999999993,0
STD_1432,1,1,5,16,1,1,1,1,10,5,10,1,0,0,1,0,0,20,0,0,6,12,4,12.0,0,0,6,11,1,10.0,0,10.8,1.4,1.74,Dropout,5,0.6666666666666666,0.16666666666666666,-2.0,1
STD_4135,1,1,1,10,1,1,1,19,28,5,8,0,0,0,1,0,1,18,0,0,6,12,4,11.0,0,0,6,9,6,11.5,0,9.4,-0.8,-3.12,Graduate,10,0.6666666666666666,1.0,0.5,0
STD_3382,1,10,1,9,1,2,1,19,24,1,1,1,0,0,1,0,0,31,0,13,15,17,13,11.615384615384617,0,11,14,14,11,12.545454545454543,0,7.6,2.6,0.32,Dropout,24,0.8666666666666667,0.7857142857142857,0.9300699300699264,1
STD_0429,3,1,2,6,1,1,1,13,1,5,5,1,0,0,1,0,0,21,0,0,5,8,0,0.0,4,0,5,12,0,0.0,4,10.8,1.4,1.74,Dropout,0,0.0,0.0,0.0,1
STD_3440,1,8,2,13,1,1,1,22,28,10,9,1,0,0,1,0,0,19,0,0,7,16,2,12.75,0,0,7,12,2,11.0,0,8.9,1.4,3.51,Dropout,4,0.2857142857142857,0.2857142857142857,-1.75,1
STD_1805,1,16,1,9,1,12,1,13,14,10,6,0,0,1,0,1,0,38,0,0,5,5,0,0.0,0,0,5,5,0,0.0,0,8.9,1.4,3.51,Dropout,0,0.0,0.0,0.0,1
STD_3543,1,12,1,17,0,1,1,22,28,10,5,0,0,0,1,1,0,39,0,0,5,7,4,12.25,0,0,5,7,4,12.75,0,15.5,2.8,-4.06,Enrolled,8,0.8,0.8,0.5,0
STD_2538,1,1,1,14,1,1,1,13,14,8,8,0,0,0,1,0,0,19,0,0,6,7,6,14.714285714285714,0,0,6,6,6,15.833333333333334,0,12.4,0.5,1.79,Graduate,12,1.0,1.0,1.1190476190476204,0
STD_1393,1,1,1,2,1,1,1,13,14,10,10,1,0,1,1,0,0,20,0,0,0,0,0,0.0,0,0,0,0,0,0.0,0,16.2,0.3,-0.92,Dropout,0,0.0,0.0,0.0,1
STD_3928,1,1,2,15,1,1,1,23,27,6,4,1,0,1,0,0,0,18,0,0,6,8,6,14.142857142857142,0,0,6,6,5,12.0,0,13.9,-0.3,0.79,Dropout,11,1.0,0.8333333333333334,-2.1428571428571423,1
STD_2815,1,1,1,2,1,1,1,3,28,3,11,1,0,0,1,0,0,18,0,0,0,0,0,0.0,0,0,0,0,0,0.0,0,13.9,-0.3,0.79,Graduate,0,0.0,0.0,0.0,0
STD_1105,1,1,1,10,1,1,1,13,14,1,6,1,0,0,1,0,0,19,0,0,6,12,2,13.0,0,0,6,8,5,11.6,0,7.6,2.6,0.32,Graduate,7,0.3333333333333333,0.8333333333333334,-1.4000000000000004,0
STD_3192,1,1,1,14,1,1,1,13,27,10,10,0,0,0,1,1,0,18,0,0,6,7,4,12.6,0,0,6,6,4,13.0,0,12.4,0.5,1.79,Dropout,8,0.6666666666666666,0.6666666666666666,0.40000000000000036,1
STD_3528,1,14,1,12,1,1,1,2,4,5,6,0,0,0,1,1,0,23,0,0,7,14,5,11.94,0,0,7,14,6,12.2,0,13.9,-0.3,0.79,Dropout,11,0.7142857142857143,0.8571428571428571,0.2599999999999998,1
STD_0570,1,12,1,4,1,1,1,3,4,3,3,0,0,0,1,1,0,27,0,0,6,10,5,13.0,0,0,6,13,5,11.5,0,16.2,0.3,-0.92,Graduate,10,0.8333333333333334,0.8333333333333334,-1.5,0
STD_3720,1,8,1,14,1,1,1,13,27,6,9,0,0,0,1,1,0,18,0,0,6,6,6,13.5,0,0,6,0,0,0.0,0,12.7,3.7,-1.7,Dropout,6,1.0,0.0,-13.5,1
STD_2929,1,1,1,2,1,1,1,22,27,10,4,1,0,0,1,0,0,20,0,0,0,0,0,0.0,0,0,0,0,0,0.0,0,9.4,-0.8,-3.12,Dropout,0,0.0,0.0,0.0,1
STD_2461,2,12,1,15,1,1,1,22,27,8,5,0,0,0,1,1,0,43,0,0,6,10,4,11.75,0,0,6,7,0,0.0,0,15.5,2.8,-4.06,Dropout,4,0.6666666666666666,0.0,-11.75,1
STD_2217,1,9,2,13,1,1,1,3,3,3,3,0,0,0,1,1,0,18,0,0,7,11,6,13.433333333333332,0,0,7,10,4,13.6,0,8.9,1.4,3.51,Graduate,10,0.8571428571428571,0.5714285714285714,0.16666666666666785,0
STD_2142,1,8,4,6,1,1,1,23,27,5,10,1,0,0,1,0,0,20,0,0,5,12,2,13.5,0,0,5,12,5,11.285714285714286,1,10.8,1.4,1.74,Graduate,7,0.4,1.0,-2.2142857142857135,0
STD_3990,1,14,1,10,1,1,1,23,14,10,5,0,0,1,1,0,0,28,0,15,16,16,13,12.076923076923077,0,13,13,13,11,12.090909090909092,0,16.2,0.3,-0.92,Graduate,24,0.8125,0.8461538461538461,0.013986013986015067,0
STD_2064,1,1,1,6,1,1,1,23,28,5,8,1,0,0,1,0,0,19,0,0,6,12,5,14.0,0,0,6,14,5,11.0,0,16.2,0.3,-0.92,Graduate,10,0.8333333333333334,0.8333333333333334,-3.0,0
STD_3194,1,13,1,5,1,1,1,3,2,4,2,0,0,0,1,1,0,20,0,6,7,13,7,12.375,0,4,7,8,4,11.25,0,13.9,-0.3,0.79,Dropout,11,1.0,0.5714285714285714,-1.125,1
STD_1401,1,1,2,2,1,1,1,1,3,4,4,1,0,0,1,0,0,18,0,0,0,0,0,0.0,0,0,0,0,0,0.0,0,12.4,0.5,1.79,Enrolled,0,0.0,0.0,0.0,0
STD_4014,1,16,1,12,1,1,1,22,28,4,4,1,0,0,1,0,1,20,0,2,7,7,7,16.13142857142857,0,0,8,9,8,15.52222222222222,0,11.1,0.6,2.02,Graduate,15,1.0,1.0,-0.6092063492063513,0
STD_4340,1,13,1,12,1,1,1,3,27,3,7,1,0,0,1,0,0,25,0,0,14,14,12,13.291666666666666,1,0,14,14,12,13.291666666666666,1,7.6,2.6,0.32,Graduate,24,0.8571428571428571,0.8571428571428571,0.0,0
STD_1027,1,1,1,6,1,1,1,18,14,5,12,0,0,0,1,0,0,18,0,0,5,6,5,14.2,0,0,5,7,5,11.8,0,7.6,2.6,0.32,Graduate,10,1.0,1.0,-2.3999999999999986,0
STD_3287,1,4,1,13,1,17,1,23,14,10,10,0,0,0,1,1,0,36,0,0,7,16,1,12.0,0,0,7,13,0,0.0,1,11.1,0.6,2.02,Dropout,1,0.14285714285714285,0.0,-12.0,1
STD_4237,1,14,1,15,1,1,1,23,14,10,10,1,0,0,1,1,1,20,0,0,6,6,6,12.333333333333334,0,0,6,7,6,14.0,0,12.4,0.5,1.79,Graduate,12,1.0,1.0,1.666666666666666,0
STD_1319,1,14,1,11,1,1,1,1,14,6,8,0,0,0,1,0,1,19,0,0,6,11,4,12.0,0,0,6,14,3,11.0,0,10.8,1.4,1.74,Dropout,7,0.6666666666666666,0.5,-1.0,1
STD_1871,1,8,1,14,1,1,1,19,3,8,3,1,0,1,0,1,0,23,0,0,5,5,0,0.0,0,0,5,5,0,0.0,0,7.6,2.6,0.32,Dropout,0,0.0,0.0,0.0,1
STD_3309,1,1,6,12,1,1,1,13,14,2,5,1,0,0,1,0,1,17,0,0,8,8,8,13.41625,0,0,8,8,8,13.41625,0,9.4,-0.8,-3.12,Graduate,16,1.0,1.0,0.0,0
STD_3844,1,7,2,9,1,1,1,22,27,10,10,1,0,0,1,1,0,20,0,0,5,8,1,10.0,0,0,5,7,1,11.0,0,7.6,2.6,0.32,Dropout,2,0.2,0.2,1.0,1
STD_4286,1,1,5,9,1,1,1,3,2,3,3,0,0,0,1,1,0,22,0,1,5,10,4,11.75,0,0,5,10,3,11.0,0,7.6,2.6,0.32,Enrolled,7,0.8,0.6,-0.75,0
STD_0613,1,1,1,5,1,1,1,1,1,2,2,1,0,0,1,0,0,20,0,0,6,6,6,12.833333333333334,0,0,6,10,6,11.166666666666666,0,12.4,0.5,1.79,Graduate,12,1.0,1.0,-1.6666666666666679,0
STD_0408,1,12,1,17,0,15,1,1,14,10,10,0,0,0,1,0,0,27,0,0,5,5,5,15.8,0,0,5,5,5,14.8,0,8.9,1.4,3.51,Graduate,10,1.0,1.0,-1.0,0
STD_0900,1,8,1,14,1,1,1,13,14,8,8,0,0,0,1,0,1,19,0,0,6,6,6,13.0,0,0,6,6,6,14.0,0,13.9,-0.3,0.79,Graduate,12,1.0,1.0,1.0,0
STD_2845,2,12,1,17,0,1,1,22,27,10,10,0,0,0,1,0,0,50,0,0,5,9,2,10.5,0,0,5,7,3,11.0,0,12.7,3.7,-1.7,Enrolled,5,0.4,0.6,0.5,0
STD_3113,1,8,4,11,1,1,1,1,1,5,5,1,0,0,1,0,0,19,0,0,6,7,6,11.666666666666666,0,0,6,6,6,12.333333333333334,0,13.9,-0.3,0.79,Dropout,12,1.0,1.0,0.6666666666666679,1
STD_2916,6,12,1,3,0,1,1,22,27,10,10,0,0,0,1,0,1,48,0,0,6,7,6,10.666666666666666,0,0,6,9,5,11.8,0,10.8,1.4,1.74,Enrolled,11,1.0,0.8333333333333334,1.1333333333333346,0
STD_3850,1,1,3,15,1,1,1,13,28,10,8,1,0,0,1,1,0,19,0,0,6,6,6,13.833333333333334,0,0,6,6,6,13.666666666666666,0,11.1,0.6,2.02,Graduate,12,1.0,1.0,-0.16666666666666785,0
STD_3360,1,1,1,9,1,1,1,1,27,10,10,1,0,0,1,0,0,21,0,0,5,8,4,11.0,0,0,5,8,5,12.0,0,7.6,2.6,0.32,Enrolled,9,0.8,1.0,1.0,0
STD_1585,1,1,1,15,1,1,1,22,14,10,10,1,0,0,1,0,1,18,0,0,6,8,5,13.0,0,0,6,7,6,13.0,0,15.5,2.8,-4.06,Graduate,11,0.8333333333333334,1.0,0.0,0
STD_1450,1,15,1,5,1,14,1,1,14,5,5,0,0,0,1,1,0,25,0,2,7,9,6,12.571428571428571,0,5,9,9,9,12.555555555555555,0,16.2,0.3,-0.92,Graduate,15,0.8571428571428571,1.0,-0.015873015873015817,0
STD_4085,2,12,1,9,1,1,1,1,14,10,10,0,0,0,0,0,0,29,0,0,4,4,0,0.0,0,0,5,0,0,0.0,0,12.7,3.7,-1.7,Dropout,0,0.0,0.0,0.0,1
STD_3422,1,15,1,6,1,14,1,22,28,10,7,1,0,0,1,0,0,23,0,0,6,7,0,0.0,0,0,6,7,0,0.0,0,11.1,0.6,2.02,Dropout,0,0.0,0.0,0.0,1
STD_1373,1,1,1,10,1,1,1,1,14,6,10,0,0,0,1,1,0,18,0,0,6,8,6,12.0,0,0,6,7,6,11.714285714285714,0,15.5,2.8,-4.06,Graduate,12,1.0,1.0,-0.2857142857142865,0
STD_3086,2,4,1,9,1,3,1,13,1,10,10,0,0,0,1,0,0,33,0,5,8,10,6,12.833333333333334,0,2,5,8,4,12.0,0,11.1,0.6,2.02,Enrolled,10,0.75,0.8,-0.8333333333333339,0
STD_2798,1,1,2,14,1,1,1,1,28,8,8,1,0,0,1,1,0,19,0,0,6,6,6,13.333333333333334,0,0,6,8,5,14.0,0,8.9,1.4,3.51,Graduate,11,1.0,0.8333333333333334,0.6666666666666661,0
STD_2474,1,12,1,4,1,1,1,1,1,2,7,0,0,0,0,1,0,24,0,0,6,0,0,0.0,0,0,6,0,0,0.0,0,13.9,-0.3,0.79,Dropout,0,0.0,0.0,0.0,1
STD_2124,1,8,3,10,1,1,1,1,14,5,11,1,0,0,1,0,0,19,0,0,6,10,5,11.285714285714286,0,0,6,7,0,0.0,0,16.2,0.3,-0.92,Dropout,5,0.8333333333333334,0.0,-11.285714285714286,1
STD_1768,1,15,1,11,1,14,1,13,2,10,4,0,0,0,0,1,0,26,0,2,8,14,8,15.125,0,1,6,12,6,13.666666666666666,0,11.1,0.6,2.02,Enrolled,14,1.0,1.0,-1.458333333333334,0
STD_0298,1,1,1,10,1,1,1,1,1,4,4,1,0,0,1,0,0,18,0,0,6,10,6,11.571428571428571,0,0,6,8,6,12.333333333333334,0,12.4,0.5,1.79,Graduate,12,1.0,1.0,0.7619047619047628,0
STD_2439,1,4,1,4,1,3,1,1,28,10,8,1,0,0,0,1,0,32,0,11,17,31,11,12.727272727272728,4,10,12,24,10,12.7,1,15.5,2.8,-4.06,Dropout,21,0.6470588235294118,0.8333333333333334,-0.027272727272729114,1
STD_2645,1,12,1,4,1,1,1,22,14,7,5,0,0,0,1,1,0,35,0,1,6,7,5,12.8,0,1,6,11,5,13.833333333333334,0,15.5,2.8,-4.06,Graduate,10,0.8333333333333334,0.8333333333333334,1.0333333333333332,0
STD_0266,1,1,2,15,1,1,1,3,1,2,4,1,0,0,1,0,0,18,0,0,6,11,4,12.25,0,0,6,10,3,11.666666666666666,0,9.4,-0.8,-3.12,Graduate,7,0.6666666666666666,0.5,-0.5833333333333339,0
STD_2578,1,1,4,11,1,1,1,22,27,10,8,1,0,0,1,0,0,24,0,0,6,14,2,10.5,0,0,6,11,1,10.0,0,10.8,1.4,1.74,Dropout,3,0.3333333333333333,0.16666666666666666,-0.5,1
STD_3494,1,4,1,7,1,3,1,22,27,10,10,0,0,0,0,1,0,33,0,0,5,6,0,0.0,0,0,5,5,0,0.0,0,12.7,3.7,-1.7,Dropout,0,0.0,0.0,0.0,1
STD_2885,1,4,1,4,1,3,1,22,27,7,7,0,0,0,1,0,0,54,0,9,13,13,13,14.307692307692308,0,5,12,15,12,15.23076923076923,0,15.5,2.8,-4.06,Graduate,25,1.0,1.0,0.9230769230769216,0
STD_1188,1,8,1,9,1,1,1,22,27,10,8,1,0,0,1,0,0,20,0,0,5,9,1,10.0,0,0,5,10,1,11.0,0,7.6,2.6,0.32,Dropout,2,0.2,0.2,1.0,1
STD_1267,1,1,1,14,1,1,1,23,28,10,11,0,0,0,1,0,0,20,0,0,6,8,6,12.5,0,0,6,10,5,14.166666666666666,0,11.1,0.6,2.02,Graduate,11,1.0,0.8333333333333334,1.666666666666666,0
STD_1943,2,1,1,5,1,1,1,10,14,10,10,0,0,0,1,0,1,20,0,0,6,6,6,15.0,0,0,6,6,6,14.5,0,11.1,0.6,2.02,Graduate,12,1.0,1.0,-0.5,0
STD_1500,1,15,1,4,1,14,1,1,28,5,5,1,0,0,1,1,1,20,0,0,6,9,6,13.444444444444445,0,0,6,9,5,12.6,0,13.9,-0.3,0.79,Graduate,11,1.0,0.8333333333333334,-0.844444444444445,0
STD_2837,2,12,1,17,0,1,1,19,24,1,1,1,0,0,1,0,0,46,0,0,5,5,0,0.0,0,0,5,5,0,0.0,0,7.6,2.6,0.32,Dropout,0,0.0,0.0,0.0,1
STD_2000,1,16,1,9,1,1,1,13,14,10,8,0,0,1,0,0,0,32,0,14,15,17,14,10.214285714285714,0,13,13,13,13,11.384615384615383,0,16.2,0.3,-0.92,Graduate,27,0.9333333333333333,1.0,1.1703296703296697,0
STD_3399,2,1,5,12,1,1,1,1,14,5,5,0,0,0,1,0,0,19,0,0,7,7,6,14.35,0,0,7,7,6,14.35,0,7.6,2.6,0.32,Graduate,12,0.8571428571428571,0.8571428571428571,0.0,0
STD_0325,1,3,3,6,1,1,1,1,14,8,6,1,0,0,1,0,0,19,0,0,5,9,3,10.333333333333334,1,0,5,8,3,13.0,0,7.6,2.6,0.32,Enrolled,6,0.6,0.6,2.666666666666666,0
STD_0244,1,12,1,9,1,1,1,22,1,10,2,0,0,0,0,0,0,25,0,0,5,5,0,0.0,0,0,5,9,0,0.0,0,10.8,1.4,1.74,Dropout,0,0.0,0.0,0.0,1
STD_1118,1,1,1,12,1,1,1,23,14,10,6,0,0,0,1,0,0,20,0,0,7,9,6,12.7,0,0,8,8,7,13.571428571428571,0,13.9,-0.3,0.79,Graduate,13,0.8571428571428571,0.875,0.8714285714285719,0
STD_0343,2,12,1,3,0,1,1,22,27,10,10,1,0,0,1,0,0,33,0,0,6,7,6,12.833333333333334,0,0,6,8,6,12.857142857142858,0,12.4,0.5,1.79,Graduate,12,1.0,1.0,0.023809523809523725,0
STD_0921,4,12,1,3,0,12,1,22,27,10,4,0,0,0,1,0,1,29,0,0,6,11,4,11.75,0,0,6,9,5,10.4,0,10.8,1.4,1.74,Graduate,9,0.6666666666666666,0.8333333333333334,-1.3499999999999996,0
STD_0362,1,1,1,15,1,1,1,22,28,10,8,0,0,1,1,0,0,19,0,0,6,13,3,12.666666666666666,0,0,6,12,2,10.0,0,10.8,1.4,1.74,Dropout,5,0.5,0.3333333333333333,-2.666666666666666,1
STD_1137,1,1,3,5,1,1,1,22,28,10,10,1,0,0,1,0,1,18,0,0,6,6,6,14.0,0,0,6,8,6,13.625,0,10.8,1.4,1.74,Graduate,12,1.0,1.0,-0.375,0
STD_1379,1,1,5,5,1,1,1,13,27,6,6,1,0,1,0,1,0,21,0,0,6,6,1,14.0,0,0,6,7,0,0.0,7,9.4,-0.8,-3.12,Dropout,1,0.16666666666666666,0.0,-14.0,1
STD_4072,1,1,2,11,1,1,1,1,28,5,10,1,0,0,1,0,0,18,0,0,6,10,4,11.75,0,0,6,13,4,10.0,0,7.6,2.6,0.32,Dropout,8,0.6666666666666666,0.6666666666666666,-1.75,1
STD_3222,1,12,1,13,1,1,1,22,28,10,10,1,0,1,0,0,1,24,0,0,7,14,5,12.36,0,1,8,15,5,12.0,0,8.9,1.4,3.51,Dropout,10,0.7142857142857143,0.625,-0.35999999999999943,1
STD_3072,1,12,1,3,0,13,1,1,1,5,5,0,0,1,0,1,0,29,0,0,6,6,0,0.0,0,0,5,5,0,0.0,0,8.9,1.4,3.51,Dropout,0,0.0,0.0,0.0,1
STD_1681,1,1,1,7,1,1,1,23,28,10,8,1,0,0,1,1,0,19,0,0,5,10,3,10.666666666666666,0,0,5,9,2,14.0,2,7.6,2.6,0.32,Enrolled,5,0.6,0.4,3.333333333333334,0
STD_1034,1,8,1,6,1,1,1,1,27,10,10,1,0,0,1,0,1,18,0,0,5,7,4,13.25,0,0,5,8,5,15.571428571428571,0,10.8,1.4,1.74,Graduate,9,0.8,1.0,2.321428571428571,0
STD_2074,1,1,3,6,1,1,1,1,14,10,10,1,0,0,1,0,1,19,0,0,5,6,5,14.6,0,0,5,5,5,13.8,0,10.8,1.4,1.74,Graduate,10,1.0,1.0,-0.7999999999999989,0
STD_2705,1,8,1,14,1,1,1,1,1,5,5,0,0,0,1,1,0,19,0,0,5,10,0,0.0,0,0,5,5,0,0.0,0,7.6,2.6,0.32,Enrolled,0,0.0,0.0,0.0,0
STD_1558,1,8,1,9,1,1,1,1,28,7,7,1,0,1,1,1,0,18,0,0,5,9,0,0.0,0,0,5,5,0,0.0,0,7.6,2.6,0.32,Enrolled,0,0.0,0.0,0.0,0
STD_0157,1,1,1,9,1,1,1,23,28,10,10,0,0,0,1,0,1,18,0,0,5,5,5,10.6,0,0,5,5,5,11.8,0,12.4,0.5,1.79,Graduate,10,1.0,1.0,1.200000000000001,0
STD_1458,1,1,6,12,1,1,1,1,1,4,8,1,0,0,1,1,0,18,0,0,7,8,6,13.976666666666668,0,0,8,12,6,12.041666666666666,1,11.1,0.6,2.02,Enrolled,12,0.8571428571428571,0.75,-1.9350000000000023,0
STD_0778,1,1,1,2,1,1,1,3,2,5,3,1,0,0,1,0,0,21,0,6,12,12,8,13.875,0,4,11,13,9,12.7,1,8.9,1.4,3.51,Dropout,17,0.6666666666666666,0.8181818181818182,-1.1750000000000007,1
STD_2371,1,15,1,4,1,1,1,1,1,5,6,0,0,0,1,1,0,20,0,0,6,11,6,11.285714285714286,0,0,6,12,5,11.77777777777778,0,16.2,0.3,-0.92,Enrolled,11,1.0,0.8333333333333334,0.49206349206349387,0
STD_0089,1,1,6,9,1,1,1,23,27,10,10,1,0,0,1,1,0,23,0,0,5,6,4,14.0,0,0,5,5,5,13.8,0,11.1,0.6,2.02,Enrolled,9,0.8,1.0,-0.1999999999999993,0
STD_1496,1,4,1,7,1,15,1,3,1,3,6,0,0,0,1,1,0,23,0,0,5,5,5,13.8,0,0,5,7,5,14.142857142857142,0,11.1,0.6,2.02,Graduate,10,1.0,1.0,0.34285714285714164,0
STD_0176,1,1,1,14,1,1,1,22,27,10,10,1,0,0,1,0,1,18,0,0,5,6,3,11.666666666666666,0,0,5,6,4,13.5,0,7.6,2.6,0.32,Enrolled,7,0.6,0.8,1.833333333333334,0
STD_2100,1,8,2,11,1,1,1,13,14,6,6,1,0,1,1,0,0,19,0,0,6,10,6,12.166666666666666,0,0,6,8,5,11.666666666666666,0,16.2,0.3,-0.92,Dropout,11,1.0,0.8333333333333334,-0.5,1
STD_0140,1,9,1,12,1,1,1,13,1,5,9,0,0,0,1,0,0,18,0,0,7,8,7,17.125,0,0,8,8,8,17.5875,0,13.9,-0.3,0.79,Graduate,15,1.0,1.0,0.4624999999999986,0
STD_2969,1,12,2,3,0,1,1,20,27,12,12,0,0,0,1,0,0,41,0,0,6,10,4,13.5,0,1,6,7,6,11.166666666666666,0,7.6,2.6,0.32,Graduate,10,0.6666666666666666,1.0,-2.333333333333334,0
STD_3315,1,14,1,17,0,1,1,3,14,2,2,0,0,0,0,1,0,40,0,0,5,5,0,0.0,0,0,5,6,0,0.0,0,10.8,1.4,1.74,Dropout,0,0.0,0.0,0.0,1
STD_0569,1,8,1,6,1,1,1,23,14,9,9,0,0,0,1,1,0,20,0,0,5,7,5,14.6,1,0,5,5,5,14.2,0,12.7,3.7,-1.7,Graduate,10,1.0,1.0,-0.40000000000000036,0
STD_0255,1,8,1,9,1,1,1,1,1,5,5,0,0,0,1,0,0,18,0,0,5,8,5,12.4,0,0,5,6,5,10.8,0,8.9,1.4,3.51,Graduate,10,1.0,1.0,-1.5999999999999996,0
STD_1745,1,12,1,14,1,1,1,22,27,12,12,0,0,1,0,1,0,44,0,0,6,9,1,14.0,0,0,6,6,0,0.0,0,12.7,3.7,-1.7,Dropout,1,0.16666666666666666,0.0,-14.0,1
STD_0860,1,1,1,15,1,1,1,19,28,1,4,0,0,0,1,1,0,20,0,0,6,11,4,10.75,0,0,6,13,2,10.0,0,7.6,2.6,0.32,Dropout,6,0.6666666666666666,0.3333333333333333,-0.75,1
STD_3338,1,14,1,14,1,1,1,19,24,13,13,0,0,0,0,1,0,35,0,6,10,10,7,12.142857142857142,0,4,9,9,4,12.25,0,7.6,2.6,0.32,Dropout,11,0.7,0.4444444444444444,0.10714285714285765,1
STD_3232,2,12,1,9,1,1,1,22,27,10,10,0,0,0,1,0,0,39,0,0,5,8,4,11.25,0,0,5,8,4,11.5,0,11.1,0.6,2.02,Enrolled,8,0.8,0.8,0.25,0
STD_4002,1,13,1,7,1,1,1,3,3,4,3,1,0,0,1,1,0,22,0,0,5,0,0,0.0,0,0,5,0,0,0.0,0,10.8,1.4,1.74,Dropout,0,0.0,0.0,0.0,1
STD_2048,1,8,2,13,1,1,1,23,14,8,8,1,0,0,1,0,0,20,0,0,7,13,4,13.5,0,0,7,11,4,11.225,0,11.1,0.6,2.02,Dropout,8,0.5714285714285714,0.5714285714285714,-2.2750000000000004,1
STD_2096,1,14,1,8,1,1,1,3,3,3,3,0,0,0,1,0,0,20,0,10,17,29,14,12.5625,4,7,12,24,12,12.857142857142858,1,15.5,2.8,-4.06,Graduate,26,0.8235294117647058,1.0,0.29464285714285765,0
STD_1208,2,12,1,4,1,12,1,13,27,10,11,0,0,1,1,0,0,37,0,0,6,10,6,12.875,0,0,6,12,6,12.9,0,16.2,0.3,-0.92,Enrolled,12,1.0,1.0,0.025000000000000355,0
STD_2028,1,1,2,2,1,1,1,3,29,2,4,1,0,0,1,1,0,17,0,0,0,0,0,0.0,0,0,0,0,0,0.0,0,15.5,2.8,-4.06,Enrolled,0,0.0,0.0,0.0,0
STD_3705,1,9,2,14,1,1,1,22,28,5,2,1,0,0,1,1,0,19,0,0,6,6,6,14.166666666666666,0,0,6,6,6,14.0,0,13.9,-0.3,0.79,Graduate,12,1.0,1.0,-0.16666666666666607,0
STD_1574,5,12,1,4,1,1,1,22,27,10,8,0,0,1,0,0,0,28,0,0,6,17,5,13.0,0,0,6,11,4,11.75,0,13.9,-0.3,0.79,Dropout,9,0.8333333333333334,0.6666666666666666,-1.25,1
STD_2881,4,12,1,3,0,12,1,22,27,10,8,0,0,0,1,0,1,47,0,0,6,8,5,12.2,0,0,6,10,4,11.25,0,12.4,0.5,1.79,Graduate,9,0.8333333333333334,0.6666666666666666,-0.9499999999999993,0
STD_2715,1,12,1,6,1,1,1,1,1,6,6,1,0,1,1,0,0,30,0,0,6,7,6,16.428571428571427,0,0,6,7,6,16.666666666666668,0,13.9,-0.3,0.79,Dropout,12,1.0,1.0,0.2380952380952408,1
STD_1643,1,8,5,12,1,1,1,1,1,5,5,1,0,0,1,0,0,18,0,0,7,7,7,13.528571428571428,0,0,8,9,8,14.655555555555557,0,12.4,0.5,1.79,Graduate,15,1.0,1.0,1.1269841269841283,0
STD_2411,1,4,1,7,1,3,1,19,24,12,12,0,0,0,1,1,0,26,0,0,5,5,0,0.0,0,0,5,6,0,0.0,0,10.8,1.4,1.74,Dropout,0,0.0,0.0,0.0,1
STD_2867,2,12,1,3,0,12,1,3,14,12,12,0,0,0,1,0,0,50,0,0,1,1,0,0.0,1,0,6,0,0,0.0,0,10.8,1.4,1.74,Dropout,0,0.0,0.0,0.0,1
STD_0807,1,8,3,5,1,1,1,1,28,4,6,1,0,0,1,0,1,18,0,0,6,6,6,13.0,0,0,6,6,6,12.166666666666666,0,16.2,0.3,-0.92,Graduate,12,1.0,1.0,-0.8333333333333339,0
STD_1996,1,1,5,10,1,1,1,18,14,1,3,1,0,0,1,0,0,18,0,0,6,8,6,11.333333333333334,0,0,6,6,6,11.666666666666666,0,7.6,2.6,0.32,Graduate,12,1.0,1.0,0.33333333333333215,0
STD_2566,1,6,1,10,1,1,12,13,14,10,7,0,0,0,1,1,0,21,1,0,6,7,6,12.333333333333334,0,0,6,7,6,13.428571428571429,0,11.1,0.6,2.02,Graduate,12,1.0,1.0,1.095238095238095,0
STD_1562,1,8,1,8,1,1,1,23,14,6,8,1,0,0,1,0,0,21,0,0,6,12,5,13.6,0,0,6,10,4,14.25,0,12.4,0.5,1.79,Enrolled,9,0.8333333333333334,0.6666666666666666,0.6500000000000004,0
STD_2279,1,1,1,5,1,1,1,1,1,5,10,1,0,0,1,1,0,19,0,0,6,7,5,11.4,0,0,6,10,3,11.0,3,7.6,2.6,0.32,Enrolled,8,0.8333333333333334,0.5,-0.40000000000000036,0
STD_3984,1,8,1,10,1,1,1,23,28,10,8,0,0,0,1,0,1,19,0,0,6,7,6,12.833333333333334,0,0,6,6,6,13.166666666666666,0,12.4,0.5,1.79,Graduate,12,1.0,1.0,0.33333333333333215,0
STD_2079,1,8,2,12,1,1,1,3,3,4,7,1,0,0,1,0,0,18,0,0,7,8,7,12.5,0,0,8,9,7,13.042857142857144,0,13.9,-0.3,0.79,Graduate,14,1.0,0.875,0.5428571428571445,0
STD_3747,1,1,1,12,1,1,1,1,1,5,5,1,0,0,1,0,1,19,0,0,8,8,8,12.82875,0,0,8,8,8,12.82875,0,9.4,-0.8,-3.12,Graduate,16,1.0,1.0,0.0,0
STD_2514,1,5,2,6,1,1,9,13,1,5,10,0,0,0,1,0,0,18,1,0,6,10,6,13.5,0,0,6,12,6,12.0,0,12.4,0.5,1.79,Graduate,12,1.0,1.0,-1.5,0
STD_2018,1,1,1,12,1,1,1,23,1,10,11,0,0,0,1,0,0,19,0,0,7,7,7,13.542857142857144,0,0,8,9,8,14.22222222222222,0,16.2,0.3,-0.92,Graduate,15,1.0,1.0,0.6793650793650752,0
STD_1963,1,1,1,14,1,1,1,1,1,6,5,1,0,0,1,0,1,20,0,0,6,9,5,13.0,0,0,6,6,5,13.8,0,12.4,0.5,1.79,Graduate,10,0.8333333333333334,0.8333333333333334,0.8000000000000007,0
STD_0582,1,8,5,12,1,1,1,10,1,6,6,1,0,0,1,0,0,18,0,0,7,8,7,12.5375,0,0,8,9,7,12.614285714285714,0,13.9,-0.3,0.79,Graduate,14,1.0,0.875,0.07678571428571423,0
STD_0683,1,9,4,6,1,1,1,1,1,5,6,0,0,1,0,0,1,20,0,2,5,8,5,14.4,1,0,5,6,5,14.0,0,12.7,3.7,-1.7,Dropout,10,1.0,1.0,-0.40000000000000036,1
STD_1995,1,1,1,11,1,1,1,13,7,1,1,1,0,0,1,0,1,20,0,0,6,12,0,0.0,0,0,6,12,0,0.0,0,7.6,2.6,0.32,Dropout,0,0.0,0.0,0.0,1
STD_4037,1,12,1,14,1,1,1,1,14,5,11,1,0,0,1,0,1,26,0,0,6,6,6,13.333333333333334,0,0,6,10,5,14.5,0,10.8,1.4,1.74,Graduate,11,1.0,0.8333333333333334,1.166666666666666,0
STD_0033,1,1,1,9,1,1,1,1,1,5,7,0,0,0,0,1,0,18,0,0,5,9,3,11.333333333333334,0,0,5,8,2,13.5,0,8.9,1.4,3.51,Enrolled,5,0.6,0.4,2.166666666666666,0
STD_0344,1,12,1,4,1,3,1,3,3,2,3,0,0,0,1,0,0,35,0,0,6,10,6,14.0,0,0,6,11,6,13.1,0,16.2,0.3,-0.92,Graduate,12,1.0,1.0,-0.9000000000000004,0
STD_0424,1,1,6,12,1,1,1,3,1,4,4,1,0,0,1,0,0,19,0,0,8,8,8,13.25375,0,0,8,8,8,13.25375,0,9.4,-0.8,-3.12,Graduate,16,1.0,1.0,0.0,0
STD_3542,1,8,1,14,1,1,1,23,27,10,10,0,0,0,0,1,0,20,0,0,6,6,6,11.5,0,0,6,9,2,13.0,0,10.8,1.4,1.74,Dropout,8,1.0,0.3333333333333333,1.5,1
STD_2794,1,1,1,2,1,1,1,23,27,10,9,1,0,1,0,1,1,18,0,0,0,0,0,0.0,0,0,0,0,0,0.0,0,12.7,3.7,-1.7,Graduate,0,0.0,0.0,0.0,0
STD_0737,1,14,1,15,1,1,1,3,27,4,8,0,0,0,1,1,0,32,0,6,11,15,7,11.285714285714286,0,5,7,10,6,12.333333333333334,0,13.9,-0.3,0.79,Enrolled,13,0.6363636363636364,0.8571428571428571,1.0476190476190474,0
STD_3727,1,14,2,17,0,1,1,22,27,6,6,1,0,0,0,1,0,27,0,0,5,5,0,0.0,0,0,5,5,0,0.0,0,12.7,3.7,-1.7,Dropout,0,0.0,0.0,0.0,1
STD_0143,1,16,1,9,1,1,1,3,1,4,4,1,0,1,0,0,0,22,0,0,5,8,0,0.0,0,0,5,7,0,0.0,0,8.9,1.4,3.51,Enrolled,0,0.0,0.0,0.0,0
STD_2677,2,13,1,13,1,1,1,22,27,10,7,0,0,0,1,1,0,43,0,0,7,7,0,0.0,0,0,8,13,2,13.15,0,16.2,0.3,-0.92,Dropout,2,0.0,0.25,13.15,1
STD_0455,1,1,3,9,1,1,1,13,28,10,8,1,0,0,1,0,0,19,0,0,5,5,5,11.8,0,0,5,8,4,11.25,0,9.4,-0.8,-3.12,Enrolled,9,1.0,0.8,-0.5500000000000007,0
STD_1946,1,1,4,12,1,1,1,22,27,10,10,1,0,0,1,0,0,30,0,0,7,7,7,14.692857142857145,0,0,8,8,8,14.9625,0,12.4,0.5,1.79,Graduate,15,1.0,1.0,0.2696428571428555,0
STD_0289,1,9,2,3,0,1,1,3,1,4,5,1,0,0,1,0,1,19,0,0,6,8,6,10.833333333333334,0,0,6,9,6,11.5,0,10.8,1.4,1.74,Graduate,12,1.0,1.0,0.6666666666666661,0
STD_1054,1,15,1,6,1,14,1,3,3,3,3,1,0,0,1,0,0,19,0,0,6,10,6,13.0,0,0,6,19,5,13.0,0,12.4,0.5,1.79,Graduate,11,1.0,0.8333333333333334,0.0,0
STD_0493,1,1,6,12,1,1,1,1,3,4,3,1,0,0,1,0,0,20,0,0,7,7,6,12.6,0,0,7,7,6,12.6,0,7.6,2.6,0.32,Graduate,12,0.8571428571428571,0.8571428571428571,0.0,0
STD_4351,1,15,1,6,1,14,1,3,1,5,4,1,0,0,1,0,1,20,0,2,6,11,6,11.833333333333334,0,1,6,17,5,11.857142857142858,0,12.4,0.5,1.79,Graduate,11,1.0,0.8333333333333334,0.023809523809523725,0
STD_1192,1,1,6,12,1,1,1,1,1,5,5,1,0,0,1,0,0,19,0,0,8,9,7,12.04142857142857,0,0,8,9,7,12.04142857142857,0,10.8,1.4,1.74,Graduate,14,0.875,0.875,0.0,0
STD_2041,1,1,5,16,1,1,1,23,27,10,10,1,0,1,0,0,0,20,0,0,6,9,3,11.666666666666666,0,0,6,10,2,11.0,0,10.8,1.4,1.74,Dropout,5,0.5,0.3333333333333333,-0.6666666666666661,1
STD_2821,1,9,6,12,1,1,1,1,1,4,7,1,0,0,1,0,0,18,0,0,8,11,7,12.771428571428572,0,0,8,11,7,12.771428571428572,0,12.7,3.7,-1.7,Graduate,14,0.875,0.875,0.0,0
STD_0372,4,12,1,17,0,1,1,23,14,10,8,0,0,0,1,0,1,31,0,0,5,11,4,11.25,0,0,5,10,4,10.833333333333334,0,13.9,-0.3,0.79,Enrolled,8,0.8,0.8,-0.4166666666666661,0
STD_1935,1,1,4,12,1,1,1,13,28,10,10,1,0,0,1,0,1,19,0,0,7,7,6,12.808333333333332,0,0,8,11,7,12.825714285714286,0,12.4,0.5,1.79,Graduate,13,0.8571428571428571,0.875,0.01738095238095383,0
STD_3765,1,8,1,10,1,1,1,13,28,4,8,0,0,0,1,0,1,19,0,0,6,13,6,11.5,0,0,6,9,5,12.2,0,11.1,0.6,2.02,Graduate,11,1.0,0.8333333333333334,0.6999999999999993,0
STD_1477,1,12,1,17,0,1,1,22,27,10,6,1,0,1,1,1,0,33,0,0,5,11,2,12.5,0,0,5,9,2,11.5,1,12.7,3.7,-1.7,Dropout,4,0.4,0.4,-1.0,1
STD_2895,1,8,4,16,1,1,1,23,27,10,10,1,0,0,1,0,0,20,0,0,6,7,6,12.666666666666666,0,0,6,7,5,13.0,0,7.6,2.6,0.32,Graduate,11,1.0,0.8333333333333334,0.3333333333333339,0
STD_1288,1,1,1,10,1,1,1,13,1,10,10,0,0,0,1,1,0,19,0,0,6,6,6,12.833333333333334,0,0,6,8,6,11.833333333333334,0,10.8,1.4,1.74,Graduate,12,1.0,1.0,-1.0,0
STD_1351,1,1,1,2,1,1,1,1,1,4,4,1,0,0,1,0,0,19,0,0,0,0,0,0.0,0,0,0,0,0,0.0,0,10.8,1.4,1.74,Graduate,0,0.0,0.0,0.0,0
STD_4130,1,1,1,12,1,1,1,22,27,8,10,1,0,0,1,0,1,18,0,0,7,7,6,12.666666666666666,0,0,7,7,6,12.666666666666666,0,7.6,2.6,0.32,Graduate,12,0.8571428571428571,0.8571428571428571,0.0,0
STD_2644,1,12,1,17,0,1,1,22,1,6,5,0,0,0,1,1,0,25,0,0,5,11,4,11.5,0,0,5,11,3,13.5,0,12.4,0.5,1.79,Dropout,7,0.8,0.6,2.0,1
STD_0646,1,1,1,9,1,1,1,13,27,10,10,1,0,0,1,0,1,19,0,0,5,8,2,10.5,0,0,5,11,3,13.333333333333334,0,7.6,2.6,0.32,Enrolled,5,0.4,0.6,2.833333333333334,0
STD_3393,1,1,1,5,1,1,1,1,1,10,10,0,0,0,1,0,1,21,0,0,6,7,5,13.0,0,0,6,6,6,12.666666666666666,0,16.2,0.3,-0.92,Graduate,11,0.8333333333333334,1.0,-0.3333333333333339,0
STD_3752,1,1,1,5,1,1,1,3,1,3,11,1,0,0,1,0,0,20,0,7,12,12,10,14.7,0,8,12,12,12,14.583333333333334,0,15.5,2.8,-4.06,Graduate,22,0.8333333333333334,1.0,-0.11666666666666536,0
STD_3565,1,15,1,7,1,14,1,13,3,4,5,0,0,1,0,1,0,23,0,0,5,5,0,0.0,0,0,5,5,0,0.0,0,15.5,2.8,-4.06,Dropout,0,0.0,0.0,0.0,1
STD_3291,1,1,1,10,1,1,1,1,1,6,6,0,0,0,1,1,0,20,0,0,6,13,1,14.0,0,0,6,7,0,0.0,0,16.2,0.3,-0.92,Dropout,1,0.16666666666666666,0.0,-14.0,1
STD_2076,1,8,2,10,1,1,1,22,27,10,5,0,0,0,1,0,1,19,0,0,6,7,6,14.142857142857142,0,0,6,6,6,15.0,0,13.9,-0.3,0.79,Graduate,12,1.0,1.0,0.8571428571428577,0
STD_1944,1,1,1,5,1,1,1,4,14,4,6,1,0,0,1,0,0,19,0,0,6,6,6,12.666666666666666,0,0,6,8,5,11.4,0,12.4,0.5,1.79,Graduate,11,1.0,0.8333333333333334,-1.2666666666666657,0
STD_0114,1,1,3,15,1,1,1,1,28,5,8,1,0,0,1,0,0,18,0,0,6,6,6,12.666666666666666,0,0,6,7,6,12.571428571428571,0,10.8,1.4,1.74,Graduate,12,1.0,1.0,-0.0952380952380949,0
STD_3148,1,1,5,12,1,1,1,1,1,4,5,0,0,0,1,0,0,20,0,0,7,9,5,12.04,0,0,7,9,6,11.77142857142857,0,12.4,0.5,1.79,Enrolled,11,0.7142857142857143,0.8571428571428571,-0.2685714285714287,0
STD_1617,1,1,1,6,1,1,1,22,28,7,10,0,0,0,1,0,0,19,0,0,5,9,4,13.75,1,0,5,8,4,14.5,0,7.6,2.6,0.32,Graduate,8,0.8,0.8,0.75,0
STD_3852,4,12,1,15,1,9,1,22,27,5,10,0,0,0,0,1,0,55,0,0,6,8,5,11.4,0,0,6,9,5,12.4,0,10.8,1.4,1.74,Dropout,10,0.8333333333333334,0.8333333333333334,1.0,1
STD_2197,1,8,2,9,1,1,1,1,28,6,8,1,0,0,1,1,0,20,0,0,5,8,2,10.5,0,0,5,11,4,12.25,0,10.8,1.4,1.74,Enrolled,6,0.4,0.8,1.75,0
STD_3024,1,1,2,2,1,1,1,23,14,10,10,1,0,0,1,0,1,24,0,0,0,0,0,0.0,0,0,0,0,0,0.0,0,11.1,0.6,2.02,Graduate,0,0.0,0.0,0.0,0
STD_2359,1,12,1,4,1,1,1,3,3,3,3,0,0,0,1,1,0,31,0,0,6,8,6,15.125,0,0,6,10,6,14.6,0,16.2,0.3,-0.92,Graduate,12,1.0,1.0,-0.5250000000000004,0
STD_0024,1,1,4,14,1,1,1,1,28,5,8,1,0,0,1,0,1,19,0,0,6,8,6,13.375,0,0,6,7,6,12.285714285714286,0,11.1,0.6,2.02,Graduate,12,1.0,1.0,-1.0892857142857135,0
STD_3093,1,1,1,3,0,1,1,23,14,7,11,0,0,0,1,0,1,23,0,0,6,6,6,14.166666666666666,0,0,6,6,6,12.5,0,12.7,3.7,-1.7,Graduate,12,1.0,1.0,-1.666666666666666,0
STD_1765,1,17,1,9,1,16,1,1,1,7,7,0,0,0,1,1,1,21,0,6,11,11,11,12.636363636363637,0,3,9,11,9,12.6,0,8.9,1.4,3.51,Graduate,20,1.0,1.0,-0.03636363636363704,0
STD_2507,1,1,1,13,1,1,1,13,14,5,10,1,0,0,1,0,0,18,0,0,7,9,7,11.155555555555557,0,0,8,10,8,11.425,0,12.7,3.7,-1.7,Graduate,15,1.0,1.0,0.26944444444444393,0
STD_3889,1,8,1,6,1,1,1,23,28,6,4,0,0,0,1,0,0,19,0,0,5,7,5,13.0,1,0,5,7,5,13.333333333333334,0,7.6,2.6,0.32,Graduate,10,1.0,1.0,0.3333333333333339,0
STD_2915,6,12,2,9,1,1,1,22,27,10,10,0,0,0,1,0,0,47,0,0,5,0,0,0.0,0,0,5,0,0,0.0,0,9.4,-0.8,-3.12,Dropout,0,0.0,0.0,0.0,1
STD_1591,1,15,1,4,1,14,1,1,14,5,8,0,0,0,1,1,0,23,0,1,6,6,1,11.0,0,0,6,8,0,0.0,0,15.5,2.8,-4.06,Dropout,1,0.16666666666666666,0.0,-11.0,1
STD_3513,1,1,1,2,1,1,1,13,14,2,2,1,0,0,1,1,0,20,0,0,0,0,0,0.0,0,0,0,0,0,0.0,0,10.8,1.4,1.74,Dropout,0,0.0,0.0,0.0,1
STD_0492,1,1,1,14,1,1,1,22,27,6,6,0,0,0,1,0,0,19,0,0,6,7,6,14.857142857142858,0,0,6,6,6,13.333333333333334,0,12.4,0.5,1.79,Graduate,12,1.0,1.0,-1.5238095238095237,0
STD_3819,1,8,1,10,1,1,1,13,27,7,7,0,0,0,1,1,0,22,0,0,6,0,0,0.0,0,0,6,0,0,0.0,0,13.9,-0.3,0.79,Dropout,0,0.0,0.0,0.0,1
STD_3707,1,1,1,9,1,1,1,23,1,6,6,1,0,0,1,1,1,22,0,0,5,8,5,11.2,0,0,5,13,4,11.25,0,12.7,3.7,-1.7,Graduate,9,1.0,0.8,0.05000000000000071,0
STD_3084,1,1,1,8,1,1,1,3,14,3,10,1,0,1,0,0,0,19,0,0,6,0,0,0.0,0,0,6,0,0,0.0,0,11.1,0.6,2.02,Dropout,0,0.0,0.0,0.0,1
STD_0207,1,1,2,12,1,1,1,13,28,10,10,1,0,0,1,0,0,18,0,0,8,8,7,12.914285714285713,0,0,8,8,7,12.914285714285713,0,12.7,3.7,-1.7,Graduate,14,0.875,0.875,0.0,0
STD_3810,2,12,1,3,0,1,1,19,24,1,1,0,0,0,1,0,0,54,0,0,6,8,4,12.75,0,0,6,12,5,12.6,0,7.6,2.6,0.32,Dropout,9,0.6666666666666666,0.8333333333333334,-0.15000000000000036,1
STD_1243,1,12,1,7,1,12,1,1,14,5,6,0,0,0,1,1,0,25,0,0,5,13,1,11.0,0,0,5,11,1,10.0,0,13.9,-0.3,0.79,Enrolled,2,0.2,0.2,-1.0,0
STD_0610,1,14,3,12,1,1,1,23,27,7,6,1,0,0,1,0,1,18,0,0,7,8,5,11.98,0,0,7,8,5,11.98,0,7.6,2.6,0.32,Enrolled,10,0.7142857142857143,0.7142857142857143,0.0,0
STD_2117,1,1,1,10,1,1,1,1,14,5,5,0,0,0,1,0,0,19,0,0,6,7,6,12.285714285714286,0,0,6,7,6,12.0,0,12.4,0.5,1.79,Graduate,12,1.0,1.0,-0.2857142857142865,0
STD_0182,1,15,1,17,0,14,1,22,14,10,9,0,0,0,1,0,1,26,0,2,6,7,6,12.666666666666666,0,2,6,7,6,13.166666666666666,1,9.4,-0.8,-3.12,Enrolled,12,1.0,1.0,0.5,0
STD_4310,1,1,4,15,1,1,1,1,14,10,10,1,0,0,1,1,0,19,0,0,6,7,6,12.333333333333334,0,0,6,10,5,13.2,0,16.2,0.3,-0.92,Graduate,11,1.0,0.8333333333333334,0.8666666666666654,0
STD_0883,1,12,1,4,1,1,1,13,27,10,7,0,0,1,0,1,0,31,0,0,6,15,1,11.0,0,0,6,10,0,0.0,0,16.2,0.3,-0.92,Dropout,1,0.16666666666666666,0.0,-11.0,1
STD_0792,1,12,1,12,1,1,1,3,3,3,3,0,0,0,0,1,0,36,0,0,6,15,2,11.5,0,0,7,9,0,0.0,0,15.5,2.8,-4.06,Dropout,2,0.3333333333333333,0.0,-11.5,1
STD_3680,1,3,2,16,1,1,1,13,14,4,4,1,0,0,1,0,1,19,0,0,6,8,6,12.666666666666666,0,0,6,7,6,12.0,0,12.7,3.7,-1.7,Graduate,12,1.0,1.0,-0.6666666666666661,0
STD_4375,5,4,1,12,1,15,1,22,27,5,10,0,0,0,1,0,0,29,0,1,8,11,7,13.742857142857144,0,1,8,11,7,13.742857142857144,0,12.7,3.7,-1.7,Graduate,14,0.875,0.875,0.0,0
STD_0708,2,12,1,4,1,1,1,22,27,10,7,0,0,0,1,1,0,60,0,17,18,18,18,14.11111111111111,0,11,13,13,13,14.23076923076923,0,15.5,2.8,-4.06,Graduate,31,1.0,1.0,0.11965811965811923,0
STD_0909,1,8,5,10,1,1,1,13,1,6,6,1,0,0,1,0,0,20,0,0,6,8,4,11.25,0,0,6,15,3,10.0,0,9.4,-0.8,-3.12,Enrolled,7,0.6666666666666666,0.5,-1.25,0
STD_3040,1,1,1,16,1,1,1,23,28,10,10,0,0,1,0,0,0,19,0,0,7,11,4,12.0,0,0,7,9,6,11.833333333333334,0,16.2,0.3,-0.92,Dropout,10,0.5714285714285714,0.8571428571428571,-0.16666666666666607,1
STD_4198,1,8,6,15,1,1,1,1,1,5,3,1,0,0,1,0,0,19,0,0,6,7,6,13.0,0,0,6,9,6,13.714285714285714,0,7.6,2.6,0.32,Graduate,12,1.0,1.0,0.7142857142857135,0
STD_0799,1,1,1,8,1,1,1,1,27,10,10,1,0,0,1,0,1,19,0,0,6,8,6,13.333333333333334,0,0,6,7,6,13.666666666666666,0,8.9,1.4,3.51,Graduate,12,1.0,1.0,0.33333333333333215,0
STD_2243,1,14,1,7,1,1,1,1,28,5,8,0,0,0,1,1,0,19,0,0,5,8,5,12.0,0,0,5,12,2,10.5,0,13.9,-0.3,0.79,Enrolled,7,1.0,0.4,-1.5,0
STD_1125,1,1,1,15,1,1,1,23,27,10,10,0,0,0,1,0,1,19,0,0,6,6,6,12.833333333333334,0,0,6,6,6,13.5,0,16.2,0.3,-0.92,Graduate,12,1.0,1.0,0.6666666666666661,0
STD_3376,1,15,1,4,1,14,1,23,28,7,7,1,0,0,1,0,0,21,0,0,6,11,6,13.428571428571429,0,0,6,12,6,12.857142857142858,0,15.5,2.8,-4.06,Graduate,12,1.0,1.0,-0.5714285714285712,0
STD_2387,1,1,5,15,1,1,1,22,3,6,3,1,0,0,1,1,0,22,0,0,6,10,5,13.4,0,0,6,12,3,10.666666666666666,0,9.4,-0.8,-3.12,Enrolled,8,0.8333333333333334,0.5,-2.7333333333333343,0
STD_2254,1,12,1,7,1,9,1,19,24,1,1,0,0,0,0,1,0,49,0,0,5,5,0,0.0,0,0,5,6,0,0.0,0,10.8,1.4,1.74,Dropout,0,0.0,0.0,0.0,1
STD_4007,1,15,1,4,1,14,1,22,27,10,10,0,0,0,1,1,1,22,0,0,6,8,6,13.125,0,0,6,10,6,13.0,0,16.2,0.3,-0.92,Graduate,12,1.0,1.0,-0.125,0
STD_1940,1,1,2,15,1,1,1,3,3,4,5,1,0,0,1,0,0,21,0,0,6,8,5,12.8,0,0,6,7,5,11.2,0,11.1,0.6,2.02,Graduate,10,0.8333333333333334,0.8333333333333334,-1.6000000000000014,0
STD_1084,1,1,1,16,1,1,1,1,14,10,5,1,0,0,1,0,1,19,0,0,7,7,7,13.428571428571429,0,0,7,7,7,14.857142857142858,0,11.1,0.6,2.02,Graduate,14,1.0,1.0,1.4285714285714288,0
STD_3183,1,14,1,3,0,1,3,19,24,1,1,1,0,0,1,1,0,25,1,8,14,23,11,11.6875,0,6,10,20,8,11.142857142857142,0,9.4,-0.8,-3.12,Graduate,19,0.7857142857142857,0.8,-0.5446428571428577,0
STD_2483,1,12,1,17,0,9,1,22,28,6,6,0,0,0,1,1,0,33,0,0,5,5,5,13.2,0,0,5,6,5,14.833333333333334,0,10.8,1.4,1.74,Graduate,10,1.0,1.0,1.6333333333333346,0
STD_0386,1,1,1,10,1,1,1,19,24,1,1,0,0,0,1,0,0,19,0,0,6,8,6,11.5,0,0,6,7,6,11.166666666666666,0,7.6,2.6,0.32,Graduate,12,1.0,1.0,-0.3333333333333339,0
STD_2495,1,1,1,15,1,1,1,1,14,10,10,0,0,1,1,1,1,19,0,0,6,6,6,12.666666666666666,0,0,6,6,6,14.0,0,16.2,0.3,-0.92,Graduate,12,1.0,1.0,1.333333333333334,0
STD_3911,1,8,1,15,1,1,1,13,14,5,5,1,0,0,1,0,0,20,0,0,6,9,6,11.666666666666666,0,0,6,8,5,11.6,0,7.6,2.6,0.32,Enrolled,11,1.0,0.8333333333333334,-0.06666666666666643,0
STD_0962,1,14,1,9,1,1,1,22,27,10,10,0,0,0,1,1,0,24,0,10,15,16,15,13.466666666666669,1,10,14,14,14,13.642857142857142,0,9.4,-0.8,-3.12,Graduate,29,1.0,1.0,0.1761904761904738,0
STD_2075,1,1,1,10,1,1,1,13,28,4,10,1,0,0,1,0,1,18,0,0,6,6,6,14.0,0,0,6,6,6,13.666666666666666,0,12.4,0.5,1.79,Graduate,12,1.0,1.0,-0.3333333333333339,0
STD_2620,1,15,1,10,1,1,1,1,1,6,6,0,0,0,1,0,1,21,0,3,6,6,6,14.833333333333334,0,2,6,7,6,12.571428571428571,0,13.9,-0.3,0.79,Graduate,12,1.0,1.0,-2.2619047619047628,0
STD_0666,1,1,1,6,1,1,5,3,3,7,7,1,0,0,1,0,1,19,1,0,5,6,5,15.4,0,0,5,5,5,16.0,0,10.8,1.4,1.74,Graduate,10,1.0,1.0,0.5999999999999996,0
STD_1839,1,8,3,12,1,1,1,3,14,3,6,1,0,0,1,0,0,19,0,0,8,8,8,13.427499999999998,0,0,8,8,8,13.427499999999998,0,9.4,-0.8,-3.12,Graduate,16,1.0,1.0,0.0,0
STD_1679,1,8,1,6,1,1,1,22,26,5,12,0,0,0,1,1,0,23,0,0,5,6,4,14.25,0,0,5,6,5,13.4,0,7.6,2.6,0.32,Graduate,9,0.8,1.0,-0.8499999999999996,0
STD_1001,1,8,3,5,1,1,1,23,1,6,6,0,1,0,1,0,0,18,0,0,6,0,0,0.0,0,0,6,0,0,0.0,0,15.5,2.8,-4.06,Dropout,0,0.0,0.0,0.0,1
STD_3124,1,1,1,12,1,1,1,23,28,10,10,1,0,0,1,0,0,18,0,0,7,7,6,14.65,0,0,7,7,6,14.65,0,7.6,2.6,0.32,Graduate,12,0.8571428571428571,0.8571428571428571,0.0,0
STD_3330,1,8,1,9,1,1,1,1,1,5,5,0,0,0,1,1,0,21,0,0,5,5,5,11.0,0,0,5,11,3,11.428571428571429,0,10.8,1.4,1.74,Enrolled,8,1.0,0.6,0.4285714285714288,0
STD_2866,4,12,1,9,1,1,1,22,27,10,10,0,0,0,1,0,0,43,0,0,5,5,5,16.4,0,0,5,5,5,16.6,0,7.6,2.6,0.32,Graduate,10,1.0,1.0,0.20000000000000284,0
STD_3001,1,12,1,12,1,1,1,3,14,3,6,0,0,0,1,0,0,24,0,0,8,12,7,12.714285714285714,0,0,8,12,7,12.714285714285714,0,12.7,3.7,-1.7,Enrolled,14,0.875,0.875,0.0,0
STD_0396,1,1,4,12,1,1,1,1,1,5,10,1,0,0,1,0,1,19,0,0,8,11,7,12.86,0,0,8,11,7,12.86,0,10.8,1.4,1.74,Graduate,14,0.875,0.875,0.0,0
STD_2824,1,8,1,14,1,1,1,1,1,5,5,1,0,0,1,0,1,19,0,0,6,7,6,13.285714285714286,0,0,6,9,5,14.6,0,12.4,0.5,1.79,Enrolled,11,1.0,0.8333333333333334,1.3142857142857132,0
STD_0503,1,1,1,5,1,1,1,1,1,5,5,0,0,0,0,0,0,18,0,1,6,10,5,12.2,1,0,6,11,4,10.833333333333334,0,13.9,-0.3,0.79,Enrolled,9,0.8333333333333334,0.6666666666666666,-1.3666666666666654,0
STD_3115,1,1,1,15,1,1,1,1,14,10,8,0,0,0,1,0,0,19,0,0,6,6,6,11.666666666666666,0,0,6,6,6,11.5,0,12.7,3.7,-1.7,Graduate,12,1.0,1.0,-0.16666666666666607,0
STD_2004,1,8,5,16,1,1,1,13,28,5,9,1,0,0,1,0,1,18,0,0,6,8,6,11.666666666666666,0,0,6,9,4,12.0,0,10.8,1.4,1.74,Dropout,10,1.0,0.6666666666666666,0.3333333333333339,1
STD_2343,1,14,1,4,1,1,1,2,4,5,2,0,0,0,1,1,0,35,0,16,18,22,18,11.666666666666666,0,12,13,13,12,11.5,1,15.5,2.8,-4.06,Graduate,30,1.0,0.9230769230769231,-0.16666666666666607,0
STD_1955,1,1,4,12,1,1,1,3,14,3,4,1,0,0,1,0,0,17,0,0,8,14,5,12.46,0,0,8,14,5,12.46,0,10.8,1.4,1.74,Enrolled,10,0.625,0.625,0.0,0
STD_3272,2,12,1,3,0,1,1,23,28,10,10,0,0,0,1,0,1,50,0,3,9,11,8,13.25,0,2,7,8,7,11.714285714285714,0,12.7,3.7,-1.7,Graduate,15,0.8888888888888888,1.0,-1.5357142857142865,0
STD_0210,1,12,1,11,1,12,1,3,14,3,4,0,0,0,1,0,1,36,0,0,6,7,6,13.714285714285714,0,0,6,6,5,12.8,0,16.2,0.3,-0.92,Dropout,11,1.0,0.8333333333333334,-0.9142857142857128,1
STD_1186,1,1,1,10,1,1,1,13,14,10,10,0,0,0,1,0,1,18,0,0,6,11,5,11.142857142857142,0,0,6,8,6,12.285714285714286,0,16.2,0.3,-0.92,Graduate,11,0.8333333333333334,1.0,1.1428571428571441,0
STD_2225,1,1,2,12,1,1,1,13,14,10,8,1,0,0,1,1,1,19,0,0,8,8,7,14.935714285714283,0,0,8,8,7,14.935714285714283,0,10.8,1.4,1.74,Graduate,14,0.875,0.875,0.0,0
STD_3713,1,12,1,9,1,1,1,1,14,5,8,0,0,0,1,1,0,27,0,0,5,13,3,10.75,0,0,5,9,3,10.333333333333334,0,15.5,2.8,-4.06,Dropout,6,0.6,0.6,-0.4166666666666661,1
STD_3794,1,8,1,15,1,1,1,13,28,6,8,1,0,0,1,1,0,19,0,0,6,6,0,0.0,0,0,6,0,0,0.0,0,8.9,1.4,3.51,Dropout,0,0.0,0.0,0.0,1
STD_1491,2,12,1,4,1,1,1,22,27,10,10,0,0,0,1,1,0,29,0,0,6,9,6,16.11111111111111,0,0,6,7,6,13.5,0,13.9,-0.3,0.79,Graduate,12,1.0,1.0,-2.6111111111111107,0
STD_2622,1,1,1,5,1,1,1,1,27,10,10,1,0,0,1,0,1,20,0,0,6,6,6,12.0,0,0,6,6,6,11.833333333333334,0,12.4,0.5,1.79,Graduate,12,1.0,1.0,-0.16666666666666607,0
STD_0243,1,1,2,9,1,1,1,22,14,6,6,1,0,0,1,0,1,20,0,0,5,5,5,11.6,0,0,5,5,5,13.6,0,12.4,0.5,1.79,Graduate,10,1.0,1.0,2.0,0
STD_2817,1,1,1,12,1,1,1,13,14,10,7,0,0,0,1,0,0,19,0,0,7,7,6,14.266666666666666,0,0,7,7,6,14.266666666666666,0,7.6,2.6,0.32,Graduate,12,0.8571428571428571,0.8571428571428571,0.0,0
STD_2318,1,12,1,17,0,1,1,3,1,4,4,0,0,0,1,1,0,28,0,0,5,5,0,0.0,0,0,5,5,0,0.0,0,12.7,3.7,-1.7,Dropout,0,0.0,0.0,0.0,1
STD_3145,1,1,1,10,1,1,1,22,28,10,9,1,0,0,1,0,1,18,0,0,6,8,6,15.5,0,0,6,7,6,14.285714285714286,0,16.2,0.3,-0.92,Graduate,12,1.0,1.0,-1.2142857142857135,0
STD_1694,1,1,1,9,1,1,1,3,14,4,11,0,0,0,1,1,0,19,0,0,5,7,5,11.8,0,0,5,8,4,12.4,2,16.2,0.3,-0.92,Enrolled,9,1.0,0.8,0.5999999999999996,0
STD_0463,1,8,1,10,1,1,1,3,1,3,4,0,0,0,1,0,0,19,0,0,6,8,5,10.6,0,0,6,11,4,10.5,0,15.5,2.8,-4.06,Graduate,9,0.8333333333333334,0.6666666666666666,-0.09999999999999964,0
STD_3942,1,12,1,16,1,12,1,13,4,10,5,1,0,0,1,0,0,29,0,0,7,14,0,0.0,0,0,6,6,0,0.0,0,11.1,0.6,2.02,Dropout,0,0.0,0.0,0.0,1
STD_0695,2,12,1,8,1,12,1,2,1,3,10,1,0,0,1,1,0,44,0,1,5,13,4,14.0,3,1,5,9,4,15.5,2,10.8,1.4,1.74,Graduate,8,0.8,0.8,1.5,0
STD_3736,1,1,2,12,1,1,1,23,27,10,10,1,0,0,1,1,0,19,0,0,7,7,6,13.2,0,0,7,7,6,13.2,0,7.6,2.6,0.32,Graduate,12,0.8571428571428571,0.8571428571428571,0.0,0
STD_3439,1,12,2,13,1,12,1,22,27,4,8,0,0,0,1,0,0,24,0,0,7,10,6,11.416666666666666,0,0,8,9,8,11.9625,0,13.9,-0.3,0.79,Graduate,14,0.8571428571428571,1.0,0.5458333333333343,0
STD_2671,1,8,5,7,1,1,1,13,14,6,6,1,0,1,1,1,0,18,0,0,5,9,4,12.5,0,0,5,11,5,11.285714285714286,0,12.4,0.5,1.79,Enrolled,9,0.8,1.0,-1.2142857142857135,0
STD_1148,1,16,1,17,0,1,1,13,28,6,8,0,0,0,1,0,0,21,0,1,5,9,4,11.5,0,1,5,5,5,11.4,0,8.9,1.4,3.51,Graduate,9,0.8,1.0,-0.09999999999999964,0
STD_1837,2,14,1,3,0,1,1,22,14,10,4,0,0,0,1,0,0,34,0,9,11,17,9,12.333333333333334,0,3,7,12,7,12.142857142857142,0,9.4,-0.8,-3.12,Graduate,16,0.8181818181818182,1.0,-0.19047619047619158,0
STD_2443,2,14,1,14,1,1,1,19,24,1,1,0,0,0,1,1,0,35,0,0,5,5,0,0.0,0,0,5,5,1,10.0,0,9.4,-0.8,-3.12,Dropout,1,0.0,0.2,10.0,1
STD_2361,1,12,1,7,1,1,1,13,14,10,8,0,0,1,1,1,0,24,0,0,5,12,1,10.0,0,0,5,11,1,11.0,0,8.9,1.4,3.51,Enrolled,2,0.2,0.2,1.0,0
STD_2946,2,12,1,16,1,1,1,22,14,10,6,0,0,0,1,0,0,45,0,0,7,12,4,10.25,0,0,7,10,3,13.0,0,11.1,0.6,2.02,Dropout,7,0.5714285714285714,0.42857142857142855,2.75,1
STD_1762,1,8,1,2,1,1,14,1,1,6,8,1,0,0,1,0,1,18,1,0,0,0,0,0.0,0,0,0,0,0,0.0,0,12.7,3.7,-1.7,Dropout,0,0.0,0.0,0.0,1
STD_0581,1,12,1,3,0,1,1,19,5,1,2,1,0,0,1,0,0,31,0,0,6,12,0,0.0,0,0,6,0,0,0.0,0,7.6,2.6,0.32,Dropout,0,0.0,0.0,0.0,1
STD_1257,1,8,1,10,1,1,1,13,28,6,6,1,0,0,1,0,0,19,0,0,6,6,6,12.0,0,0,6,7,6,12.857142857142858,0,11.1,0.6,2.02,Graduate,12,1.0,1.0,0.8571428571428577,0
STD_0283,2,16,1,17,0,1,1,22,27,9,5,0,0,0,1,0,0,31,0,1,5,5,5,14.0,0,0,5,5,5,13.8,0,8.9,1.4,3.51,Graduate,10,1.0,1.0,-0.1999999999999993,0
STD_0769,2,12,1,3,0,1,1,22,27,10,8,0,0,0,1,1,0,54,0,4,9,9,9,14.333333333333334,0,2,7,7,7,13.857142857142858,0,8.9,1.4,3.51,Graduate,16,1.0,1.0,-0.4761904761904763,0
STD_3735,1,14,1,9,1,1,1,13,1,10,6,0,0,0,1,1,0,22,0,5,9,9,5,11.2,0,5,9,14,7,11.25,2,12.7,3.7,-1.7,Dropout,12,0.5555555555555556,0.7777777777777778,0.05000000000000071,1
STD_1855,1,12,1,6,1,1,1,22,27,12,12,0,0,1,0,1,0,35,0,0,5,7,2,11.5,0,0,5,8,2,10.5,0,7.6,2.6,0.32,Dropout,4,0.4,0.4,-1.0,1
STD_4263,1,8,1,9,1,1,1,1,27,4,8,0,0,0,1,0,0,19,0,0,5,10,5,13.285714285714286,0,0,5,8,5,13.0,0,12.7,3.7,-1.7,Graduate,10,1.0,1.0,-0.2857142857142865,0
STD_1878,1,1,5,12,1,1,1,22,14,5,5,1,0,0,1,1,0,18,0,0,7,0,0,0.0,0,0,8,0,0,0.0,0,7.6,2.6,0.32,Dropout,0,0.0,0.0,0.0,1
STD_2510,1,14,1,5,1,1,1,13,28,10,8,0,0,0,1,1,0,26,0,9,14,14,14,14.0,0,7,13,13,13,13.615384615384617,0,15.5,2.8,-4.06,Graduate,27,1.0,1.0,-0.38461538461538325,0
STD_2063,1,1,3,12,1,1,1,1,1,10,10,1,0,0,1,0,0,18,0,0,8,8,7,13.328571428571427,0,0,8,8,7,13.328571428571427,0,12.7,3.7,-1.7,Graduate,14,0.875,0.875,0.0,0
STD_1452,1,1,1,4,1,1,1,13,27,10,10,1,0,0,1,1,0,19,0,8,12,17,11,12.0,2,4,12,21,12,12.307692307692308,0,15.5,2.8,-4.06,Graduate,23,0.9166666666666666,1.0,0.3076923076923084,0
STD_4311,1,15,1,6,1,14,1,23,27,10,5,1,0,0,1,1,1,22,0,0,6,9,6,13.428571428571429,0,1,6,12,6,13.625,0,12.4,0.5,1.79,Graduate,12,1.0,1.0,0.19642857142857117,0
STD_0131,1,1,3,12,1,1,1,13,14,6,9,1,0,0,1,0,1,18,0,0,7,9,7,13.2375,0,0,8,9,7,13.742857142857144,0,13.9,-0.3,0.79,Dropout,14,1.0,0.875,0.5053571428571431,1
STD_1751,1,15,1,4,1,1,1,3,2,3,7,1,0,0,1,1,0,21,0,4,9,14,7,11.285714285714286,2,2,8,15,4,12.25,0,12.7,3.7,-1.7,Enrolled,11,0.7777777777777778,0.5,0.9642857142857135,0
STD_3628,1,1,6,15,1,1,1,1,14,5,5,1,0,0,1,0,1,18,0,0,6,6,6,12.166666666666666,0,0,6,10,5,11.2,0,7.6,2.6,0.32,Enrolled,11,1.0,0.8333333333333334,-0.9666666666666668,0
STD_2975,1,1,1,2,1,1,1,1,14,15,16,1,1,0,1,0,0,19,0,0,0,0,0,0.0,0,0,0,0,0,0.0,0,13.9,-0.3,0.79,Dropout,0,0.0,0.0,0.0,1
STD_0524,1,9,3,6,1,1,18,1,1,10,10,1,0,0,1,0,1,18,1,0,5,9,4,12.0,0,0,5,8,5,13.0,0,10.8,1.4,1.74,Graduate,9,0.8,1.0,1.0,0
STD_0938,1,15,1,17,0,14,1,22,27,7,7,0,0,0,1,0,0,31,0,2,6,8,6,12.0,0,2,7,8,7,13.428571428571429,0,9.4,-0.8,-3.12,Enrolled,13,1.0,1.0,1.4285714285714288,0
STD_0615,1,1,1,12,1,1,1,13,27,10,10,1,0,0,1,0,1,19,0,0,8,8,7,12.357142857142858,0,0,8,8,7,12.357142857142858,0,12.7,3.7,-1.7,Graduate,14,0.875,0.875,0.0,0
STD_2531,1,8,1,15,1,1,1,1,1,5,8,1,0,1,1,0,0,18,0,0,6,6,6,11.666666666666666,0,0,6,6,6,12.333333333333334,0,16.2,0.3,-0.92,Graduate,12,1.0,1.0,0.6666666666666679,0
STD_3896,1,1,1,12,1,1,1,23,27,10,8,1,0,0,1,1,1,18,0,0,7,7,6,13.183333333333332,0,0,7,7,6,13.183333333333332,0,7.6,2.6,0.32,Graduate,12,0.8571428571428571,0.8571428571428571,0.0,0
STD_0954,1,9,5,12,1,1,1,13,1,2,11,0,0,0,1,0,0,19,0,0,7,0,0,0.0,0,0,8,0,0,0.0,0,9.4,-0.8,-3.12,Dropout,0,0.0,0.0,0.0,1
STD_2013,5,12,1,16,1,12,1,23,1,6,4,0,0,1,1,0,0,33,0,0,6,7,5,13.2,0,0,6,7,5,10.6,0,7.6,2.6,0.32,Dropout,10,0.8333333333333334,0.8333333333333334,-2.5999999999999996,1
STD_2284,1,14,1,10,1,14,1,2,1,2,3,0,0,0,1,1,0,21,0,9,11,14,10,12.4,0,6,10,13,10,11.8,0,13.9,-0.3,0.79,Graduate,20,0.9090909090909091,1.0,-0.5999999999999996,0
STD_1992,1,14,1,2,1,2,1,22,27,10,10,1,0,0,1,0,0,34,0,0,0,0,0,0.0,0,0,0,0,0,0.0,0,10.8,1.4,1.74,Dropout,0,0.0,0.0,0.0,1
STD_2826,1,8,1,8,1,1,1,13,14,5,5,1,0,0,1,0,0,19,0,0,6,8,6,11.333333333333334,0,0,6,12,4,13.75,0,8.9,1.4,3.51,Dropout,10,1.0,0.6666666666666666,2.416666666666666,1
STD_0022,1,9,4,13,1,1,1,1,28,5,8,1,0,0,1,0,0,20,0,0,7,14,7,11.4375,0,0,8,9,8,11.425,0,12.7,3.7,-1.7,Enrolled,15,1.0,1.0,-0.01249999999999929,0
STD_4252,1,1,1,9,1,1,1,7,16,5,4,0,0,0,1,0,0,20,0,0,5,13,2,10.0,1,0,5,10,0,0.0,0,9.4,-0.8,-3.12,Dropout,2,0.4,0.0,-10.0,1
STD_0826,1,8,3,14,1,1,1,1,3,5,4,1,0,0,1,0,0,18,0,0,6,8,6,14.0,0,0,6,9,5,14.0,0,8.9,1.4,3.51,Graduate,11,1.0,0.8333333333333334,0.0,0
STD_4187,1,8,2,6,1,1,1,22,27,10,8,1,0,0,1,0,0,19,0,0,5,15,3,14.0,3,0,5,10,4,11.75,1,9.4,-0.8,-3.12,Enrolled,7,0.6,0.8,-2.25,0
STD_0586,1,1,1,9,1,1,1,1,14,4,4,0,0,0,1,0,1,18,0,0,5,5,5,15.0,0,0,5,5,5,15.2,0,12.7,3.7,-1.7,Graduate,10,1.0,1.0,0.1999999999999993,0
STD_2987,1,14,2,16,1,1,1,13,1,6,5,1,0,0,1,0,0,20,0,0,6,10,4,12.25,0,0,6,8,4,11.5,0,10.8,1.4,1.74,Enrolled,8,0.6666666666666666,0.6666666666666666,-0.75,0
STD_0218,1,12,1,3,0,1,1,13,27,9,8,1,0,0,1,0,0,24,0,0,6,11,1,10.0,0,0,6,6,0,0.0,6,9.4,-0.8,-3.12,Dropout,1,0.16666666666666666,0.0,-10.0,1
STD_0974,2,14,1,16,1,1,1,22,27,8,8,0,0,0,1,1,0,40,0,0,2,4,1,16.0,0,0,4,5,4,15.5,0,13.9,-0.3,0.79,Graduate,5,0.5,1.0,-0.5,0
STD_3201,2,12,1,10,1,16,1,13,28,9,9,0,0,0,1,1,0,33,0,0,6,6,0,0.0,0,0,5,5,0,0.0,0,8.9,1.4,3.51,Dropout,0,0.0,0.0,0.0,1
STD_2899,1,9,6,12,1,1,1,3,14,4,9,1,0,0,1,0,0,21,0,0,8,8,7,12.414285714285716,0,0,8,8,7,12.414285714285716,0,12.7,3.7,-1.7,Graduate,14,0.875,0.875,0.0,0
STD_2044,1,1,3,11,1,1,1,1,14,10,10,1,0,0,1,0,0,19,0,0,6,6,6,12.5,0,0,6,6,6,12.166666666666666,0,12.4,0.5,1.79,Graduate,12,1.0,1.0,-0.3333333333333339,0
STD_0720,1,14,1,14,1,1,1,23,1,9,11,1,0,0,1,1,0,18,0,0,6,16,5,13.8,0,0,6,7,5,12.4,0,13.9,-0.3,0.79,Enrolled,10,0.8333333333333334,0.8333333333333334,-1.4000000000000004,0
STD_0980,1,9,1,4,1,1,1,1,28,10,7,0,0,0,1,1,0,21,0,5,11,16,9,11.9,0,3,9,14,8,12.25,0,15.5,2.8,-4.06,Graduate,17,0.8181818181818182,0.8888888888888888,0.34999999999999964,0
STD_3081,1,12,1,17,0,1,1,13,28,6,6,0,0,0,1,1,0,27,0,0,5,5,5,15.2,0,0,5,6,5,14.166666666666666,0,10.8,1.4,1.74,Graduate,10,1.0,1.0,-1.0333333333333332,0
STD_0037,1,12,1,7,1,8,1,19,27,1,1,1,0,0,1,1,0,43,0,0,5,0,0,0.0,0,0,5,0,0,0.0,0,7.6,2.6,0.32,Dropout,0,0.0,0.0,0.0,1
STD_3215,1,1,4,5,1,1,1,3,3,3,3,1,0,0,1,1,0,18,0,0,6,7,6,14.5,0,0,6,6,6,15.166666666666666,0,9.4,-0.8,-3.12,Graduate,12,1.0,1.0,0.6666666666666661,0
STD_0577,1,1,2,12,1,1,1,3,1,10,10,0,0,0,1,1,0,19,0,0,8,8,7,13.828571428571427,0,0,8,8,7,13.828571428571427,0,12.7,3.7,-1.7,Graduate,14,0.875,0.875,0.0,0
STD_2758,1,15,1,6,1,14,1,3,5,3,3,0,0,0,1,1,0,23,0,0,6,19,0,0.0,0,0,6,6,0,0.0,0,13.9,-0.3,0.79,Dropout,0,0.0,0.0,0.0,1
STD_3365,1,8,3,16,1,1,1,19,24,1,1,1,0,0,1,0,0,21,0,0,6,8,5,11.8,0,0,6,8,4,10.5,0,7.6,2.6,0.32,Dropout,9,0.8333333333333334,0.6666666666666666,-1.3000000000000007,1
STD_0314,1,8,4,16,1,1,1,23,28,6,8,1,0,0,1,0,1,20,0,0,6,8,5,13.4,0,0,6,9,5,13.666666666666666,0,9.4,-0.8,-3.12,Graduate,10,0.8333333333333334,0.8333333333333334,0.2666666666666657,0
STD_0297,1,8,2,15,1,1,1,13,28,10,9,1,0,0,1,0,1,18,0,0,6,6,6,14.166666666666666,0,0,6,6,6,13.666666666666666,0,12.4,0.5,1.79,Graduate,12,1.0,1.0,-0.5,0
STD_2840,1,1,2,6,1,1,1,23,14,5,10,1,0,0,1,0,0,18,0,0,6,6,6,17.0,0,0,6,6,6,15.5,0,8.9,1.4,3.51,Graduate,12,1.0,1.0,-1.5,0
STD_3038,1,1,1,14,1,1,1,1,1,10,11,1,0,0,1,0,1,20,0,0,6,6,6,14.166666666666666,0,0,6,9,6,13.0,0,8.9,1.4,3.51,Graduate,12,1.0,1.0,-1.166666666666666,0
STD_2544,1,8,1,5,1,1,1,13,1,5,4,0,0,0,1,0,0,19,0,0,6,0,0,0.0,0,0,6,0,0,0.0,0,8.9,1.4,3.51,Dropout,0,0.0,0.0,0.0,1
STD_1627,1,1,1,6,1,1,1,22,2,10,5,1,0,0,1,0,1,18,0,0,6,7,6,15.714285714285714,0,0,6,17,5,12.77777777777778,0,12.4,0.5,1.79,Graduate,11,1.0,0.8333333333333334,-2.936507936507933,0
STD_3495,1,8,2,14,1,1,1,22,28,6,9,0,0,0,1,1,1,20,0,0,5,5,5,12.4,0,0,5,5,4,10.75,0,9.4,-0.8,-3.12,Graduate,9,1.0,0.8,-1.6500000000000004,0
STD_0592,1,1,1,12,1,1,1,3,14,3,9,0,0,0,1,0,0,19,0,0,7,12,4,12.45,0,0,7,11,5,11.7,0,16.2,0.3,-0.92,Enrolled,9,0.5714285714285714,0.7142857142857143,-0.75,0
STD_1926,1,8,1,10,1,1,1,1,1,5,11,0,0,0,1,0,0,19,0,4,8,8,8,13.875,0,1,6,8,5,14.0,0,11.1,0.6,2.02,Graduate,13,1.0,0.8333333333333334,0.125,0
STD_2740,1,1,4,6,1,1,1,22,1,10,10,1,0,0,1,0,1,19,0,0,5,7,4,14.5,0,0,5,5,5,13.6,0,10.8,1.4,1.74,Graduate,9,0.8,1.0,-0.9000000000000004,0
STD_2957,1,4,1,12,1,3,1,22,27,10,6,0,0,0,1,0,0,36,0,0,7,7,0,0.0,7,0,7,7,0,0.0,7,16.2,0.3,-0.92,Dropout,0,0.0,0.0,0.0,1
STD_2502,2,12,1,3,0,9,1,22,27,10,2,0,0,0,1,0,0,46,0,0,6,13,3,12.333333333333334,0,0,6,6,6,13.333333333333334,0,11.1,0.6,2.02,Graduate,9,0.5,1.0,1.0,0
STD_0512,2,12,1,3,0,1,1,19,24,13,13,0,0,0,0,0,0,32,0,0,5,5,0,0.0,0,0,5,10,0,0.0,0,10.8,1.4,1.74,Dropout,0,0.0,0.0,0.0,1
STD_0607,1,8,1,8,1,1,1,13,3,4,3,1,0,1,1,0,1,19,0,0,5,7,0,0.0,0,0,5,5,0,0.0,0,7.6,2.6,0.32,Dropout,0,0.0,0.0,0.0,1
STD_4328,2,12,1,9,1,9,1,22,27,10,10,0,0,0,1,0,0,25,0,0,5,0,0,0.0,0,0,5,0,0,0.0,0,9.4,-0.8,-3.12,Dropout,0,0.0,0.0,0.0,1
STD_1966,1,4,1,4,1,4,1,3,1,3,5,1,0,0,1,0,0,31,0,8,12,12,11,13.818181818181818,0,4,12,16,12,13.461538461538462,0,15.5,2.8,-4.06,Graduate,23,0.9166666666666666,1.0,-0.35664335664335667,0
STD_3059,1,1,4,12,1,1,1,23,14,9,8,1,0,0,1,0,0,18,0,0,8,8,7,12.628571428571428,0,0,8,8,7,12.628571428571428,0,12.7,3.7,-1.7,Graduate,14,0.875,0.875,0.0,0
STD_1434,1,7,3,5,1,1,1,1,28,5,9,1,0,0,1,0,0,19,0,0,6,6,6,15.333333333333334,0,0,6,9,6,15.833333333333334,0,12.7,3.7,-1.7,Graduate,12,1.0,1.0,0.5,0
STD_3825,1,1,1,7,1,1,1,1,28,5,4,1,0,0,1,1,0,18,0,0,5,5,0,0.0,0,0,5,6,1,15.0,0,10.8,1.4,1.74,Enrolled,1,0.0,0.2,15.0,0
STD_2716,1,1,5,12,1,1,1,23,28,10,10,1,0,0,1,0,1,21,0,0,7,9,5,13.336000000000002,0,0,8,9,7,13.207142857142856,0,11.1,0.6,2.02,Graduate,12,0.7142857142857143,0.875,-0.12885714285714656,0
STD_0239,1,1,1,8,1,1,1,13,1,10,10,1,0,0,0,0,0,25,0,0,5,14,4,13.5,2,0,5,10,4,14.25,0,9.4,-0.8,-3.12,Dropout,8,0.8,0.8,0.75,1
STD_2144,1,1,2,2,1,1,1,3,1,3,4,1,0,0,1,0,0,19,0,0,0,0,0,0.0,0,0,0,0,0,0.0,0,12.7,3.7,-1.7,Graduate,0,0.0,0.0,0.0,0
STD_1339,1,14,1,8,1,1,1,1,14,10,10,1,0,0,1,0,0,21,0,0,6,14,5,11.5,1,0,6,13,5,11.0,1,15.5,2.8,-4.06,Dropout,10,0.8333333333333334,0.8333333333333334,-0.5,1
STD_4270,1,8,2,5,1,1,1,3,1,3,5,1,0,0,1,1,0,18,0,0,6,6,6,13.0,0,0,6,8,1,10.0,0,10.8,1.4,1.74,Enrolled,7,1.0,0.16666666666666666,-3.0,0
STD_3175,1,8,5,10,1,1,1,13,27,6,8,1,0,0,1,0,1,19,0,0,6,9,5,11.333333333333334,0,0,6,6,6,10.833333333333334,0,13.9,-0.3,0.79,Enrolled,11,0.8333333333333334,1.0,-0.5,0
STD_3076,1,1,1,14,1,1,1,4,2,15,17,1,0,0,1,1,0,20,0,0,6,8,5,12.8,0,0,6,10,5,11.6,0,13.9,-0.3,0.79,Enrolled,10,0.8333333333333334,0.8333333333333334,-1.200000000000001,0
STD_3321,1,1,1,15,1,1,1,1,27,6,10,0,0,0,1,1,1,19,0,0,6,8,6,11.833333333333334,0,0,6,11,3,13.0,0,15.5,2.8,-4.06,Graduate,9,1.0,0.5,1.166666666666666,0
STD_2759,1,15,1,4,1,14,1,23,14,4,6,0,0,0,1,1,0,23,0,0,6,6,0,0.0,0,0,6,8,0,0.0,0,15.5,2.8,-4.06,Enrolled,0,0.0,0.0,0.0,0
STD_1126,1,1,2,14,1,1,1,22,28,10,10,0,0,0,1,0,1,21,0,0,5,5,5,13.2,0,0,5,5,4,13.0,0,9.4,-0.8,-3.12,Graduate,9,1.0,0.8,-0.1999999999999993,0
STD_0633,1,1,1,12,1,1,1,1,14,6,8,0,0,0,1,0,1,19,0,0,7,8,7,12.8375,0,0,8,8,8,15.5,0,13.9,-0.3,0.79,Graduate,15,1.0,1.0,2.6624999999999996,0
STD_4395,1,1,4,12,1,1,1,23,1,10,11,1,0,0,1,0,0,18,0,0,8,8,8,14.88875,0,0,8,8,8,14.88875,0,9.4,-0.8,-3.12,Graduate,16,1.0,1.0,0.0,0
STD_0124,1,1,1,14,1,1,1,23,28,10,10,0,0,0,1,0,1,19,0,0,5,5,5,12.8,0,0,5,5,5,14.2,0,9.4,-0.8,-3.12,Graduate,10,1.0,1.0,1.3999999999999986,0
STD_3929,1,1,6,2,1,1,1,13,27,6,6,1,0,0,1,0,1,18,0,0,0,0,0,0.0,0,0,0,0,0,0.0,0,9.4,-0.8,-3.12,Graduate,0,0.0,0.0,0.0,0
STD_1165,1,12,1,12,1,1,1,22,27,10,10,0,0,1,0,0,0,32,0,0,7,12,4,13.7,0,0,7,7,0,0.0,0,16.2,0.3,-0.92,Dropout,4,0.5714285714285714,0.0,-13.7,1
STD_1760,1,1,4,12,1,1,1,1,1,5,8,1,0,0,1,0,1,18,0,0,7,7,7,13.117142857142856,0,0,8,9,7,12.6,0,11.1,0.6,2.02,Graduate,14,1.0,0.875,-0.517142857142856,0
STD_0441,1,14,1,13,1,1,1,3,4,4,3,0,0,0,1,0,0,18,0,0,2,2,0,0.0,0,0,4,4,1,16.0,0,10.8,1.4,1.74,Enrolled,1,0.0,0.25,16.0,0
STD_1005,1,8,2,10,1,1,1,1,3,4,5,1,0,0,1,0,0,18,0,0,6,6,6,16.5,0,0,6,7,6,17.428571428571427,0,11.1,0.6,2.02,Dropout,12,1.0,1.0,0.928571428571427,1
STD_1172,1,8,4,12,1,1,1,1,14,5,4,1,0,0,1,1,1,18,0,0,8,8,7,15.07,0,0,8,8,7,15.07,0,10.8,1.4,1.74,Graduate,14,0.875,0.875,0.0,0
STD_3830,1,1,1,6,1,1,1,23,28,5,10,0,0,0,1,1,1,18,0,0,6,8,6,15.5,0,0,6,9,4,15.5,0,11.1,0.6,2.02,Dropout,10,1.0,0.6666666666666666,0.0,1
STD_3659,1,1,1,17,0,1,1,13,27,6,9,0,0,0,1,0,1,20,0,0,5,5,5,12.4,0,0,5,6,5,12.833333333333334,0,10.8,1.4,1.74,Graduate,10,1.0,1.0,0.43333333333333357,0
STD_1056,1,1,1,12,1,1,1,13,14,6,8,0,0,0,1,0,1,19,0,0,7,7,7,13.7,0,0,8,9,7,14.671428571428574,0,12.4,0.5,1.79,Graduate,14,1.0,0.875,0.9714285714285751,0
STD_1407,1,9,2,12,1,1,1,23,27,6,6,1,0,0,1,0,1,19,0,0,8,8,7,12.342857142857143,0,0,8,8,7,12.342857142857143,0,10.8,1.4,1.74,Graduate,14,0.875,0.875,0.0,0
STD_1809,1,1,5,7,1,1,1,1,14,5,8,0,0,0,0,1,1,18,0,0,5,6,5,12.2,0,0,5,8,4,12.0,0,8.9,1.4,3.51,Enrolled,9,1.0,0.8,-0.1999999999999993,0
STD_2818,1,1,1,9,1,1,1,22,27,10,8,0,0,0,1,0,1,19,0,0,5,6,4,11.0,0,0,5,9,4,13.857142857142858,0,10.8,1.4,1.74,Enrolled,8,0.8,0.8,2.8571428571428577,0
STD_2788,1,1,3,14,1,1,1,22,27,8,8,1,0,0,1,1,0,19,0,0,5,7,3,11.333333333333334,0,0,5,7,4,11.0,0,9.4,-0.8,-3.12,Enrolled,7,0.6,0.8,-0.3333333333333339,0
STD_3042,1,8,5,12,1,1,1,13,1,10,5,1,0,0,1,0,0,18,0,0,7,8,6,13.39,0,0,8,10,7,12.757142857142856,0,11.1,0.6,2.02,Enrolled,13,0.8571428571428571,0.875,-0.6328571428571443,0
STD_0151,1,1,1,2,1,1,1,3,27,3,9,1,0,0,1,0,0,18,0,0,0,0,0,0.0,0,0,0,0,0,0.0,0,9.4,-0.8,-3.12,Enrolled,0,0.0,0.0,0.0,0
STD_3821,1,15,1,4,1,14,1,4,4,5,3,1,0,0,1,1,0,22,0,0,6,13,5,13.0,0,0,6,13,2,11.5,0,12.4,0.5,1.79,Enrolled,7,0.8333333333333334,0.3333333333333333,-1.5,0
STD_1563,1,1,4,9,1,1,1,1,1,4,5,1,0,0,1,0,1,22,0,0,5,6,3,14.0,0,0,5,8,5,12.4,0,11.1,0.6,2.02,Graduate,8,0.6,1.0,-1.5999999999999996,0
STD_0853,1,1,1,10,1,1,1,13,14,10,10,1,0,0,1,0,1,23,0,0,6,7,6,13.857142857142858,0,0,6,6,6,14.166666666666666,0,10.8,1.4,1.74,Graduate,12,1.0,1.0,0.3095238095238084,0
STD_0367,1,1,4,12,1,1,1,13,28,5,9,1,0,0,1,0,1,21,0,0,7,7,6,14.033333333333331,0,0,7,7,6,14.033333333333331,0,7.6,2.6,0.32,Graduate,12,0.8571428571428571,0.8571428571428571,0.0,0
STD_2687,1,16,1,9,1,1,1,13,28,10,9,0,0,0,1,1,0,20,0,0,5,7,5,11.0,0,0,5,7,3,10.0,0,8.9,1.4,3.51,Enrolled,8,1.0,0.6,-1.0,0
STD_2191,1,8,1,2,1,1,1,22,27,10,7,1,0,0,1,1,1,18,0,0,0,0,0,0.0,0,0,0,0,0,0.0,0,7.6,2.6,0.32,Enrolled,0,0.0,0.0,0.0,0
STD_2640,1,1,2,2,1,1,1,13,14,5,8,1,0,0,1,1,0,22,0,14,17,21,17,12.578947368421051,0,15,17,20,17,12.117647058823527,0,11.1,0.6,2.02,Graduate,34,1.0,1.0,-0.4613003095975241,0
STD_3249,1,8,5,9,1,1,1,22,28,6,6,0,0,0,1,0,1,18,0,0,5,7,5,11.6,0,0,5,11,5,11.4,4,16.2,0.3,-0.92,Graduate,10,1.0,1.0,-0.1999999999999993,0
STD_0880,1,15,1,5,1,14,1,13,1,10,4,1,0,0,1,1,0,23,0,2,7,8,5,12.2,0,5,9,10,7,12.142857142857142,1,16.2,0.3,-0.92,Dropout,12,0.7142857142857143,0.7777777777777778,-0.05714285714285694,1
STD_3677,1,14,5,10,1,1,10,22,14,10,8,1,0,1,0,0,0,22,1,5,11,16,9,10.88888888888889,0,2,10,20,4,11.25,1,9.4,-0.8,-3.12,Graduate,13,0.8181818181818182,0.4,0.3611111111111107,0
STD_1964,1,1,2,12,1,1,1,1,1,5,5,1,0,0,1,0,1,20,0,0,7,8,7,12.725,0,0,8,8,8,13.7125,0,13.9,-0.3,0.79,Graduate,15,1.0,1.0,0.9875000000000007,0
STD_2132,1,1,1,10,1,1,1,1,27,6,8,0,0,0,1,0,1,19,0,0,6,8,6,12.25,0,0,6,8,6,12.0,0,16.2,0.3,-0.92,Graduate,12,1.0,1.0,-0.25,0
STD_2853,1,17,1,4,1,16,1,1,1,22,29,0,0,1,1,0,0,21,0,7,13,21,11,11.909090909090908,0,5,11,14,11,10.727272727272728,0,8.9,1.4,3.51,Graduate,22,0.8461538461538461,1.0,-1.1818181818181799,0
STD_1908,1,1,6,12,1,1,1,13,1,10,11,1,0,0,1,0,0,18,0,0,8,8,7,12.944285714285714,0,0,8,8,7,12.944285714285714,0,10.8,1.4,1.74,Graduate,14,0.875,0.875,0.0,0
STD_2585,1,1,1,16,1,1,1,13,10,10,5,1,0,0,1,0,0,19,0,0,6,6,6,14.166666666666666,0,0,6,7,6,13.666666666666666,0,7.6,2.6,0.32,Graduate,12,1.0,1.0,-0.5,0
STD_3146,2,14,1,17,0,1,1,22,27,10,8,0,0,0,1,0,1,32,0,3,10,12,7,11.142857142857142,0,4,10,10,8,12.0,0,10.8,1.4,1.74,Graduate,15,0.7,0.8,0.8571428571428577,0
STD_2704,1,15,1,4,1,14,1,1,28,2,10,0,0,0,1,1,0,25,0,0,6,16,3,11.25,0,0,6,14,4,11.2,0,15.5,2.8,-4.06,Dropout,7,0.5,0.6666666666666666,-0.05000000000000071,1
STD_1293,1,15,1,4,1,14,1,1,14,10,8,0,0,0,1,1,0,22,0,2,6,15,3,11.75,0,0,6,12,2,10.0,0,13.9,-0.3,0.79,Dropout,5,0.5,0.3333333333333333,-1.75,1
STD_4345,1,8,5,10,1,1,1,23,27,10,10,0,0,1,0,0,0,21,0,0,6,10,5,11.833333333333334,0,0,6,10,5,13.2,0,13.9,-0.3,0.79,Dropout,10,0.8333333333333334,0.8333333333333334,1.3666666666666654,1
STD_3925,1,1,1,2,1,1,1,13,14,6,5,1,0,1,1,1,0,21,0,6,12,12,11,11.545454545454543,0,4,11,18,9,11.7,1,8.9,1.4,3.51,Enrolled,20,0.9166666666666666,0.8181818181818182,0.1545454545454561,0
STD_2042,2,18,1,17,0,1,14,23,27,5,7,0,0,0,1,0,0,37,1,5,10,11,7,13.428571428571429,0,5,10,11,10,11.6,0,8.9,1.4,3.51,Graduate,17,0.7,1.0,-1.8285714285714292,0
STD_1547,1,9,1,15,1,1,1,13,27,10,6,0,0,0,0,0,0,18,0,0,6,7,5,12.6,0,0,6,6,5,11.8,0,11.1,0.6,2.02,Enrolled,10,0.8333333333333334,0.8333333333333334,-0.7999999999999989,0
STD_3790,1,8,1,10,1,1,1,1,34,5,3,1,0,1,0,1,0,20,0,3,9,9,3,13.333333333333334,0,2,6,6,2,12.5,0,8.9,1.4,3.51,Dropout,5,0.3333333333333333,0.3333333333333333,-0.8333333333333339,1
STD_3564,1,15,1,7,1,14,1,3,28,3,4,0,0,1,0,1,0,24,0,2,6,6,2,16.0,0,2,7,7,2,16.0,0,8.9,1.4,3.51,Dropout,4,0.3333333333333333,0.2857142857142857,0.0,1
STD_2773,1,1,1,12,1,1,1,13,27,4,9,1,0,0,1,1,0,19,0,0,8,10,5,12.858,3,0,8,10,5,12.858,3,9.4,-0.8,-3.12,Enrolled,10,0.625,0.625,0.0,0
STD_1872,1,1,6,12,1,1,1,1,1,5,5,1,0,0,1,1,1,20,0,0,7,14,1,13.0,0,0,7,15,0,0.0,0,11.1,0.6,2.02,Dropout,1,0.14285714285714285,0.0,-13.0,1
STD_0187,1,14,1,10,1,1,1,1,27,6,10,0,0,1,0,0,0,21,0,5,10,18,8,11.5,0,0,6,12,4,10.0,0,9.4,-0.8,-3.12,Enrolled,12,0.8,0.6666666666666666,-1.5,0
STD_1099,1,1,1,15,1,1,1,1,4,6,4,0,0,0,1,0,1,20,0,0,6,7,6,12.666666666666666,0,0,6,6,6,12.833333333333334,0,10.8,1.4,1.74,Graduate,12,1.0,1.0,0.16666666666666785,0
STD_2706,1,12,2,9,1,1,1,13,5,5,2,1,0,0,1,1,0,24,0,0,5,8,3,10.666666666666666,1,0,5,5,1,14.0,0,9.4,-0.8,-3.12,Dropout,4,0.6,0.2,3.333333333333334,1
STD_1950,1,9,1,12,1,1,1,23,27,6,6,0,0,0,1,0,0,20,0,0,7,13,6,11.7725,0,0,8,9,7,12.33,0,15.5,2.8,-4.06,Graduate,13,0.8571428571428571,0.875,0.5574999999999992,0
STD_1784,1,8,3,9,1,1,1,3,28,15,36,1,0,1,1,1,0,19,0,0,5,10,4,11.0,0,0,5,13,2,12.0,0,8.9,1.4,3.51,Enrolled,6,0.8,0.4,1.0,0
STD_0002,1,6,1,11,1,1,1,1,3,4,4,1,0,0,0,1,0,19,0,0,6,6,6,14.0,0,0,6,6,6,13.666666666666666,0,13.9,-0.3,0.79,Graduate,12,1.0,1.0,-0.3333333333333339,0
STD_0999,1,8,1,11,1,1,1,1,14,4,4,1,0,0,1,0,0,19,0,0,6,8,6,12.666666666666666,0,0,6,8,5,13.4,0,11.1,0.6,2.02,Graduate,11,1.0,0.8333333333333334,0.7333333333333343,0
STD_3571,1,8,2,5,1,1,1,1,14,22,29,1,0,0,1,1,0,19,0,0,6,9,5,12.0,0,0,6,10,4,11.2,0,8.9,1.4,3.51,Graduate,9,0.8333333333333334,0.6666666666666666,-0.8000000000000007,0
STD_0551,1,1,5,7,1,1,1,10,14,5,6,1,0,0,1,1,0,19,0,0,5,12,3,12.0,0,0,5,10,3,12.0,0,12.4,0.5,1.79,Dropout,6,0.6,0.6,0.0,1
STD_3512,1,15,1,8,1,14,1,1,14,5,8,0,0,0,1,1,0,20,0,2,6,12,5,12.4,0,1,6,11,2,15.0,0,13.9,-0.3,0.79,Enrolled,7,0.8333333333333334,0.3333333333333333,2.5999999999999996,0
STD_0596,1,12,1,17,0,3,1,22,27,10,10,0,0,0,1,0,0,29,0,10,15,15,11,11.454545454545457,0,9,13,16,11,11.545454545454543,0,10.8,1.4,1.74,Dropout,22,0.7333333333333333,0.8461538461538461,0.09090909090908639,1
STD_0928,2,12,1,3,0,1,1,22,27,7,9,0,0,1,1,0,0,37,0,3,8,12,7,11.375,0,2,7,10,6,12.166666666666666,0,13.9,-0.3,0.79,Enrolled,13,0.875,0.8571428571428571,0.7916666666666661,0
STD_0226,2,4,1,17,0,17,1,25,5,4,4,0,0,0,1,0,0,33,0,2,6,7,6,15.333333333333334,0,0,5,5,5,15.8,0,11.1,0.6,2.02,Graduate,11,1.0,1.0,0.4666666666666668,0
STD_1451,1,8,1,8,1,1,1,2,1,5,2,0,0,0,1,1,0,18,0,0,6,9,6,12.0,0,0,6,10,5,12.166666666666666,0,11.1,0.6,2.02,Dropout,11,1.0,0.8333333333333334,0.16666666666666607,1
STD_2348,1,9,1,7,1,1,1,1,1,5,4,1,0,0,1,1,0,20,0,0,5,7,5,12.166666666666666,0,0,5,7,5,15.285714285714286,0,12.4,0.5,1.79,Graduate,10,1.0,1.0,3.1190476190476204,0
STD_2058,1,15,1,6,1,14,1,22,27,10,10,0,0,0,1,0,0,20,0,2,6,8,6,13.0,0,1,6,18,2,12.0,0,12.4,0.5,1.79,Enrolled,8,1.0,0.3333333333333333,-1.0,0
STD_1656,1,1,2,6,1,1,1,23,1,10,4,1,0,0,1,0,0,20,0,0,5,11,5,12.333333333333334,2,0,5,7,5,12.6,0,9.4,-0.8,-3.12,Graduate,10,1.0,1.0,0.2666666666666657,0
STD_0190,1,8,4,5,1,1,1,1,3,5,2,1,0,0,1,0,0,20,0,0,6,7,6,11.5,0,0,6,6,6,12.0,0,16.2,0.3,-0.92,Graduate,12,1.0,1.0,0.5,0
STD_0684,4,12,1,10,1,12,1,22,27,10,11,0,0,0,0,0,0,44,0,0,6,0,0,0.0,0,0,6,0,0,0.0,0,13.9,-0.3,0.79,Dropout,0,0.0,0.0,0.0,1
STD_0276,1,8,3,12,1,1,1,10,1,5,11,1,0,0,1,0,0,18,0,0,7,7,7,13.685714285714283,0,0,8,8,8,15.3875,0,13.9,-0.3,0.79,Graduate,15,1.0,1.0,1.701785714285716,0
STD_0857,1,1,1,10,1,1,1,1,14,5,4,1,0,0,1,1,0,22,0,0,6,6,6,12.666666666666666,0,0,6,6,6,13.833333333333334,0,10.8,1.4,1.74,Dropout,12,1.0,1.0,1.1666666666666679,1
STD_2166,1,15,1,10,1,14,1,1,1,10,4,1,0,0,1,0,0,20,0,3,6,6,6,12.833333333333334,0,2,6,6,6,13.833333333333334,0,12.4,0.5,1.79,Graduate,12,1.0,1.0,1.0,0
STD_3551,1,1,1,12,1,1,1,23,14,32,44,1,0,0,1,1,0,21,0,0,7,9,6,12.565,0,0,8,12,5,12.16,0,11.1,0.6,2.02,Enrolled,11,0.8571428571428571,0.625,-0.40499999999999936,0
STD_1932,1,8,1,14,1,1,1,23,28,6,8,1,0,0,1,0,0,19,0,0,6,7,6,14.571428571428571,0,0,6,7,6,12.333333333333334,0,12.4,0.5,1.79,Graduate,12,1.0,1.0,-2.2380952380952372,0
STD_3843,1,12,1,4,1,12,1,3,1,3,9,1,0,0,1,1,0,35,0,0,6,13,3,11.75,0,0,6,10,0,0.0,0,13.9,-0.3,0.79,Dropout,3,0.5,0.0,-11.75,1
STD_2597,1,1,1,5,1,1,1,1,27,6,10,1,0,1,1,0,0,21,0,0,6,9,5,11.4,0,0,6,8,5,12.2,0,12.7,3.7,-1.7,Dropout,10,0.8333333333333334,0.8333333333333334,0.7999999999999989,1
STD_2900,1,8,2,2,1,1,1,2,1,4,4,1,0,0,1,0,0,20,0,0,0,0,0,0.0,0,0,0,0,0,0.0,0,9.4,-0.8,-3.12,Graduate,0,0.0,0.0,0.0,0
STD_1487,1,17,1,6,1,16,1,1,3,5,3,1,0,0,0,0,1,20,0,7,12,15,11,13.384615384615383,0,4,9,13,7,14.285714285714286,0,8.9,1.4,3.51,Graduate,18,0.9166666666666666,0.7777777777777778,0.9010989010989032,0
STD_0173,1,8,1,12,1,1,1,2,28,5,6,1,0,0,1,0,0,19,0,0,7,7,6,11.683333333333332,0,0,7,7,6,11.683333333333332,0,7.6,2.6,0.32,Graduate,12,0.8571428571428571,0.8571428571428571,0.0,0
STD_1502,1,1,1,14,1,1,1,1,1,12,12,1,0,1,1,1,0,20,0,0,6,10,1,12.0,1,0,6,0,0,0.0,0,10.8,1.4,1.74,Dropout,1,0.16666666666666666,0.0,-12.0,1
STD_1343,1,8,1,6,1,1,1,13,28,8,8,1,0,0,1,0,1,20,0,0,5,8,5,12.0,1,0,5,8,4,15.0,1,12.7,3.7,-1.7,Graduate,9,1.0,0.8,3.0,0
STD_3490,1,1,1,10,1,1,1,1,1,4,4,0,0,0,1,1,0,20,0,0,6,9,5,11.0,0,0,6,9,5,12.166666666666666,0,11.1,0.6,2.02,Graduate,10,0.8333333333333334,0.8333333333333334,1.166666666666666,0
STD_3663,1,1,1,6,1,1,1,23,28,10,11,1,0,0,1,0,0,18,0,0,5,7,3,12.333333333333334,0,0,5,9,5,12.6,0,10.8,1.4,1.74,Graduate,8,0.6,1.0,0.2666666666666657,0
STD_0526,1,14,1,7,1,1,1,1,1,10,4,0,0,0,1,1,0,31,0,0,5,12,1,12.0,0,0,5,9,1,11.0,4,16.2,0.3,-0.92,Dropout,2,0.2,0.2,-1.0,1
STD_2666,2,12,1,15,1,1,1,22,27,10,11,0,0,1,0,1,0,43,0,0,6,16,2,10.0,0,0,6,12,4,12.25,0,10.8,1.4,1.74,Dropout,6,0.3333333333333333,0.6666666666666666,2.25,1
STD_0794,1,8,3,10,1,1,1,3,1,3,6,1,0,0,1,0,0,18,0,0,6,6,6,12.0,0,0,6,6,5,13.6,0,8.9,1.4,3.51,Graduate,11,1.0,0.8333333333333334,1.5999999999999996,0
STD_0457,1,4,1,4,1,3,1,23,27,6,7,0,0,0,1,0,0,32,0,0,6,7,0,0.0,0,0,6,6,0,0.0,0,12.4,0.5,1.79,Dropout,0,0.0,0.0,0.0,1
STD_1420,1,12,1,8,1,1,1,23,28,10,11,0,0,0,1,0,0,24,0,0,6,9,6,12.571428571428571,0,0,6,10,5,12.833333333333334,0,11.1,0.6,2.02,Dropout,11,1.0,0.8333333333333334,0.26190476190476275,1
STD_3359,4,12,1,12,1,1,1,1,14,4,4,0,0,0,1,0,0,32,0,0,7,0,0,0.0,0,0,8,0,0,0.0,0,12.4,0.5,1.79,Dropout,0,0.0,0.0,0.0,1
STD_0771,1,1,1,6,1,1,1,1,1,10,10,1,0,0,1,0,1,20,0,0,6,8,6,15.142857142857142,0,0,6,8,6,15.142857142857142,0,11.1,0.6,2.02,Graduate,12,1.0,1.0,0.0,0
STD_3226,2,14,1,12,1,1,1,22,27,10,11,1,0,0,1,0,0,27,0,0,8,8,8,13.81375,0,0,8,8,8,13.81375,0,9.4,-0.8,-3.12,Graduate,16,1.0,1.0,0.0,0
STD_3481,1,1,1,12,1,1,1,22,27,10,8,0,0,0,1,1,1,18,0,0,8,8,8,12.93875,0,0,8,8,8,12.93875,0,9.4,-0.8,-3.12,Graduate,16,1.0,1.0,0.0,0
STD_2396,1,14,1,15,1,1,1,13,28,10,8,1,0,0,1,1,0,22,0,0,6,17,3,11.333333333333334,3,0,6,14,3,12.333333333333334,0,15.5,2.8,-4.06,Enrolled,6,0.5,0.5,1.0,0
STD_3446,1,1,5,12,1,1,1,13,1,10,6,1,0,0,1,0,1,19,0,0,7,8,7,11.678571428571429,0,0,8,10,7,13.0375,0,12.4,0.5,1.79,Graduate,14,1.0,0.875,1.3589285714285708,0
STD_4109,1,8,3,12,1,1,1,22,28,5,6,1,0,0,1,0,0,19,0,0,8,8,7,15.11,0,0,8,8,7,15.11,0,10.8,1.4,1.74,Graduate,14,0.875,0.875,0.0,0
STD_1268,1,8,2,12,1,1,1,13,27,10,8,1,0,0,1,0,1,20,0,0,8,8,7,12.464285714285714,0,0,8,8,7,12.464285714285714,0,10.8,1.4,1.74,Graduate,14,0.875,0.875,0.0,0
STD_3791,1,1,2,12,1,1,1,13,14,5,8,1,0,0,1,1,0,18,0,0,7,9,7,14.594444444444443,0,0,8,10,8,13.472,0,15.5,2.8,-4.06,Graduate,15,1.0,1.0,-1.1224444444444437,0
STD_2793,4,12,1,3,0,1,1,22,27,8,8,0,0,0,1,1,0,37,0,3,9,13,8,12.0,0,2,7,8,7,11.571428571428571,0,12.7,3.7,-1.7,Graduate,15,0.8888888888888888,1.0,-0.4285714285714288,0
STD_2424,1,12,1,4,1,1,1,1,27,10,9,0,0,0,1,1,0,29,0,0,3,4,0,0.0,0,0,4,8,0,0.0,0,16.2,0.3,-0.92,Dropout,0,0.0,0.0,0.0,1
STD_0443,1,8,6,12,1,1,1,13,28,10,4,1,0,0,1,0,0,19,0,0,8,9,7,12.3,0,0,8,9,7,12.3,0,12.7,3.7,-1.7,Graduate,14,0.875,0.875,0.0,0
STD_4069,1,1,1,14,1,1,1,1,1,6,8,0,0,0,1,0,1,18,0,0,5,6,5,11.8,0,0,5,5,5,12.6,0,9.4,-0.8,-3.12,Graduate,10,1.0,1.0,0.7999999999999989,0
STD_2036,1,13,1,12,1,1,1,3,14,3,9,0,0,0,1,1,0,22,0,3,6,7,3,14.5,0,4,7,8,4,14.375,0,15.5,2.8,-4.06,Enrolled,7,0.5,0.5714285714285714,-0.125,0
STD_1997,1,8,1,6,1,1,1,3,27,5,9,1,0,0,1,0,0,18,0,0,6,8,6,13.857142857142858,0,0,6,15,6,13.1,0,12.4,0.5,1.79,Graduate,12,1.0,1.0,-0.757142857142858,0
STD_2668,2,12,1,17,0,12,1,13,14,5,5,0,0,0,0,1,0,49,0,0,5,8,2,11.0,0,0,5,5,1,11.0,0,15.5,2.8,-4.06,Dropout,3,0.4,0.2,0.0,1
STD_0327,1,14,1,12,1,6,1,1,27,10,10,1,0,0,1,0,0,19,0,0,7,7,6,13.333333333333334,0,0,7,7,6,13.333333333333334,0,7.6,2.6,0.32,Graduate,12,0.8571428571428571,0.8571428571428571,0.0,0
STD_3463,1,4,1,6,1,3,1,22,27,8,8,0,0,0,1,0,0,32,0,4,10,20,4,11.5,2,3,9,13,3,11.666666666666666,2,15.5,2.8,-4.06,Dropout,7,0.4,0.3333333333333333,0.16666666666666607,1
STD_1023,1,14,2,12,1,1,1,26,3,3,3,0,0,0,1,0,0,21,0,0,8,12,6,11.68,0,0,8,12,6,11.68,0,10.8,1.4,1.74,Graduate,12,0.75,0.75,0.0,0
STD_1675,1,8,4,12,1,1,1,1,1,5,10,1,0,0,1,0,0,18,0,0,7,7,6,12.766666666666666,0,0,7,7,6,12.766666666666666,0,7.6,2.6,0.32,Graduate,12,0.8571428571428571,0.8571428571428571,0.0,0
STD_0879,1,1,2,14,1,1,1,13,14,8,11,0,0,0,1,1,0,19,0,0,5,7,3,12.333333333333334,0,0,5,5,5,11.6,0,9.4,-0.8,-3.12,Graduate,8,0.6,1.0,-0.7333333333333343,0
STD_0268,1,1,2,15,1,1,1,23,28,10,10,1,0,0,1,0,1,19,0,0,6,7,5,11.4,0,0,6,8,5,12.8,0,12.7,3.7,-1.7,Graduate,10,0.8333333333333334,0.8333333333333334,1.4000000000000004,0
STD_2045,1,15,1,6,1,14,1,1,14,4,4,1,0,0,1,0,0,21,0,2,6,7,6,13.0,0,1,6,15,4,12.8,0,12.4,0.5,1.79,Graduate,10,1.0,0.6666666666666666,-0.1999999999999993,0
STD_1913,1,1,2,13,1,1,1,23,1,10,4,1,0,0,1,0,0,18,0,0,7,8,7,13.428571428571429,0,0,8,8,8,15.3125,0,16.2,0.3,-0.92,Graduate,15,1.0,1.0,1.8839285714285712,0
STD_4030,4,4,1,12,1,3,1,3,14,3,4,0,0,0,1,0,0,43,0,0,7,7,3,13.833333333333334,1,0,7,7,0,0.0,0,16.2,0.3,-0.92,Dropout,3,0.42857142857142855,0.0,-13.833333333333334,1
STD_2207,1,1,5,9,1,1,1,24,29,4,4,1,0,0,0,1,0,18,0,0,5,0,0,0.0,0,0,5,0,0,0.0,0,11.1,0.6,2.02,Dropout,0,0.0,0.0,0.0,1
STD_3886,1,9,1,10,1,1,1,23,28,10,8,0,0,1,1,0,1,18,0,0,6,9,6,10.833333333333334,0,0,6,8,6,12.0,0,11.1,0.6,2.02,Graduate,12,1.0,1.0,1.166666666666666,0
STD_2141,1,8,5,12,1,1,1,1,1,6,5,1,0,0,1,0,0,18,0,0,7,9,7,12.385714285714286,0,0,8,9,7,12.728571428571428,0,13.9,-0.3,0.79,Enrolled,14,1.0,0.875,0.34285714285714164,0
STD_0621,1,1,1,15,1,1,1,3,14,5,6,1,0,0,1,0,0,20,0,0,6,6,6,13.833333333333334,0,0,6,6,6,12.5,0,12.7,3.7,-1.7,Graduate,12,1.0,1.0,-1.333333333333334,0
STD_3390,1,14,1,10,1,1,1,13,27,6,6,0,0,0,1,0,1,21,0,0,6,15,2,10.5,0,0,6,8,5,12.4,0,10.8,1.4,1.74,Enrolled,7,0.3333333333333333,0.8333333333333334,1.9000000000000004,0
STD_2394,1,1,1,11,1,1,1,4,14,5,6,0,0,0,1,1,0,26,0,0,6,6,0,0.0,0,0,6,12,0,0.0,0,10.8,1.4,1.74,Dropout,0,0.0,0.0,0.0,1
STD_0530,1,1,1,8,1,1,1,3,3,3,3,1,0,1,1,1,0,18,0,0,6,11,5,13.625,0,0,6,9,4,11.75,0,16.2,0.3,-0.92,Dropout,9,0.8333333333333334,0.6666666666666666,-1.875,1
STD_1083,1,16,1,5,1,1,1,5,1,3,11,1,0,0,1,0,0,21,0,0,6,7,5,12.2,0,0,6,7,4,12.6,0,8.9,1.4,3.51,Enrolled,9,0.8333333333333334,0.6666666666666666,0.40000000000000036,0
STD_3311,2,12,1,3,0,1,1,13,14,10,8,0,0,0,1,0,1,32,0,0,6,6,6,11.333333333333334,0,0,6,8,5,13.0,0,15.5,2.8,-4.06,Graduate,11,1.0,0.8333333333333334,1.666666666666666,0
STD_0072,1,8,1,12,1,1,1,22,14,9,5,0,0,0,1,1,0,24,0,0,7,8,7,11.975,0,0,8,8,8,13.75,0,13.9,-0.3,0.79,Graduate,15,1.0,1.0,1.7750000000000004,0
STD_1337,1,12,1,12,1,1,1,1,28,4,8,0,0,0,1,0,1,27,0,0,7,8,6,12.6,0,0,7,9,6,11.685714285714283,0,12.4,0.5,1.79,Enrolled,12,0.8571428571428571,0.8571428571428571,-0.9142857142857164,0
STD_0911,1,1,1,16,1,1,1,22,27,10,6,0,0,0,1,0,0,18,0,0,6,6,6,13.166666666666666,0,0,6,6,6,13.333333333333334,0,7.6,2.6,0.32,Graduate,12,1.0,1.0,0.16666666666666785,0
STD_2320,1,8,1,11,1,1,1,1,1,5,9,0,0,0,1,1,0,20,0,0,6,7,6,13.714285714285714,0,0,6,8,6,14.714285714285714,0,16.2,0.3,-0.92,Graduate,12,1.0,1.0,1.0,0
STD_2068,1,8,5,5,1,1,1,4,1,5,5,1,1,0,1,0,1,17,0,0,6,6,6,13.0,0,0,6,6,6,12.5,0,15.5,2.8,-4.06,Graduate,12,1.0,1.0,-0.5,0
STD_3020,1,8,6,10,1,1,1,3,3,2,3,1,0,0,1,0,0,19,0,0,6,11,5,10.8,0,0,6,12,5,11.333333333333334,0,15.5,2.8,-4.06,Graduate,10,0.8333333333333334,0.8333333333333334,0.5333333333333332,0
STD_0185,1,8,2,11,1,1,1,1,14,5,7,0,0,0,1,0,0,20,0,0,6,0,0,0.0,0,0,6,0,0,0.0,0,11.1,0.6,2.02,Dropout,0,0.0,0.0,0.0,1
STD_1235,1,8,6,12,1,1,1,1,27,2,2,1,0,0,1,0,0,19,0,0,8,8,7,13.925714285714283,0,0,8,8,7,13.925714285714283,0,10.8,1.4,1.74,Graduate,14,0.875,0.875,0.0,0
STD_3912,2,15,1,3,0,14,1,22,14,10,11,0,0,0,1,0,0,33,0,3,6,7,6,15.714285714285714,0,2,6,7,6,15.5,0,13.9,-0.3,0.79,Graduate,12,1.0,1.0,-0.21428571428571352,0
STD_2338,1,12,1,8,1,1,1,1,28,10,10,0,0,0,1,1,0,25,0,0,6,6,0,0.0,0,0,6,6,0,0.0,0,12.4,0.5,1.79,Dropout,0,0.0,0.0,0.0,1
STD_1041,1,8,4,5,1,1,1,1,14,5,6,1,0,0,1,0,0,18,0,0,6,8,5,11.8,0,0,6,7,5,10.4,1,16.2,0.3,-0.92,Graduate,10,0.8333333333333334,0.8333333333333334,-1.4000000000000004,0
STD_3448,1,1,1,2,1,1,1,1,14,6,9,1,0,0,1,0,1,18,0,0,0,0,0,0.0,0,0,0,0,0,0.0,0,13.9,-0.3,0.79,Graduate,0,0.0,0.0,0.0,0
STD_0329,1,1,1,16,1,1,1,2,14,5,5,1,0,0,1,0,0,18,0,0,6,9,5,12.6,0,0,6,8,5,11.4,0,9.4,-0.8,-3.12,Enrolled,10,0.8333333333333334,0.8333333333333334,-1.1999999999999993,0
STD_4192,1,15,1,6,1,14,1,1,29,4,10,1,0,0,1,0,0,20,0,1,6,9,6,12.666666666666666,0,1,6,10,4,11.5,0,13.9,-0.3,0.79,Enrolled,10,1.0,0.6666666666666666,-1.166666666666666,0
STD_0977,1,12,1,12,1,12,1,23,28,10,9,1,0,0,1,1,0,24,0,0,7,7,6,12.666666666666666,1,0,7,7,6,12.666666666666666,1,7.6,2.6,0.32,Graduate,12,0.8571428571428571,0.8571428571428571,0.0,0
STD_0854,2,12,1,12,1,1,1,1,14,10,10,0,0,0,1,1,1,34,0,0,8,8,7,13.842857142857143,0,0,8,8,7,13.842857142857143,0,12.7,3.7,-1.7,Graduate,14,0.875,0.875,0.0,0
STD_3776,1,1,1,6,1,1,1,22,27,5,10,1,0,1,1,0,0,29,0,4,5,11,4,12.5,2,1,5,11,2,12.5,0,12.7,3.7,-1.7,Dropout,6,0.8,0.4,0.0,1
STD_4115,1,8,2,15,1,1,1,2,1,3,8,1,0,0,1,0,0,20,0,0,6,6,6,14.333333333333334,0,0,6,6,6,15.5,0,12.4,0.5,1.79,Graduate,12,1.0,1.0,1.166666666666666,0
STD_3687,1,1,1,9,1,1,1,19,24,1,1,0,0,0,1,1,0,26,0,11,15,15,11,10.818181818181818,0,12,14,15,11,11.636363636363637,1,7.6,2.6,0.32,Dropout,22,0.7333333333333333,0.7857142857142857,0.8181818181818183,1
STD_4184,1,1,1,6,1,1,1,23,28,10,11,1,0,0,1,0,0,20,0,0,5,6,5,14.8,1,0,5,6,5,14.0,0,12.7,3.7,-1.7,Graduate,10,1.0,1.0,-0.8000000000000007,0
STD_0894,1,4,1,3,0,3,1,22,10,10,5,0,0,0,0,0,0,26,0,0,5,9,0,0.0,0,0,5,10,0,0.0,0,9.4,-0.8,-3.12,Dropout,0,0.0,0.0,0.0,1
STD_3614,1,1,1,7,1,1,1,1,10,4,4,1,0,0,1,1,0,19,0,0,5,7,3,12.0,0,0,6,10,2,10.5,0,11.1,0.6,2.02,Dropout,5,0.6,0.3333333333333333,-1.5,1
STD_2839,1,12,1,17,0,1,1,22,27,10,6,0,0,0,0,0,0,37,0,0,5,5,0,0.0,0,0,5,5,0,0.0,0,15.5,2.8,-4.06,Dropout,0,0.0,0.0,0.0,1
STD_1355,1,1,1,10,1,1,1,1,28,6,9,0,0,0,1,0,1,20,0,0,6,11,5,10.6,0,0,6,9,5,11.166666666666666,0,11.1,0.6,2.02,Enrolled,10,0.8333333333333334,0.8333333333333334,0.5666666666666664,0
STD_4177,1,1,3,11,1,1,1,13,1,8,10,1,0,0,1,0,1,18,0,0,6,6,6,12.666666666666666,0,0,6,6,6,12.5,0,12.4,0.5,1.79,Graduate,12,1.0,1.0,-0.16666666666666607,0
STD_0288,1,12,1,3,0,11,1,19,1,12,3,0,0,0,1,0,0,32,0,0,6,9,4,12.0,0,0,6,12,4,11.5,0,7.6,2.6,0.32,Graduate,8,0.6666666666666666,0.6666666666666666,-0.5,0
STD_0084,1,8,1,11,1,1,1,13,14,5,5,0,0,0,1,1,0,18,0,0,5,6,5,12.0,0,0,5,8,3,11.333333333333334,0,12.7,3.7,-1.7,Enrolled,8,1.0,0.6,-0.6666666666666661,0
STD_0305,1,8,2,10,1,1,1,1,9,5,4,1,0,0,1,0,0,19,0,0,6,11,0,0.0,0,0,6,0,0,0.0,0,9.4,-0.8,-3.12,Dropout,0,0.0,0.0,0.0,1
STD_2069,1,9,4,16,1,1,1,13,28,5,11,1,0,0,1,0,0,19,0,0,6,8,5,12.666666666666666,0,0,6,8,5,11.0,0,15.5,2.8,-4.06,Enrolled,10,0.8333333333333334,0.8333333333333334,-1.666666666666666,0
STD_0416,1,1,1,6,1,1,1,22,27,12,12,0,0,0,1,0,0,18,0,0,5,5,5,14.0,0,0,5,6,5,15.4,0,7.6,2.6,0.32,Graduate,10,1.0,1.0,1.4000000000000004,0
STD_2529,1,8,2,15,1,1,1,3,28,3,7,1,0,0,1,0,0,18,0,0,6,6,6,15.166666666666666,0,0,6,7,6,14.285714285714286,0,12.4,0.5,1.79,Graduate,12,1.0,1.0,-0.8809523809523796,0
STD_0257,1,8,1,17,0,15,1,22,27,7,7,0,0,0,1,0,0,29,0,0,5,10,5,13.571428571428571,0,0,5,14,5,12.333333333333334,3,16.2,0.3,-0.92,Graduate,10,1.0,1.0,-1.2380952380952372,0
STD_1441,1,1,5,14,1,1,1,13,14,8,4,0,0,0,1,1,0,19,0,0,5,5,4,12.5,0,0,5,5,4,14.25,0,7.6,2.6,0.32,Graduate,8,0.8,0.8,1.75,0
STD_1070,1,1,2,14,1,1,1,13,14,10,10,1,0,0,1,0,0,18,0,0,6,9,4,13.2,0,0,6,10,5,12.8,0,12.4,0.5,1.79,Graduate,9,0.6666666666666666,0.8333333333333334,-0.3999999999999986,0
STD_3143,1,1,1,9,1,1,1,23,28,3,10,0,0,0,1,0,0,19,0,0,5,14,1,11.0,0,0,5,6,0,0.0,0,13.9,-0.3,0.79,Dropout,1,0.2,0.0,-11.0,1
STD_2921,1,1,1,2,1,1,1,13,14,5,8,1,0,0,1,0,1,18,0,0,0,0,0,0.0,0,0,0,0,0,0.0,0,12.4,0.5,1.79,Graduate,0,0.0,0.0,0.0,0
STD_3251,1,4,1,13,1,2,1,22,27,10,10,1,0,0,1,0,1,36,0,0,7,9,1,9.8,0,0,7,7,0,0.0,0,12.7,3.7,-1.7,Dropout,1,0.14285714285714285,0.0,-9.8,1
STD_2299,1,1,1,10,1,1,1,1,1,5,5,0,0,0,1,1,0,19,0,0,6,12,4,12.25,0,0,6,9,6,11.0,0,9.4,-0.8,-3.12,Graduate,10,0.6666666666666666,1.0,-1.25,0
STD_4232,1,12,1,17,0,1,1,23,14,10,6,0,0,1,1,0,0,25,0,0,5,10,4,11.25,0,0,5,9,4,12.0,0,12.7,3.7,-1.7,Enrolled,8,0.8,0.8,0.75,0
STD_4400,1,1,1,11,1,1,1,22,14,10,10,1,0,0,1,0,1,22,0,0,6,9,6,13.875,0,0,6,6,6,14.333333333333334,0,9.4,-0.8,-3.12,Graduate,12,1.0,1.0,0.4583333333333339,0
STD_0471,1,8,3,12,1,1,1,1,27,10,10,1,0,0,1,0,1,20,0,0,8,8,7,13.487142857142857,0,0,8,8,7,13.487142857142857,0,10.8,1.4,1.74,Graduate,14,0.875,0.875,0.0,0
STD_1959,1,1,1,10,1,1,1,10,28,5,10,1,0,0,1,0,0,19,0,0,6,11,5,10.6,0,0,6,10,6,11.714285714285714,0,11.1,0.6,2.02,Dropout,11,0.8333333333333334,1.0,1.1142857142857139,1
STD_2478,1,1,1,11,1,1,1,13,28,10,10,1,0,0,1,1,0,23,0,0,6,8,6,12.666666666666666,0,0,6,10,5,12.2,0,7.6,2.6,0.32,Enrolled,11,1.0,0.8333333333333334,-0.4666666666666668,0
STD_4267,1,15,1,2,1,14,1,1,1,10,10,0,0,0,1,1,0,21,0,0,0,0,0,0.0,0,0,0,0,0,0.0,0,15.5,2.8,-4.06,Enrolled,0,0.0,0.0,0.0,0
STD_2933,1,12,1,17,0,1,1,22,27,7,7,0,0,1,1,0,0,36,0,0,5,5,0,0.0,0,0,5,5,0,0.0,0,12.7,3.7,-1.7,Dropout,0,0.0,0.0,0.0,1
STD_3457,1,4,1,10,1,3,1,22,27,10,10,1,0,0,1,0,0,36,0,10,14,21,13,13.071428571428571,0,4,11,16,11,13.0,0,16.2,0.3,-0.92,Graduate,24,0.9285714285714286,1.0,-0.07142857142857117,0
STD_3769,1,1,3,16,1,1,1,3,3,3,3,1,0,0,1,0,0,23,0,0,6,8,5,13.6,0,0,6,8,5,11.6,0,7.6,2.6,0.32,Enrolled,10,0.8333333333333334,0.8333333333333334,-2.0,0
STD_3816,1,1,3,12,1,1,1,13,3,4,3,1,0,0,1,0,0,18,0,0,7,8,7,12.59125,0,0,8,11,7,12.820000000000002,0,15.5,2.8,-4.06,Enrolled,14,1.0,0.875,0.22875000000000156,0
STD_3121,2,1,1,17,0,2,1,22,27,7,4,0,0,0,1,0,0,31,0,4,10,16,5,11.4,0,4,10,10,6,12.833333333333334,0,9.4,-0.8,-3.12,Dropout,11,0.5,0.6,1.4333333333333336,1
STD_0152,1,1,1,6,1,1,1,1,28,5,8,0,0,0,1,0,0,19,0,0,5,6,5,12.4,0,0,5,6,5,13.4,0,7.6,2.6,0.32,Graduate,10,1.0,1.0,1.0,0
STD_4275,1,1,1,11,1,1,1,22,14,10,10,1,0,0,1,1,0,25,0,0,6,8,6,13.166666666666666,0,0,6,8,5,12.6,0,7.6,2.6,0.32,Enrolled,11,1.0,0.8333333333333334,-0.5666666666666664,0
STD_0440,2,12,1,12,1,12,1,22,27,10,10,1,0,0,1,0,0,36,0,0,7,7,6,11.3,0,0,7,7,6,11.3,0,7.6,2.6,0.32,Graduate,12,0.8571428571428571,0.8571428571428571,0.0,0
STD_2730,1,1,1,8,1,1,1,23,28,6,9,1,0,0,1,0,0,20,0,0,5,9,4,12.0,1,0,5,6,5,13.4,0,9.4,-0.8,-3.12,Graduate,9,0.8,1.0,1.4000000000000004,0
STD_2040,1,1,4,10,1,1,1,23,14,8,8,1,0,0,1,0,1,18,0,0,6,6,6,12.5,0,0,6,6,6,11.666666666666666,0,10.8,1.4,1.74,Graduate,12,1.0,1.0,-0.8333333333333339,0
STD_0446,1,1,1,10,1,1,1,22,14,10,4,1,0,0,1,0,1,19,0,0,6,6,6,13.0,0,0,6,6,6,14.166666666666666,0,12.4,0.5,1.79,Graduate,12,1.0,1.0,1.166666666666666,0
STD_3147,1,1,1,10,1,1,1,3,1,6,6,0,0,0,1,0,1,18,0,0,6,6,6,11.333333333333334,0,0,6,8,6,11.333333333333334,0,15.5,2.8,-4.06,Graduate,12,1.0,1.0,0.0,0
STD_1528,1,12,1,7,1,1,1,22,27,10,10,0,0,0,1,1,1,28,0,0,5,12,3,10.0,0,0,5,10,3,12.4,0,12.4,0.5,1.79,Graduate,6,0.6,0.6,2.4000000000000004,0
STD_2896,2,1,1,3,0,1,1,22,27,10,10,0,0,0,1,0,0,40,0,0,6,7,6,11.333333333333334,0,0,6,7,6,10.5,0,10.8,1.4,1.74,Graduate,12,1.0,1.0,-0.8333333333333339,0
STD_4231,2,14,1,12,1,1,1,3,3,3,3,0,0,0,1,0,0,28,0,0,7,8,7,14.95,0,0,8,8,8,14.7375,0,13.9,-0.3,0.79,Graduate,15,1.0,1.0,-0.21249999999999858,0
STD_0139,1,1,2,12,1,1,1,13,1,5,8,0,0,0,1,0,1,20,0,0,7,9,5,13.188,0,0,8,9,7,12.892857142857142,0,11.1,0.6,2.02,Enrolled,12,0.7142857142857143,0.875,-0.29514285714285826,0
STD_4193,1,8,2,16,1,1,1,22,27,6,7,1,0,0,1,0,0,22,0,0,6,9,4,12.25,0,0,6,8,5,11.6,0,10.8,1.4,1.74,Enrolled,9,0.6666666666666666,0.8333333333333334,-0.6500000000000004,0
STD_2918,1,1,1,12,1,1,1,23,28,8,8,1,0,0,1,0,0,19,0,0,7,9,6,12.97166666666667,0,0,8,9,7,12.321428571428571,0,11.1,0.6,2.02,Graduate,13,0.8571428571428571,0.875,-0.6502380952380982,0
STD_4382,1,1,2,10,1,1,1,1,14,5,9,0,0,0,1,0,0,20,0,0,6,13,0,0.0,0,0,5,11,0,0.0,0,9.4,-0.8,-3.12,Enrolled,0,0.0,0.0,0.0,0
STD_0939,1,1,1,15,1,1,1,13,28,5,11,1,0,0,1,0,0,18,0,0,6,7,6,12.666666666666666,0,0,6,8,4,12.25,0,7.6,2.6,0.32,Enrolled,10,1.0,0.6666666666666666,-0.4166666666666661,0
STD_2923,2,12,1,10,1,12,1,22,27,5,5,0,0,0,1,0,0,48,0,0,6,14,6,11.333333333333334,0,0,6,11,5,12.4,0,15.5,2.8,-4.06,Dropout,11,1.0,0.8333333333333334,1.0666666666666664,1
STD_3983,1,8,1,12,1,1,1,1,14,5,4,1,0,0,1,0,0,19,0,0,7,13,5,12.5,0,0,8,14,7,12.166666666666666,0,15.5,2.8,-4.06,Graduate,12,0.7142857142857143,0.875,-0.3333333333333339,0
STD_4119,1,1,1,6,1,1,1,2,1,5,4,1,0,0,1,0,0,21,0,0,5,6,5,12.2,0,0,5,5,5,13.2,0,10.8,1.4,1.74,Graduate,10,1.0,1.0,1.0,0
STD_3813,1,14,1,10,1,1,1,22,27,10,7,1,0,0,1,0,0,28,0,8,11,11,9,11.666666666666666,0,8,11,13,9,12.555555555555555,0,10.8,1.4,1.74,Graduate,18,0.8181818181818182,0.8181818181818182,0.8888888888888893,0
STD_1509,1,14,1,5,1,1,1,13,27,8,8,1,0,0,1,1,0,22,0,9,13,13,13,14.0,0,7,12,13,12,13.0,0,15.5,2.8,-4.06,Graduate,25,1.0,1.0,-1.0,0
STD_1482,4,12,1,15,1,12,1,22,27,10,2,0,0,0,1,0,0,39,0,0,6,10,4,11.25,0,0,6,6,6,11.333333333333334,0,10.8,1.4,1.74,Graduate,10,0.6666666666666666,1.0,0.08333333333333393,0
STD_0105,1,9,1,16,1,1,1,13,14,10,8,1,0,0,1,0,0,19,0,0,6,0,0,0.0,0,0,6,0,0,0.0,0,11.1,0.6,2.02,Dropout,0,0.0,0.0,0.0,1
STD_3498,2,14,1,17,0,1,1,22,27,8,9,0,0,0,1,1,0,49,0,0,5,7,4,13.333333333333334,0,0,5,9,4,11.6,1,16.2,0.3,-0.92,Dropout,8,0.8,0.8,-1.7333333333333343,1
STD_2227,1,1,1,14,1,1,1,3,3,4,4,1,0,0,1,1,0,19,0,0,6,9,5,13.333333333333334,0,0,6,6,5,13.0,0,12.4,0.5,1.79,Graduate,10,0.8333333333333334,0.8333333333333334,-0.3333333333333339,0
STD_2523,1,8,6,12,1,1,1,1,14,8,8,1,0,0,1,0,1,19,0,0,7,8,7,13.875714285714285,0,0,8,9,7,13.085714285714284,0,11.1,0.6,2.02,Graduate,14,1.0,0.875,-0.7900000000000009,0
STD_3712,1,15,1,2,1,14,1,13,28,10,10,1,0,1,1,1,1,21,0,0,0,0,0,0.0,0,0,0,0,0,0.0,0,15.5,2.8,-4.06,Dropout,0,0.0,0.0,0.0,1
STD_2199,1,1,3,9,1,1,1,23,28,10,10,1,0,0,1,1,0,19,0,0,5,8,3,11.0,0,0,5,7,2,10.0,0,12.7,3.7,-1.7,Dropout,5,0.6,0.4,-1.0,1
STD_1650,1,1,1,12,1,1,1,1,28,5,10,1,0,0,1,0,1,19,0,0,8,8,7,14.36,0,0,8,8,7,14.36,0,10.8,1.4,1.74,Graduate,14,0.875,0.875,0.0,0
STD_1240,1,1,1,14,1,1,1,3,1,5,5,0,0,0,1,1,0,19,0,0,6,7,0,0.0,0,0,6,6,0,0.0,0,15.5,2.8,-4.06,Dropout,0,0.0,0.0,0.0,1
STD_2211,1,1,3,12,1,1,1,1,1,5,5,1,0,0,1,1,0,18,0,0,8,8,7,13.1,0,0,8,8,7,13.1,0,12.7,3.7,-1.7,Graduate,14,0.875,0.875,0.0,0
STD_1941,1,1,2,11,1,1,1,1,1,10,5,1,0,0,1,0,1,18,0,0,6,9,6,13.571428571428571,0,0,6,6,6,12.166666666666666,0,8.9,1.4,3.51,Graduate,12,1.0,1.0,-1.404761904761905,0
STD_2198,1,14,1,5,1,1,1,1,1,5,8,1,0,0,1,1,0,19,0,3,6,7,3,11.666666666666666,0,1,6,13,4,10.333333333333334,0,13.9,-0.3,0.79,Enrolled,7,0.5,0.6666666666666666,-1.3333333333333321,0
STD_1409,1,8,1,11,1,1,1,9,24,6,1,1,0,0,1,0,0,22,0,0,6,10,4,10.5,0,0,6,14,1,11.0,0,7.6,2.6,0.32,Dropout,5,0.6666666666666666,0.16666666666666666,0.5,1
STD_0563,1,12,1,17,0,1,1,1,1,5,11,0,0,0,1,1,0,25,0,0,5,13,1,10.0,0,0,5,8,2,11.333333333333334,0,12.4,0.5,1.79,Dropout,3,0.2,0.4,1.333333333333334,1
STD_0770,1,8,5,14,1,1,1,13,14,6,6,1,0,0,1,1,0,21,0,0,6,6,6,15.166666666666666,0,0,6,9,6,14.0,0,10.8,1.4,1.74,Graduate,12,1.0,1.0,-1.166666666666666,0
STD_3681,1,1,1,2,1,1,1,22,28,10,10,1,0,1,1,1,0,18,0,0,0,0,0,0.0,0,0,0,0,0,0.0,0,7.6,2.6,0.32,Dropout,0,0.0,0.0,0.0,1
STD_2631,1,12,1,17,0,1,1,1,1,10,8,0,0,0,1,1,0,28,0,0,5,13,2,11.0,0,0,5,12,1,12.0,0,11.1,0.6,2.02,Dropout,3,0.4,0.2,1.0,1
STD_2174,1,1,1,6,1,1,1,10,2,5,3,0,0,1,0,0,0,24,0,0,5,6,1,13.0,0,0,5,5,0,0.0,0,7.6,2.6,0.32,Dropout,1,0.2,0.0,-13.0,1
STD_3137,1,1,1,6,1,1,1,23,27,10,8,1,0,0,1,0,0,18,0,0,5,8,4,12.75,1,0,5,10,4,11.75,0,12.7,3.7,-1.7,Graduate,8,0.8,0.8,-1.0,0
STD_1612,1,7,5,6,1,1,1,13,27,9,9,1,0,0,1,1,0,18,0,0,5,11,5,13.0,2,0,5,7,5,12.4,0,9.4,-0.8,-3.12,Enrolled,10,1.0,1.0,-0.5999999999999996,0
STD_0236,1,1,1,10,1,1,1,23,27,10,10,0,0,0,1,0,1,22,0,0,6,6,5,12.6,0,0,6,6,6,13.0,0,10.8,1.4,1.74,Graduate,11,0.8333333333333334,1.0,0.40000000000000036,0
STD_3856,1,1,4,15,1,1,1,3,10,3,10,1,0,0,1,1,0,20,0,0,6,6,6,16.833333333333332,0,0,6,6,6,16.666666666666668,0,8.9,1.4,3.51,Graduate,12,1.0,1.0,-0.1666666666666643,0
STD_1958,1,4,1,12,1,3,1,22,27,5,5,0,0,0,1,0,0,25,0,0,8,8,7,14.805714285714286,0,0,8,8,7,14.805714285714286,0,10.8,1.4,1.74,Graduate,14,0.875,0.875,0.0,0
STD_3580,1,1,1,14,1,1,1,3,27,5,8,0,0,0,1,1,1,20,0,0,6,7,6,14.833333333333334,0,0,6,6,6,14.833333333333334,0,12.7,3.7,-1.7,Graduate,12,1.0,1.0,0.0,0
STD_1424,1,1,1,11,1,1,1,23,28,7,7,1,0,0,1,0,0,18,0,0,6,6,6,10.666666666666666,0,0,6,6,6,11.5,0,7.6,2.6,0.32,Graduate,12,1.0,1.0,0.8333333333333339,0
STD_3829,1,1,1,7,1,1,1,10,1,5,11,1,0,0,1,1,0,19,0,0,5,10,0,0.0,0,0,5,10,1,14.0,3,7.6,2.6,0.32,Dropout,1,0.0,0.2,14.0,1
STD_0578,1,12,2,17,0,1,1,13,27,10,9,1,0,0,1,0,1,28,0,0,5,7,5,10.6,0,0,5,6,5,10.2,0,9.4,-0.8,-3.12,Enrolled,10,1.0,1.0,-0.40000000000000036,0
STD_1010,1,8,3,14,1,1,1,1,28,4,4,1,0,0,1,0,0,18,0,0,6,8,6,13.875,0,0,6,7,6,13.714285714285714,0,11.1,0.6,2.02,Graduate,12,1.0,1.0,-0.16071428571428648,0
STD_1139,1,8,4,12,1,1,1,23,27,4,4,1,0,0,1,0,0,18,0,0,8,8,7,13.297142857142855,0,0,8,8,7,13.297142857142855,0,10.8,1.4,1.74,Graduate,14,0.875,0.875,0.0,0
STD_2841,1,12,1,6,1,1,1,22,27,7,7,0,0,0,1,0,1,25,0,0,6,13,3,11.666666666666666,0,0,6,14,2,11.333333333333334,0,11.1,0.6,2.02,Enrolled,5,0.5,0.3333333333333333,-0.33333333333333215,0
STD_0544,1,1,1,12,1,1,1,1,1,6,4,0,0,0,1,1,1,18,0,0,7,7,7,15.957142857142856,0,0,8,9,8,15.188888888888888,0,16.2,0.3,-0.92,Graduate,15,1.0,1.0,-0.7682539682539673,0
STD_3845,1,1,1,8,1,1,1,6,9,5,6,0,0,0,1,1,0,21,0,0,5,8,3,14.0,0,0,5,5,5,12.8,0,7.6,2.6,0.32,Graduate,8,0.6,1.0,-1.1999999999999993,0
STD_0377,1,9,4,9,1,1,1,22,27,10,10,1,0,0,0,0,0,34,0,0,5,5,0,0.0,0,0,5,0,0,0.0,0,9.4,-0.8,-3.12,Dropout,0,0.0,0.0,0.0,1
STD_3107,1,1,6,12,1,1,1,1,28,5,6,1,0,0,1,0,1,18,0,0,8,8,8,12.32,0,0,8,8,8,12.32,0,9.4,-0.8,-3.12,Graduate,16,1.0,1.0,0.0,0
STD_0242,1,7,1,2,1,1,1,3,3,4,4,1,0,0,1,0,0,24,0,11,17,19,11,12.909090909090908,0,9,13,15,9,13.555555555555555,0,12.4,0.5,1.79,Enrolled,20,0.6470588235294118,0.6923076923076923,0.6464646464646471,0
STD_0937,1,12,1,12,1,12,1,23,28,10,10,0,0,0,1,0,0,28,0,0,7,15,1,10.75,0,0,7,10,1,10.0,0,13.9,-0.3,0.79,Dropout,2,0.14285714285714285,0.14285714285714285,-0.75,1
STD_3173,1,8,3,11,1,1,1,10,28,6,8,1,0,1,1,0,0,18,0,0,6,7,5,12.2,0,0,6,10,4,12.25,0,12.4,0.5,1.79,Dropout,9,0.8333333333333334,0.6666666666666666,0.05000000000000071,1
STD_3043,1,8,4,14,1,1,1,1,27,8,8,1,0,0,0,0,0,18,0,0,6,6,6,12.333333333333334,0,0,6,8,5,13.6,0,8.9,1.4,3.51,Graduate,11,1.0,0.8333333333333334,1.2666666666666657,0
STD_2664,1,12,1,17,0,1,1,1,1,6,6,1,0,0,0,1,0,38,0,0,5,5,0,0.0,0,0,5,5,0,0.0,0,8.9,1.4,3.51,Dropout,0,0.0,0.0,0.0,1
STD_3100,1,8,1,3,0,1,1,13,27,5,8,0,0,0,1,0,0,24,0,0,6,12,1,12.0,0,0,6,12,0,0.0,0,10.8,1.4,1.74,Dropout,1,0.16666666666666666,0.0,-12.0,1
STD_3751,1,8,2,12,1,1,1,23,28,8,8,1,0,0,1,0,0,19,0,0,8,8,7,13.937142857142858,0,0,8,8,7,13.937142857142858,0,10.8,1.4,1.74,Graduate,14,0.875,0.875,0.0,0
STD_4071,1,9,1,12,1,1,1,3,3,4,4,0,0,0,1,0,0,18,0,0,7,7,7,14.05714285714286,0,0,8,9,8,14.6,0,16.2,0.3,-0.92,Graduate,15,1.0,1.0,0.5428571428571392,0
STD_3343,1,1,1,5,1,1,1,3,14,5,5,1,0,0,1,1,1,20,0,0,6,6,6,12.833333333333334,0,0,6,8,6,12.666666666666666,2,16.2,0.3,-0.92,Graduate,12,1.0,1.0,-0.16666666666666785,0
STD_0935,1,12,1,12,1,1,1,3,1,3,6,1,0,0,1,0,0,34,0,0,8,11,7,11.705714285714285,0,0,8,11,7,11.705714285714285,0,10.8,1.4,1.74,Enrolled,14,0.875,0.875,0.0,0
STD_0352,1,14,1,15,1,1,1,13,14,10,9,0,0,0,1,0,1,20,0,0,6,6,6,13.666666666666666,0,0,6,6,6,13.333333333333334,0,12.4,0.5,1.79,Graduate,12,1.0,1.0,-0.33333333333333215,0
STD_2298,1,1,1,10,1,1,1,4,5,3,3,0,0,0,1,1,0,22,0,0,6,10,5,11.4,0,0,6,8,5,11.0,0,10.8,1.4,1.74,Graduate,10,0.8333333333333334,0.8333333333333334,-0.40000000000000036,0
STD_2736,1,1,1,12,1,1,1,22,27,10,10,1,0,1,1,0,0,20,0,0,7,7,6,15.4,0,0,7,7,6,15.4,0,7.6,2.6,0.32,Graduate,12,0.8571428571428571,0.8571428571428571,0.0,0
STD_1665,1,1,1,6,1,1,1,22,27,10,2,0,0,0,1,0,0,20,0,0,5,8,5,14.166666666666666,2,0,5,6,4,11.75,2,9.4,-0.8,-3.12,Graduate,9,1.0,0.8,-2.416666666666666,0
STD_2799,1,13,1,12,1,1,1,13,1,10,4,1,0,0,1,1,1,33,0,6,14,20,14,13.072857142857144,6,6,14,20,14,13.072857142857144,6,9.4,-0.8,-3.12,Graduate,28,1.0,1.0,0.0,0
STD_2913,1,14,4,6,1,1,1,19,24,13,13,0,0,0,1,0,0,21,0,0,6,0,0,0.0,0,0,6,0,0,0.0,0,7.6,2.6,0.32,Dropout,0,0.0,0.0,0.0,1
STD_4315,1,8,1,7,1,1,1,22,27,10,7,1,0,0,1,1,0,21,0,0,5,8,0,0.0,0,0,5,5,0,0.0,0,7.6,2.6,0.32,Dropout,0,0.0,0.0,0.0,1
STD_3057,1,8,2,15,1,1,1,13,14,10,7,1,0,0,1,0,1,18,0,0,6,6,6,13.666666666666666,0,0,6,6,6,14.0,0,8.9,1.4,3.51,Graduate,12,1.0,1.0,0.3333333333333339,0
STD_0773,1,1,3,12,1,1,1,1,14,5,10,1,0,0,1,0,0,19,0,0,7,9,6,13.411428571428573,0,0,8,12,7,13.294444444444444,0,15.5,2.8,-4.06,Enrolled,13,0.8571428571428571,0.875,-0.11698412698412852,0
STD_0449,1,1,2,15,1,1,1,1,14,10,8,1,0,0,1,0,0,20,0,0,6,6,6,13.333333333333334,0,0,6,10,5,12.8,0,11.1,0.6,2.02,Graduate,11,1.0,0.8333333333333334,-0.5333333333333332,0
STD_1744,1,14,1,15,1,1,1,1,1,10,7,0,0,1,0,1,0,19,0,0,6,10,3,11.666666666666666,0,0,6,11,2,10.0,0,16.2,0.3,-0.92,Dropout,5,0.5,0.3333333333333333,-1.666666666666666,1
STD_1875,1,1,4,15,1,1,1,13,14,8,8,1,0,0,1,1,1,20,0,0,6,6,6,12.166666666666666,0,0,6,8,4,12.75,0,9.4,-0.8,-3.12,Graduate,10,1.0,0.6666666666666666,0.5833333333333339,0
STD_0661,1,15,1,4,1,14,1,1,3,5,3,0,0,0,1,0,0,21,0,0,6,6,6,15.833333333333334,0,0,6,8,6,15.5,0,15.5,2.8,-4.06,Graduate,12,1.0,1.0,-0.3333333333333339,0
STD_0755,1,1,3,5,1,1,1,22,27,10,10,1,0,0,1,1,1,20,0,0,6,6,6,15.5,0,0,6,7,6,12.166666666666666,0,12.4,0.5,1.79,Graduate,12,1.0,1.0,-3.333333333333334,0
STD_4087,1,12,1,3,0,12,1,22,27,10,8,0,0,0,1,0,1,32,0,0,6,7,6,12.666666666666666,0,0,6,7,6,13.333333333333334,0,12.7,3.7,-1.7,Graduate,12,1.0,1.0,0.6666666666666679,0
STD_0820,1,1,1,3,0,1,1,19,27,10,12,1,0,0,1,0,0,25,0,0,6,6,6,12.833333333333334,0,0,6,6,6,12.833333333333334,0,7.6,2.6,0.32,Graduate,12,1.0,1.0,0.0,0
STD_2374,1,1,2,14,1,1,1,3,1,4,6,1,0,0,1,1,0,20,0,0,6,10,5,14.0,0,0,6,10,6,12.0,0,11.1,0.6,2.02,Enrolled,11,0.8333333333333334,1.0,-2.0,0
STD_4086,1,15,1,8,1,14,1,1,27,4,4,1,0,1,0,0,0,36,0,2,6,9,6,12.0,0,1,6,8,3,14.666666666666666,0,12.4,0.5,1.79,Dropout,9,1.0,0.5,2.666666666666666,1
STD_1967,1,1,1,6,1,1,1,1,14,4,5,0,0,0,1,0,0,20,0,0,5,12,3,12.333333333333334,2,0,5,8,3,13.0,1,9.4,-0.8,-3.12,Graduate,6,0.6,0.6,0.6666666666666661,0
STD_0444,1,1,5,12,1,1,1,13,14,8,9,1,0,0,1,0,1,18,0,0,8,8,7,12.694285714285714,0,0,8,8,7,12.694285714285714,0,10.8,1.4,1.74,Graduate,14,0.875,0.875,0.0,0
STD_1605,1,12,1,4,1,12,1,1,14,10,9,0,0,1,0,1,0,27,0,0,6,11,2,11.5,0,0,6,7,0,0.0,0,8.9,1.4,3.51,Dropout,2,0.3333333333333333,0.0,-11.5,1
STD_3724,1,8,2,7,1,1,1,1,1,5,5,1,0,1,1,1,0,18,0,0,5,10,1,12.0,0,0,5,7,3,10.666666666666666,2,7.6,2.6,0.32,Dropout,4,0.2,0.6,-1.333333333333334,1
STD_3063,1,8,3,14,1,1,1,13,1,5,5,1,0,0,1,0,1,18,0,0,6,11,4,12.25,0,0,6,10,4,11.0,0,12.7,3.7,-1.7,Dropout,8,0.6666666666666666,0.6666666666666666,-1.25,1
STD_3398,1,1,1,12,1,1,1,22,27,10,8,1,0,0,1,0,1,18,0,0,8,8,8,14.50125,0,0,8,8,8,14.50125,0,9.4,-0.8,-3.12,Graduate,16,1.0,1.0,0.0,0
STD_4215,1,1,2,12,1,1,1,23,27,6,7,1,0,0,1,0,1,19,0,0,7,9,7,13.3125,0,0,8,8,8,15.6375,0,13.9,-0.3,0.79,Graduate,15,1.0,1.0,2.3249999999999993,0
STD_3461,1,1,2,12,1,1,1,23,27,10,8,1,0,0,1,0,1,19,0,0,7,7,6,12.9,0,0,7,7,6,12.9,0,7.6,2.6,0.32,Graduate,12,0.8571428571428571,0.8571428571428571,0.0,0
STD_4191,1,14,1,17,0,14,1,22,27,10,10,0,0,0,1,0,0,24,0,3,10,16,3,11.666666666666666,0,3,10,24,6,11.833333333333334,0,9.4,-0.8,-3.12,Dropout,9,0.3,0.6,0.16666666666666785,1
STD_1435,1,1,2,12,1,1,1,1,28,10,10,1,0,0,1,0,1,18,0,0,7,9,6,12.816666666666668,0,0,8,11,6,12.875,0,11.1,0.6,2.02,Enrolled,12,0.8571428571428571,0.75,0.058333333333331794,0
STD_3068,1,1,3,12,1,1,3,2,3,6,3,1,0,0,1,0,0,19,1,0,7,9,5,12.32,0,0,7,9,5,11.9,0,12.4,0.5,1.79,Enrolled,10,0.7142857142857143,0.7142857142857143,-0.41999999999999993,0
STD_3296,1,8,2,3,0,1,1,13,1,6,11,1,0,0,1,0,0,19,0,0,6,8,4,10.5,0,0,6,8,4,11.25,0,10.8,1.4,1.74,Graduate,8,0.6666666666666666,0.6666666666666666,0.75,0
STD_1927,1,1,1,6,1,1,1,23,14,10,5,1,0,0,1,0,1,19,0,0,5,7,5,12.5,0,0,5,8,5,12.714285714285714,0,10.8,1.4,1.74,Graduate,10,1.0,1.0,0.21428571428571352,0
STD_2423,1,12,1,4,1,1,1,22,27,10,10,1,0,0,1,1,0,43,0,0,6,9,6,14.77777777777778,0,0,6,11,5,12.2,0,13.9,-0.3,0.79,Graduate,11,1.0,0.8333333333333334,-2.577777777777781,0
STD_2274,2,1,4,3,0,1,1,19,24,1,1,1,0,0,1,1,0,37,0,0,6,0,0,0.0,0,0,6,0,0,0.0,0,9.4,-0.8,-3.12,Dropout,0,0.0,0.0,0.0,1
STD_0053,1,1,1,15,1,1,1,1,14,8,8,1,0,0,1,0,1,20,0,0,6,11,4,14.0,0,0,6,12,3,11.0,0,9.4,-0.8,-3.12,Enrolled,7,0.6666666666666666,0.5,-3.0,0
STD_1312,1,1,1,6,1,1,1,22,27,10,7,1,0,0,1,0,1,18,0,0,6,13,6,16.46153846153846,0,0,6,8,6,13.875,0,15.5,2.8,-4.06,Graduate,12,1.0,1.0,-2.58653846153846,0
STD_3028,1,1,4,15,1,1,1,26,1,5,4,1,0,0,1,0,0,19,0,0,6,6,4,12.0,0,0,6,11,3,11.333333333333334,0,11.1,0.6,2.02,Dropout,7,0.6666666666666666,0.5,-0.6666666666666661,1
STD_0112,1,8,2,9,1,1,1,1,28,5,8,1,0,0,1,0,1,18,0,0,5,9,3,13.0,0,0,5,11,3,11.0,0,8.9,1.4,3.51,Enrolled,6,0.6,0.6,-2.0,0
STD_0762,1,3,1,2,1,1,1,3,14,2,11,1,0,0,1,1,0,20,0,0,0,0,0,0.0,0,0,0,0,0,0.0,0,16.2,0.3,-0.92,Enrolled,0,0.0,0.0,0.0,0
STD_2665,2,12,1,17,0,1,1,22,3,10,4,0,0,0,1,1,0,45,0,0,5,6,5,14.0,0,0,5,6,5,14.166666666666666,0,12.4,0.5,1.79,Graduate,10,1.0,1.0,0.16666666666666607,0
STD_0846,1,1,1,2,1,1,1,22,27,10,9,1,0,1,0,0,1,23,0,0,0,0,0,0.0,0,0,0,0,0,0.0,0,9.4,-0.8,-3.12,Dropout,0,0.0,0.0,0.0,1
STD_0390,1,15,1,3,0,14,1,22,27,8,8,0,0,0,1,0,1,21,0,3,6,6,6,14.666666666666666,0,2,6,6,6,14.166666666666666,0,13.9,-0.3,0.79,Graduate,12,1.0,1.0,-0.5,0
STD_3412,1,8,4,12,1,1,1,23,27,10,6,1,0,0,1,0,0,19,0,0,8,8,7,12.454285714285716,0,0,8,8,7,12.454285714285716,0,10.8,1.4,1.74,Graduate,14,0.875,0.875,0.0,0
STD_1182,1,7,1,6,1,1,1,1,1,10,10,1,0,0,1,0,0,18,0,0,5,8,4,13.25,1,0,5,10,4,10.5,0,12.7,3.7,-1.7,Graduate,8,0.8,0.8,-2.75,0
STD_0101,1,17,1,6,1,16,1,23,28,10,10,0,0,0,1,0,0,21,0,7,10,12,8,12.875,0,4,9,14,5,13.4,0,8.9,1.4,3.51,Dropout,13,0.8,0.5555555555555556,0.5250000000000004,1
STD_4083,1,8,3,11,1,1,1,22,14,6,6,1,0,0,1,0,0,19,0,0,6,8,4,11.25,0,0,6,8,4,12.0,0,10.8,1.4,1.74,Enrolled,8,0.6666666666666666,0.6666666666666666,0.75,0
STD_3414,1,1,4,12,1,1,1,1,14,5,8,1,0,0,1,0,0,18,0,0,7,0,0,0.0,0,0,8,0,0,0.0,0,15.5,2.8,-4.06,Dropout,0,0.0,0.0,0.0,1
STD_3214,1,15,1,4,1,14,1,3,14,3,7,0,0,0,1,1,0,20,0,0,6,6,0,0.0,0,0,6,8,0,0.0,0,15.5,2.8,-4.06,Dropout,0,0.0,0.0,0.0,1
STD_2070,1,8,6,9,1,1,1,22,1,10,8,1,0,0,0,1,0,23,0,0,5,9,3,10.0,1,0,5,9,3,12.333333333333334,0,9.4,-0.8,-3.12,Dropout,6,0.6,0.6,2.333333333333334,1
STD_0733,1,1,1,11,1,1,1,1,14,7,7,1,0,0,1,1,0,21,0,0,6,9,6,12.0,0,0,6,8,5,11.6,0,13.9,-0.3,0.79,Graduate,11,1.0,0.8333333333333334,-0.40000000000000036,0
STD_4051,1,1,1,8,1,1,1,19,1,1,1,0,0,0,1,0,0,18,0,0,6,0,0,0.0,0,0,6,0,0,0.0,0,7.6,2.6,0.32,Dropout,0,0.0,0.0,0.0,1
STD_3460,4,14,4,17,0,9,1,22,27,10,10,0,0,0,0,0,0,40,0,0,5,10,0,0.0,0,0,5,5,0,0.0,0,7.6,2.6,0.32,Dropout,0,0.0,0.0,0.0,1
STD_2889,1,8,1,10,1,1,1,22,27,10,8,0,0,0,1,0,1,19,0,0,6,8,6,13.75,0,0,6,7,6,11.857142857142858,0,16.2,0.3,-0.92,Graduate,12,1.0,1.0,-1.8928571428571423,0
STD_2516,1,8,4,7,1,1,15,1,1,29,36,1,0,0,1,1,0,20,1,0,5,10,4,14.25,0,0,5,14,1,10.0,0,8.9,1.4,3.51,Enrolled,5,0.8,0.2,-4.25,0
STD_0600,1,8,1,4,1,1,1,23,27,10,10,1,0,0,1,0,0,21,0,12,18,22,18,11.88888888888889,1,11,13,13,13,11.461538461538462,0,15.5,2.8,-4.06,Graduate,31,1.0,1.0,-0.4273504273504276,0
STD_1475,1,8,1,7,1,1,1,1,3,10,11,1,0,0,1,1,0,20,0,0,5,7,4,12.0,0,0,5,8,2,12.5,0,10.8,1.4,1.74,Enrolled,6,0.8,0.4,0.5,0
STD_1623,2,12,1,13,1,1,1,22,27,10,5,0,0,0,0,0,0,50,0,0,7,18,6,10.25,0,0,7,14,4,11.25,0,12.7,3.7,-1.7,Dropout,10,0.8571428571428571,0.5714285714285714,1.0,1
STD_4163,4,14,1,16,1,1,16,13,16,12,12,0,0,0,1,0,0,33,1,0,6,6,6,12.166666666666666,0,0,6,9,3,11.0,0,7.6,2.6,0.32,Dropout,9,1.0,0.5,-1.166666666666666,1
STD_3257,1,1,2,12,1,1,1,23,28,10,8,1,0,0,1,0,0,19,0,0,7,7,6,12.766666666666666,0,0,7,7,6,12.766666666666666,0,7.6,2.6,0.32,Graduate,12,0.8571428571428571,0.8571428571428571,0.0,0
STD_2805,1,1,1,10,1,1,1,13,14,10,10,1,0,0,1,0,1,19,0,0,6,9,6,10.857142857142858,0,0,6,7,6,11.666666666666666,0,12.4,0.5,1.79,Graduate,12,1.0,1.0,0.8095238095238084,0
STD_0265,1,1,1,10,1,1,1,23,14,10,6,0,0,0,1,0,0,18,0,0,6,6,6,12.833333333333334,0,0,6,6,6,12.0,0,12.4,0.5,1.79,Graduate,12,1.0,1.0,-0.8333333333333339,0
STD_4352,1,1,3,5,1,1,1,1,1,5,9,1,0,0,1,0,0,20,0,0,6,6,6,12.5,0,0,6,6,6,12.833333333333334,0,7.6,2.6,0.32,Graduate,12,1.0,1.0,0.3333333333333339,0
STD_0691,4,12,1,8,1,12,1,22,28,10,5,0,0,0,1,1,0,48,0,0,6,0,0,0.0,0,0,6,0,0,0.0,0,15.5,2.8,-4.06,Dropout,0,0.0,0.0,0.0,1
STD_4122,1,4,1,6,1,15,1,1,1,5,5,1,0,0,1,0,0,22,0,0,6,7,6,17.0,0,0,6,7,6,16.285714285714285,0,11.1,0.6,2.02,Graduate,12,1.0,1.0,-0.7142857142857153,0
STD_4391,1,12,1,6,1,1,1,23,28,10,10,1,0,0,1,0,0,24,0,0,5,6,5,12.0,0,0,5,5,5,13.0,0,10.8,1.4,1.74,Graduate,10,1.0,1.0,1.0,0
STD_2260,2,12,1,3,0,12,1,22,27,10,7,0,0,0,1,1,0,41,0,1,7,7,7,12.857142857142858,0,0,6,6,6,13.166666666666666,0,12.7,3.7,-1.7,Graduate,13,1.0,1.0,0.3095238095238084,0
STD_0531,1,8,1,9,1,1,1,22,27,5,8,0,0,0,1,1,1,19,0,0,5,12,3,11.666666666666666,0,0,5,10,3,11.666666666666666,0,12.7,3.7,-1.7,Enrolled,6,0.6,0.6,0.0,0
STD_1289,1,1,1,15,1,1,1,21,27,1,1,1,0,0,1,1,0,20,0,0,6,9,5,12.6,0,0,6,11,4,11.5,0,7.6,2.6,0.32,Graduate,9,0.8333333333333334,0.6666666666666666,-1.0999999999999996,0
STD_3300,1,1,5,12,1,1,1,23,14,8,8,1,0,0,0,0,0,19,0,0,7,0,0,0.0,0,0,8,0,0,0.0,0,12.7,3.7,-1.7,Dropout,0,0.0,0.0,0.0,1
STD_4330,1,8,1,10,1,1,1,22,1,10,6,1,0,0,1,0,1,20,0,0,6,10,5,11.857142857142858,0,0,6,8,6,11.666666666666666,0,12.7,3.7,-1.7,Graduate,11,0.8333333333333334,1.0,-0.19047619047619158,0
STD_0080,2,12,1,3,0,1,1,22,27,10,7,0,0,0,1,1,0,33,0,0,6,8,6,12.0,0,0,6,6,6,11.666666666666666,0,10.8,1.4,1.74,Graduate,12,1.0,1.0,-0.3333333333333339,0
STD_3049,1,1,1,9,1,1,1,1,14,4,4,0,0,0,1,0,1,18,0,0,5,7,5,13.333333333333334,0,0,5,6,5,13.6,0,12.7,3.7,-1.7,Graduate,10,1.0,1.0,0.2666666666666657,0
STD_2171,1,1,5,12,1,1,1,1,1,6,9,1,0,0,1,0,0,19,0,0,8,8,7,13.714285714285714,0,0,8,8,7,13.714285714285714,0,12.7,3.7,-1.7,Graduate,14,0.875,0.875,0.0,0
STD_2208,1,14,1,9,1,1,1,22,14,10,9,0,0,0,1,1,0,22,0,0,5,5,0,0.0,0,0,5,9,3,13.333333333333334,2,16.2,0.3,-0.92,Enrolled,3,0.0,0.6,13.333333333333334,0
STD_1922,1,1,2,10,1,1,1,22,28,10,9,1,0,0,1,0,0,18,0,0,6,7,6,13.833333333333334,0,0,6,6,6,14.0,0,9.4,-0.8,-3.12,Graduate,12,1.0,1.0,0.16666666666666607,0
STD_4203,1,8,1,2,1,1,1,1,1,8,4,1,0,0,1,0,0,20,0,0,0,0,0,0.0,0,0,0,0,0,0.0,0,15.5,2.8,-4.06,Enrolled,0,0.0,0.0,0.0,0
STD_3563,1,12,1,8,1,12,1,19,24,13,13,0,0,0,1,1,0,31,0,0,5,5,0,0.0,0,0,5,5,0,0.0,0,7.6,2.6,0.32,Dropout,0,0.0,0.0,0.0,1
STD_2140,1,1,1,9,1,1,1,13,14,6,9,0,0,1,0,0,1,20,0,0,5,12,2,13.0,1,0,5,13,2,11.5,0,9.4,-0.8,-3.12,Dropout,4,0.4,0.4,-1.5,1
STD_1328,1,8,1,11,1,1,1,19,28,1,8,1,0,1,0,0,0,19,0,0,6,14,1,10.0,0,0,6,13,0,0.0,0,7.6,2.6,0.32,Dropout,1,0.16666666666666666,0.0,-10.0,1
STD_0142,1,1,6,15,1,1,1,13,1,5,5,1,0,0,1,0,1,19,0,0,6,8,6,12.666666666666666,0,0,6,10,5,12.0,0,12.4,0.5,1.79,Graduate,11,1.0,0.8333333333333334,-0.6666666666666661,0
STD_1618,1,12,1,3,0,1,1,22,1,8,5,1,0,0,1,0,0,24,0,0,6,8,5,11.4,0,0,6,8,5,11.8,0,15.5,2.8,-4.06,Dropout,10,0.8333333333333334,0.8333333333333334,0.40000000000000036,1
STD_4360,1,1,4,10,1,1,1,1,14,5,6,1,0,0,1,0,0,19,0,0,6,6,6,13.0,0,0,6,8,5,13.4,0,8.9,1.4,3.51,Graduate,11,1.0,0.8333333333333334,0.40000000000000036,0
STD_2288,1,8,1,11,1,1,1,1,1,4,4,0,0,0,1,1,1,22,0,0,6,8,6,13.625,0,0,6,8,6,14.428571428571429,0,11.1,0.6,2.02,Graduate,12,1.0,1.0,0.8035714285714288,0
STD_1201,1,1,1,8,1,1,1,1,14,5,5,0,0,0,1,0,0,18,0,0,6,7,6,15.571428571428571,0,0,6,7,6,14.714285714285714,0,11.1,0.6,2.02,Graduate,12,1.0,1.0,-0.8571428571428577,0
STD_3688,1,1,1,9,1,1,1,13,28,10,8,0,0,0,0,1,0,19,0,0,5,16,1,12.0,0,0,5,6,0,0.0,0,13.9,-0.3,0.79,Dropout,1,0.2,0.0,-12.0,1
STD_0665,1,8,3,12,1,1,1,3,3,10,8,1,0,0,1,1,0,19,0,0,7,8,7,13.3625,0,0,8,9,8,14.444444444444445,0,13.9,-0.3,0.79,Graduate,15,1.0,1.0,1.081944444444444,0
STD_2599,1,8,3,6,1,1,1,13,27,6,6,1,0,0,1,0,0,21,0,0,5,14,2,13.0,2,0,5,8,4,12.0,1,9.4,-0.8,-3.12,Enrolled,6,0.4,0.8,-1.0,0
STD_0522,1,8,1,8,1,1,1,3,14,3,10,0,0,0,1,0,0,18,0,0,5,14,2,12.0,2,0,5,6,5,12.6,0,9.4,-0.8,-3.12,Graduate,7,0.4,1.0,0.5999999999999996,0
STD_3230,1,1,6,12,1,1,1,23,28,6,6,1,0,0,1,0,0,20,0,0,7,9,6,13.683333333333332,0,0,8,11,6,13.116666666666667,0,11.1,0.6,2.02,Graduate,12,0.8571428571428571,0.75,-0.5666666666666647,0
STD_0439,1,1,5,14,1,1,1,7,1,3,5,1,0,0,1,0,0,19,0,0,6,0,0,0.0,0,0,6,0,0,0.0,0,7.6,2.6,0.32,Dropout,0,0.0,0.0,0.0,1
STD_4394,1,12,1,17,0,1,1,23,28,6,8,0,0,0,1,0,0,27,0,0,5,10,3,12.333333333333334,0,0,5,10,3,10.666666666666666,0,11.1,0.6,2.02,Graduate,6,0.6,0.6,-1.6666666666666679,0
STD_1149,1,9,2,16,1,1,1,1,1,10,1,0,0,0,1,0,0,18,0,0,7,12,6,12.0,0,0,7,11,6,12.166666666666666,0,13.9,-0.3,0.79,Enrolled,12,0.8571428571428571,0.8571428571428571,0.16666666666666607,0
STD_1802,1,14,2,3,0,3,1,19,24,1,1,0,0,0,1,1,0,31,0,8,12,21,12,12.333333333333334,0,6,10,13,7,13.285714285714286,2,7.6,2.6,0.32,Graduate,19,1.0,0.7,0.9523809523809526,0
STD_4034,1,1,1,2,1,1,1,3,3,3,3,1,0,0,1,1,0,19,0,0,0,0,0,0.0,0,0,0,0,0,0.0,0,16.2,0.3,-0.92,Dropout,0,0.0,0.0,0.0,1
STD_4093,1,1,1,12,1,1,1,1,1,5,11,0,0,0,1,0,0,18,0,0,7,7,6,13.861666666666666,0,0,8,16,0,0.0,1,12.4,0.5,1.79,Dropout,6,0.8571428571428571,0.0,-13.861666666666666,1
STD_3558,1,12,1,4,1,1,1,1,1,10,5,0,0,0,0,1,0,25,0,0,6,0,0,0.0,0,0,6,0,0,0.0,0,13.9,-0.3,0.79,Dropout,0,0.0,0.0,0.0,1
STD_0534,1,15,1,5,1,14,1,1,14,5,8,0,0,1,0,1,0,20,0,0,6,11,0,0.0,6,0,6,12,0,0.0,12,16.2,0.3,-0.92,Dropout,0,0.0,0.0,0.0,1
STD_0295,1,1,1,5,1,1,1,23,27,4,7,1,0,0,1,0,1,19,0,0,6,9,5,12.0,0,0,6,10,2,11.333333333333334,0,8.9,1.4,3.51,Dropout,7,0.8333333333333334,0.3333333333333333,-0.6666666666666661,1
STD_0748,1,14,1,6,1,1,11,23,28,10,7,1,0,0,1,1,0,28,1,13,18,45,18,12.5,12,10,13,26,12,11.428571428571429,6,15.5,2.8,-4.06,Graduate,30,1.0,0.9230769230769231,-1.0714285714285712,0
STD_3967,1,15,1,4,1,14,1,13,14,10,5,0,0,0,1,0,0,21,0,0,6,12,3,10.666666666666666,2,0,6,12,4,12.0,0,15.5,2.8,-4.06,Dropout,7,0.5,0.6666666666666666,1.333333333333334,1
STD_0969,2,12,1,17,0,1,1,19,24,1,1,1,0,0,0,1,0,49,0,0,5,5,0,0.0,0,0,5,5,0,0.0,0,7.6,2.6,0.32,Dropout,0,0.0,0.0,0.0,1
STD_2367,1,1,1,2,1,1,1,1,1,8,5,1,0,1,1,1,0,23,0,13,17,19,13,12.153846153846152,0,10,17,28,11,11.909090909090908,1,11.1,0.6,2.02,Enrolled,24,0.7647058823529411,0.6470588235294118,-0.24475524475524324,0
STD_1383,1,4,1,4,1,3,1,1,14,5,2,1,0,0,1,1,0,27,0,14,18,21,18,11.421052631578949,0,10,13,16,13,11.076923076923077,1,15.5,2.8,-4.06,Graduate,31,1.0,1.0,-0.344129554655872,0
STD_3427,1,9,1,9,1,1,1,23,28,6,6,1,0,0,1,0,0,24,0,0,5,5,5,10.8,0,0,5,11,2,11.0,0,10.8,1.4,1.74,Enrolled,7,1.0,0.4,0.1999999999999993,0
STD_3429,1,14,1,3,0,1,1,22,27,10,10,0,0,0,1,0,0,27,0,0,6,6,4,12.5,0,0,6,6,6,14.333333333333334,0,13.9,-0.3,0.79,Dropout,10,0.6666666666666666,1.0,1.833333333333334,1
STD_1969,1,8,1,16,1,1,1,1,1,4,5,0,0,1,1,0,0,18,0,0,6,8,4,13.25,0,0,6,10,3,10.666666666666666,0,12.7,3.7,-1.7,Enrolled,7,0.6666666666666666,0.5,-2.583333333333334,0
STD_0882,1,1,1,2,1,1,1,3,2,3,6,1,0,0,1,1,0,19,0,0,0,0,0,0.0,0,0,0,0,0,0.0,0,9.4,-0.8,-3.12,Graduate,0,0.0,0.0,0.0,0
STD_2547,1,1,1,10,1,1,1,13,14,10,6,1,0,0,1,0,0,20,0,0,6,6,6,13.833333333333334,0,0,6,6,6,11.833333333333334,0,10.8,1.4,1.74,Graduate,12,1.0,1.0,-2.0,0
STD_2239,1,12,1,8,1,1,1,13,1,29,29,0,0,0,1,1,0,24,0,0,6,11,6,11.333333333333334,0,0,6,12,3,11.333333333333334,0,16.2,0.3,-0.92,Enrolled,9,1.0,0.5,0.0,0
STD_2624,1,14,1,17,0,1,14,22,27,10,9,0,0,0,1,0,0,34,1,2,2,2,2,10.5,0,1,1,1,1,11.0,0,10.8,1.4,1.74,Dropout,3,1.0,1.0,0.5,1
STD_1046,1,4,1,17,0,15,1,1,14,5,10,0,0,0,1,0,0,24,0,0,5,5,0,0.0,0,0,5,6,0,0.0,0,12.4,0.5,1.79,Dropout,0,0.0,0.0,0.0,1
STD_0482,1,9,6,12,1,1,1,1,14,2,2,1,0,0,1,0,1,18,0,0,8,8,7,14.314285714285717,0,0,8,8,7,14.314285714285717,0,12.7,3.7,-1.7,Graduate,14,0.875,0.875,0.0,0
STD_3021,1,8,1,8,1,1,1,13,7,6,4,0,0,0,1,0,0,19,0,0,5,8,3,12.0,0,0,5,7,5,12.833333333333334,0,7.6,2.6,0.32,Graduate,8,0.6,1.0,0.8333333333333339,0
STD_1426,1,1,1,2,1,1,1,13,14,6,6,1,0,0,1,0,1,19,0,0,0,0,0,0.0,0,0,0,0,0,0.0,0,10.8,1.4,1.74,Graduate,0,0.0,0.0,0.0,0
STD_1611,1,1,1,9,1,1,1,1,28,5,8,1,0,0,1,1,0,18,0,0,5,10,3,10.666666666666666,1,0,5,11,2,12.5,0,9.4,-0.8,-3.12,Dropout,5,0.6,0.4,1.833333333333334,1
STD_0815,1,1,1,16,1,1,1,13,3,5,5,0,0,0,1,0,0,18,0,0,7,7,7,15.714285714285714,0,0,7,7,7,15.0,0,11.1,0.6,2.02,Graduate,14,1.0,1.0,-0.7142857142857135,0
STD_3423,1,8,1,10,1,1,1,1,28,6,9,0,0,0,0,0,1,18,0,0,6,10,6,12.666666666666666,0,0,6,6,2,11.5,0,12.7,3.7,-1.7,Dropout,8,1.0,0.3333333333333333,-1.166666666666666,1
STD_4329,2,14,2,16,1,1,1,23,22,5,2,0,0,0,1,0,0,31,0,3,7,8,6,13.666666666666666,0,1,6,8,5,13.5,0,9.4,-0.8,-3.12,Dropout,11,0.8571428571428571,0.8333333333333334,-0.16666666666666607,1
STD_2804,1,1,3,6,1,1,1,13,14,10,2,1,0,0,1,0,0,20,0,0,6,7,6,16.714285714285715,0,0,6,6,6,15.333333333333334,0,13.9,-0.3,0.79,Graduate,12,1.0,1.0,-1.3809523809523814,0
STD_2907,4,12,2,3,0,1,1,22,28,8,6,0,0,0,1,0,1,41,0,0,6,8,6,11.333333333333334,0,0,6,9,6,11.333333333333334,0,10.8,1.4,1.74,Graduate,12,1.0,1.0,0.0,0
STD_2390,1,12,2,10,1,1,1,13,1,6,6,0,0,0,1,1,0,28,0,0,5,6,0,0.0,0,0,5,5,0,0.0,0,13.9,-0.3,0.79,Dropout,0,0.0,0.0,0.0,1
STD_0456,2,12,1,3,0,1,1,19,24,13,13,0,0,0,1,0,0,44,0,0,6,9,6,11.166666666666666,0,1,6,15,2,11.0,1,7.6,2.6,0.32,Graduate,8,1.0,0.3333333333333333,-0.16666666666666607,0
STD_2968,1,8,4,12,1,1,1,4,1,3,2,1,0,0,1,0,0,18,0,0,8,8,0,0.0,5,0,8,8,0,0.0,5,9.4,-0.8,-3.12,Enrolled,0,0.0,0.0,0.0,0
STD_2791,1,8,1,9,1,1,1,13,27,6,8,1,0,0,0,1,0,19,0,0,5,7,2,12.5,0,0,5,13,1,11.0,0,9.4,-0.8,-3.12,Dropout,3,0.4,0.2,-1.5,1
STD_3625,1,1,2,9,1,1,1,3,14,3,5,1,0,0,1,0,0,21,0,0,5,9,3,11.666666666666666,0,0,5,9,4,11.75,0,8.9,1.4,3.51,Graduate,7,0.6,0.8,0.08333333333333393,0
STD_1874,1,12,1,3,0,1,1,19,24,1,1,1,0,0,1,1,0,29,0,0,6,10,0,0.0,1,0,5,10,0,0.0,0,7.6,2.6,0.32,Dropout,0,0.0,0.0,0.0,1
STD_0100,1,1,4,12,1,1,1,3,3,3,3,1,0,1,0,0,0,19,0,0,7,10,4,11.96,0,0,7,7,0,0.0,0,13.9,-0.3,0.79,Dropout,4,0.5714285714285714,0.0,-11.96,1
STD_0518,1,8,2,16,1,1,1,1,1,10,5,1,0,0,1,0,0,23,0,0,6,10,5,12.8,0,0,6,9,3,11.666666666666666,0,10.8,1.4,1.74,Dropout,8,0.8333333333333334,0.5,-1.1333333333333346,1
STD_0357,1,12,1,12,1,12,1,23,27,10,10,0,0,0,1,0,0,24,0,0,7,9,6,12.585714285714284,0,0,8,9,7,13.44285714285714,0,13.9,-0.3,0.79,Graduate,13,0.8571428571428571,0.875,0.8571428571428559,0
STD_0670,1,13,1,12,1,1,1,13,27,6,8,1,0,0,1,0,0,28,0,12,17,21,17,13.394736842105264,0,11,17,19,17,13.554736842105264,0,16.2,0.3,-0.92,Graduate,34,1.0,1.0,0.16000000000000014,0
STD_4140,1,8,1,10,1,1,1,23,14,8,8,0,0,0,1,0,1,21,0,0,6,11,4,11.25,0,0,6,12,4,11.4,0,15.5,2.8,-4.06,Graduate,8,0.6666666666666666,0.6666666666666666,0.15000000000000036,0
STD_4251,4,12,1,12,1,12,1,22,27,6,8,0,0,0,0,0,0,40,0,0,8,11,5,11.832,4,0,8,11,5,11.832,4,9.4,-0.8,-3.12,Dropout,10,0.625,0.625,0.0,1
STD_0155,1,14,1,16,1,1,1,3,27,3,6,1,0,0,1,0,0,21,0,0,6,10,3,12.666666666666666,0,0,6,12,3,10.0,0,9.4,-0.8,-3.12,Dropout,6,0.5,0.5,-2.666666666666666,1
STD_2743,1,1,1,10,1,1,1,22,27,5,5,0,0,0,1,0,0,21,0,0,6,7,6,13.333333333333334,0,0,6,6,6,14.5,0,10.8,1.4,1.74,Graduate,12,1.0,1.0,1.166666666666666,0
STD_1897,1,1,1,6,1,1,1,13,27,9,9,0,1,0,1,0,0,21,0,0,6,13,4,12.0,0,0,6,17,2,11.5,0,11.1,0.6,2.02,Enrolled,6,0.6666666666666666,0.3333333333333333,-0.5,0
STD_2569,1,12,1,9,1,9,1,22,27,10,8,0,0,1,1,0,0,41,0,0,5,6,5,11.6,0,0,5,8,5,12.2,0,7.6,2.6,0.32,Enrolled,10,1.0,1.0,0.5999999999999996,0
STD_0167,3,12,1,4,1,1,1,1,27,7,7,0,0,1,1,0,0,47,0,0,1,1,0,0.0,0,0,6,0,0,0.0,0,8.9,1.4,3.51,Enrolled,0,0.0,0.0,0.0,0
STD_0198,1,4,1,7,1,3,1,3,2,3,3,0,0,0,1,0,0,35,0,0,5,0,0,0.0,0,0,5,0,0,0.0,0,13.9,-0.3,0.79,Dropout,0,0.0,0.0,0.0,1
STD_3878,1,9,2,12,1,1,10,1,1,5,4,1,0,0,1,0,1,20,1,0,8,8,8,14.2,0,0,8,8,8,14.2,0,9.4,-0.8,-3.12,Graduate,16,1.0,1.0,0.0,0
STD_2305,1,8,1,9,1,1,1,1,14,5,9,0,0,0,1,1,0,20,0,0,5,14,0,0.0,0,0,5,5,0,0.0,0,11.1,0.6,2.02,Dropout,0,0.0,0.0,0.0,1
STD_1884,1,1,1,2,1,1,1,1,14,11,6,1,0,0,1,1,0,18,0,0,0,0,0,0.0,0,0,0,0,0,0.0,0,10.8,1.4,1.74,Graduate,0,0.0,0.0,0.0,0
STD_2201,1,12,1,3,0,1,1,22,27,10,8,1,0,1,0,1,0,29,0,0,6,11,4,12.5,0,0,6,7,0,0.0,0,12.4,0.5,1.79,Dropout,4,0.6666666666666666,0.0,-12.5,1
STD_1400,1,8,1,16,1,1,1,13,14,10,9,0,0,0,1,0,1,19,0,0,7,7,7,14.428571428571429,0,0,7,7,7,14.142857142857142,0,16.2,0.3,-0.92,Graduate,14,1.0,1.0,-0.2857142857142865,0
STD_1614,1,12,1,3,0,11,1,19,24,1,1,1,0,0,0,0,0,37,0,0,5,9,0,0.0,0,0,5,5,0,0.0,5,9.4,-0.8,-3.12,Dropout,0,0.0,0.0,0.0,1
STD_4210,1,1,1,9,1,1,18,22,27,10,10,0,0,0,1,1,0,20,1,0,5,5,5,13.6,0,0,5,7,5,13.0,0,9.4,-0.8,-3.12,Graduate,10,1.0,1.0,-0.5999999999999996,0
STD_0692,2,14,1,4,1,1,1,22,27,10,8,0,0,0,1,1,0,41,0,18,19,19,19,12.68421052631579,0,12,13,13,13,12.384615384615383,0,15.5,2.8,-4.06,Graduate,32,1.0,1.0,-0.29959514170040613,0
STD_0540,1,9,3,15,1,1,1,13,1,10,10,1,0,0,1,1,0,19,0,0,6,9,4,12.5,0,0,6,6,6,11.333333333333334,0,10.8,1.4,1.74,Dropout,10,0.6666666666666666,1.0,-1.166666666666666,1
STD_2922,1,12,1,3,0,1,1,13,27,5,6,0,0,0,1,0,0,34,0,0,6,6,4,13.25,0,0,6,6,0,0.0,0,12.7,3.7,-1.7,Enrolled,4,0.6666666666666666,0.0,-13.25,0
STD_1349,1,17,1,6,1,16,1,13,28,9,10,1,0,1,0,0,0,23,0,7,11,18,11,13.166666666666666,0,4,9,15,8,13.333333333333334,0,8.9,1.4,3.51,Enrolled,19,1.0,0.8888888888888888,0.16666666666666785,0
STD_3642,1,1,2,11,1,1,1,22,27,7,7,1,0,0,0,0,0,20,0,0,6,0,0,0.0,0,0,6,0,0,0.0,0,11.1,0.6,2.02,Dropout,0,0.0,0.0,0.0,1
STD_0726,4,4,1,12,1,3,1,22,28,10,8,0,0,0,1,1,0,51,0,4,7,7,7,15.2,0,6,8,8,8,16.575,0,13.9,-0.3,0.79,Graduate,15,1.0,1.0,1.375,0
STD_3573,1,14,1,17,0,9,1,10,10,10,10,0,0,0,1,1,0,28,0,7,13,13,7,10.285714285714286,0,5,11,13,5,10.6,0,10.8,1.4,1.74,Dropout,12,0.5384615384615384,0.45454545454545453,0.31428571428571317,1
STD_1830,1,1,1,9,1,1,1,23,27,6,7,0,0,0,1,0,1,18,0,0,5,11,4,11.571428571428571,0,0,5,9,5,12.0,0,13.9,-0.3,0.79,Enrolled,9,0.8,1.0,0.4285714285714288,0
STD_0776,1,15,1,6,1,14,1,1,1,5,8,1,0,1,1,0,0,22,0,2,6,9,6,12.0,0,1,6,12,3,12.0,0,13.9,-0.3,0.79,Dropout,9,1.0,0.5,0.0,1
STD_0528,1,12,1,2,1,1,1,3,1,3,11,1,0,0,1,1,0,24,0,0,0,0,0,0.0,0,0,0,0,0,0.0,0,9.4,-0.8,-3.12,Graduate,0,0.0,0.0,0.0,0
STD_2464,1,8,5,11,1,1,1,22,28,10,10,1,0,1,1,1,1,20,0,0,6,7,0,0.0,0,0,6,6,0,0.0,0,8.9,1.4,3.51,Dropout,0,0.0,0.0,0.0,1
STD_2375,1,12,1,8,1,1,1,13,14,10,6,1,0,0,1,1,0,24,0,0,5,13,4,13.75,1,0,5,9,3,12.0,0,9.4,-0.8,-3.12,Enrolled,7,0.8,0.6,-1.75,0
STD_3261,1,1,1,6,1,1,1,2,1,5,11,1,0,0,1,0,0,19,0,0,5,7,4,12.75,0,0,5,5,5,12.0,0,10.8,1.4,1.74,Graduate,9,0.8,1.0,-0.75,0
STD_0107,1,1,2,10,1,1,1,22,28,5,8,1,0,0,1,0,0,19,0,0,6,0,0,0.0,0,0,6,0,0,0.0,0,16.2,0.3,-0.92,Dropout,0,0.0,0.0,0.0,1
STD_0047,1,8,2,10,1,1,1,13,14,10,10,1,0,0,1,0,0,18,0,0,6,6,6,11.666666666666666,0,0,6,8,5,13.2,0,11.1,0.6,2.02,Graduate,11,1.0,0.8333333333333334,1.5333333333333332,0
STD_3367,1,1,1,17,0,1,1,22,27,10,4,0,0,0,1,1,0,26,0,0,5,11,2,11.5,0,0,5,10,3,12.0,0,7.6,2.6,0.32,Enrolled,5,0.4,0.6,0.5,0
STD_3185,1,1,1,6,1,1,1,1,28,6,10,0,0,0,1,1,1,19,0,0,6,9,6,13.833333333333334,0,0,6,12,5,13.666666666666666,0,11.1,0.6,2.02,Graduate,11,1.0,0.8333333333333334,-0.16666666666666785,0
STD_2967,1,13,1,12,1,1,1,3,3,4,4,0,0,0,1,0,0,18,0,0,7,8,7,13.55,0,0,8,8,8,14.1875,0,13.9,-0.3,0.79,Graduate,15,1.0,1.0,0.6374999999999993,0
STD_2323,2,12,1,17,0,1,1,22,27,10,10,1,0,0,1,1,0,31,0,0,5,8,1,11.0,0,0,5,5,1,13.0,0,9.4,-0.8,-3.12,Dropout,2,0.2,0.2,2.0,1
STD_1245,2,14,1,17,0,1,1,22,27,5,10,0,0,0,0,0,0,31,0,2,6,10,4,11.75,0,0,5,6,1,10.0,0,12.7,3.7,-1.7,Dropout,5,0.6666666666666666,0.2,-1.75,1
STD_3289,1,12,1,17,0,1,1,1,27,5,7,0,0,0,1,1,0,25,0,0,5,6,4,10.5,0,0,5,6,5,12.0,0,9.4,-0.8,-3.12,Graduate,9,0.8,1.0,1.5,0
STD_2504,2,12,1,12,1,1,1,3,1,6,6,0,0,0,1,0,1,34,0,0,7,7,6,12.513333333333334,0,0,8,9,7,13.071428571428571,0,12.4,0.5,1.79,Graduate,13,0.8571428571428571,0.875,0.5580952380952375,0
STD_1168,1,14,2,15,1,1,1,13,14,1,1,0,0,0,1,1,0,23,0,0,6,9,6,12.333333333333334,0,0,6,11,5,13.0,0,7.6,2.6,0.32,Graduate,11,1.0,0.8333333333333334,0.6666666666666661,0
STD_2593,1,4,1,9,1,3,1,22,14,10,9,0,0,0,1,0,0,21,0,4,9,9,9,10.88888888888889,0,3,10,18,10,11.615384615384617,0,10.8,1.4,1.74,Graduate,19,1.0,1.0,0.7264957264957275,0
STD_3872,1,1,1,9,1,1,1,23,28,10,10,0,0,0,1,1,1,20,0,0,5,8,5,12.375,0,0,5,7,5,11.666666666666666,0,13.9,-0.3,0.79,Graduate,10,1.0,1.0,-0.7083333333333339,0
STD_3597,1,15,1,4,1,14,1,13,1,2,2,0,0,0,1,1,0,22,0,0,6,12,3,13.333333333333334,0,0,6,12,3,12.75,0,15.5,2.8,-4.06,Enrolled,6,0.5,0.5,-0.5833333333333339,0
STD_4346,1,1,1,15,1,1,1,1,14,6,11,1,0,0,1,0,0,18,0,0,6,6,6,12.833333333333334,0,0,6,6,6,13.333333333333334,0,9.4,-0.8,-3.12,Graduate,12,1.0,1.0,0.5,0
STD_0127,1,15,1,6,1,14,1,22,27,10,10,1,0,0,1,0,0,20,0,1,6,7,6,14.166666666666666,0,1,6,17,5,13.77777777777778,0,12.4,0.5,1.79,Graduate,11,1.0,0.8333333333333334,-0.38888888888888573,0
STD_3880,2,12,1,17,0,1,1,22,27,10,10,0,0,0,1,0,0,35,0,0,5,5,5,11.6,0,0,5,6,5,11.166666666666666,0,15.5,2.8,-4.06,Graduate,10,1.0,1.0,-0.43333333333333357,0
STD_0644,1,1,3,12,1,1,1,22,28,8,8,1,0,0,1,0,0,18,0,0,8,8,8,14.26875,0,0,8,8,8,14.26875,0,9.4,-0.8,-3.12,Enrolled,16,1.0,1.0,0.0,0
STD_0970,1,12,1,7,1,1,1,1,28,4,6,0,0,0,1,1,0,24,0,0,5,6,3,10.666666666666666,0,0,5,9,2,10.5,0,15.5,2.8,-4.06,Enrolled,5,0.6,0.4,-0.16666666666666607,0
STD_1072,1,15,1,10,1,14,1,13,14,9,9,1,0,0,1,0,1,19,0,3,6,7,6,13.142857142857142,0,2,6,6,6,14.333333333333334,0,12.4,0.5,1.79,Graduate,12,1.0,1.0,1.1904761904761916,0
STD_1896,1,1,1,5,1,1,1,13,14,8,10,1,0,0,1,0,0,19,0,0,6,10,2,10.5,0,0,6,6,3,11.0,0,7.6,2.6,0.32,Enrolled,5,0.3333333333333333,0.5,0.5,0
STD_1819,1,8,4,15,1,1,1,2,27,10,10,1,0,1,0,0,0,19,0,0,6,6,0,0.0,0,0,6,0,0,0.0,0,8.9,1.4,3.51,Dropout,0,0.0,0.0,0.0,1
STD_0079,1,8,4,12,1,1,1,23,27,10,10,0,0,0,1,1,1,22,0,0,7,7,7,14.842857142857142,0,0,8,9,8,15.055555555555555,0,16.2,0.3,-0.92,Graduate,15,1.0,1.0,0.21269841269841372,0
STD_1256,4,12,1,8,1,1,1,3,1,6,6,1,0,0,1,0,1,30,0,0,6,7,0,0.0,0,0,6,16,1,10.0,0,11.1,0.6,2.02,Dropout,1,0.0,0.16666666666666666,10.0,1
STD_0234,1,1,1,11,1,1,1,1,27,10,10,0,0,0,1,0,1,21,0,0,6,9,5,11.0,0,0,6,8,5,12.0,0,15.5,2.8,-4.06,Graduate,10,0.8333333333333334,0.8333333333333334,1.0,0
STD_4423,1,1,1,9,1,1,1,22,27,8,5,1,0,0,1,0,1,20,0,0,5,5,5,13.8,0,0,5,6,5,12.0,0,9.4,-0.8,-3.12,Graduate,10,1.0,1.0,-1.8000000000000007,0
STD_2246,1,8,4,10,1,1,1,22,27,10,9,1,0,0,1,1,0,21,0,0,6,6,6,12.333333333333334,0,0,6,7,6,13.666666666666666,0,8.9,1.4,3.51,Graduate,12,1.0,1.0,1.3333333333333321,0
STD_1658,1,1,2,6,1,1,1,22,14,10,9,0,0,0,1,0,0,20,0,0,5,7,4,11.75,0,0,5,9,2,10.5,0,7.6,2.6,0.32,Enrolled,6,0.8,0.4,-1.25,0
STD_0513,1,12,2,14,1,1,1,19,24,1,1,0,0,0,1,0,0,28,0,0,5,6,4,12.5,0,0,5,7,4,11.75,0,7.6,2.6,0.32,Graduate,8,0.8,0.8,-0.75,0
STD_3501,1,1,1,9,1,1,1,1,14,10,10,1,0,0,1,1,1,19,0,0,5,8,5,12.6,0,0,5,9,5,13.6,0,8.9,1.4,3.51,Dropout,10,1.0,1.0,1.0,1
STD_1684,1,1,1,14,1,1,1,2,2,4,4,1,0,0,1,1,0,21,0,0,5,7,3,11.0,0,0,5,5,4,12.75,0,7.6,2.6,0.32,Dropout,7,0.6,0.8,1.75,1
STD_2993,1,1,2,15,1,1,1,3,3,4,3,1,0,0,1,0,0,20,0,0,6,0,0,0.0,0,0,6,0,0,0.0,0,16.2,0.3,-0.92,Dropout,0,0.0,0.0,0.0,1
STD_2255,1,12,1,17,0,1,1,13,27,6,6,0,0,0,0,1,0,31,0,0,5,5,2,11.0,0,0,5,0,0,0.0,0,12.7,3.7,-1.7,Dropout,2,0.4,0.0,-11.0,1
STD_0246,1,4,1,12,1,3,1,13,28,6,4,0,0,0,1,0,0,23,0,0,8,8,8,13.22,0,0,8,8,8,13.22,0,9.4,-0.8,-3.12,Graduate,16,1.0,1.0,0.0,0
STD_0831,1,8,1,11,1,1,1,24,3,4,4,1,0,0,1,0,0,20,0,0,6,8,6,11.666666666666666,0,0,6,10,6,11.0,0,13.9,-0.3,0.79,Dropout,12,1.0,1.0,-0.6666666666666661,1
STD_3483,1,15,1,4,1,14,1,22,27,10,11,0,0,0,1,1,0,25,0,0,6,6,0,0.0,0,0,6,8,0,0.0,0,15.5,2.8,-4.06,Dropout,0,0.0,0.0,0.0,1
STD_2764,1,14,1,3,0,3,1,7,7,12,12,0,0,0,1,0,0,26,0,8,11,16,10,11.8,0,3,7,7,7,13.285714285714286,0,7.6,2.6,0.32,Graduate,17,0.9090909090909091,1.0,1.4857142857142858,0
STD_3458,1,15,1,4,1,14,1,22,28,10,8,0,0,0,1,0,1,19,0,0,6,7,6,15.333333333333334,0,0,6,9,6,14.0,0,15.5,2.8,-4.06,Graduate,12,1.0,1.0,-1.333333333333334,0
STD_0097,1,1,5,15,1,1,1,22,1,6,6,1,0,0,1,0,0,18,0,0,6,6,6,13.666666666666666,0,0,6,6,6,13.333333333333334,0,8.9,1.4,3.51,Graduate,12,1.0,1.0,-0.33333333333333215,0
STD_3608,1,14,1,2,1,1,1,13,14,10,5,0,0,0,1,1,0,22,0,0,0,0,0,0.0,0,0,0,0,0,0.0,0,13.9,-0.3,0.79,Enrolled,0,0.0,0.0,0.0,0
STD_3188,1,1,1,12,1,1,1,13,14,5,6,1,0,0,1,1,0,19,0,0,7,9,0,0.0,0,0,7,8,0,0.0,0,15.5,2.8,-4.06,Dropout,0,0.0,0.0,0.0,1
STD_0335,1,1,1,10,1,1,1,19,27,5,10,1,0,0,1,0,1,18,0,0,6,6,6,12.166666666666666,0,0,6,9,6,13.666666666666666,0,9.4,-0.8,-3.12,Graduate,12,1.0,1.0,1.5,0
STD_3595,1,1,1,8,1,1,1,2,3,10,2,0,0,0,1,1,0,19,0,0,5,14,2,11.5,2,0,5,8,5,11.4,3,9.4,-0.8,-3.12,Enrolled,7,0.4,1.0,-0.09999999999999964,0
STD_0557,1,8,1,9,1,1,1,13,1,8,5,1,0,0,1,1,0,20,0,0,5,8,3,11.0,0,0,5,11,3,12.0,0,10.8,1.4,1.74,Enrolled,6,0.6,0.6,1.0,0
STD_1063,1,12,1,3,0,1,1,22,9,10,11,0,0,0,1,0,0,27,0,0,6,8,5,11.0,0,0,6,7,6,11.166666666666666,0,11.1,0.6,2.02,Graduate,11,0.8333333333333334,1.0,0.16666666666666607,0
STD_3415,1,8,3,12,1,1,1,1,14,8,9,1,0,0,1,0,1,18,0,0,7,8,6,13.271666666666668,0,0,8,11,7,12.94375,0,12.4,0.5,1.79,Graduate,13,0.8571428571428571,0.875,-0.32791666666666863,0
STD_3221,1,8,3,14,1,1,1,22,27,9,9,0,0,1,1,0,0,19,0,0,5,5,1,10.0,0,0,5,5,0,0.0,0,9.4,-0.8,-3.12,Dropout,1,0.2,0.0,-10.0,1
STD_2253,1,4,1,6,1,15,1,5,3,3,3,0,0,1,1,1,0,27,0,8,13,13,8,13.5,2,5,11,12,5,14.4,0,11.1,0.6,2.02,Dropout,13,0.6153846153846154,0.45454545454545453,0.9000000000000004,1
STD_1832,1,1,1,10,1,1,1,1,1,5,5,0,0,0,1,0,1,18,0,0,6,9,6,11.5,0,0,6,11,5,14.0,0,11.1,0.6,2.02,Graduate,11,1.0,0.8333333333333334,2.5,0
STD_2266,1,9,1,6,1,1,1,1,14,4,6,0,0,0,0,1,0,21,0,0,6,10,5,14.0,0,0,6,11,4,14.8,0,11.1,0.6,2.02,Enrolled,9,0.8333333333333334,0.6666666666666666,0.8000000000000007,0
STD_1731,1,1,3,9,1,1,1,3,3,6,11,0,0,0,1,1,0,20,0,0,5,7,5,11.6,0,0,5,5,5,12.8,0,12.4,0.5,1.79,Graduate,10,1.0,1.0,1.200000000000001,0
STD_0402,1,8,1,11,1,1,1,22,27,8,8,1,0,0,1,0,0,20,0,0,6,13,3,10.333333333333334,0,0,6,12,3,10.333333333333334,0,10.8,1.4,1.74,Enrolled,6,0.5,0.5,0.0,0
STD_0337,1,4,1,16,1,15,1,26,3,3,2,0,0,1,1,0,0,40,0,0,7,8,7,15.0,0,0,7,7,7,14.571428571428571,0,12.4,0.5,1.79,Graduate,14,1.0,1.0,-0.4285714285714288,0
STD_1075,1,1,1,10,1,1,1,22,27,10,6,0,0,0,1,0,0,18,0,0,6,11,5,12.4,0,0,6,7,6,13.0,0,9.4,-0.8,-3.12,Graduate,11,0.8333333333333334,1.0,0.5999999999999996,0
STD_3105,1,8,4,10,1,1,1,13,14,5,8,1,0,0,1,0,0,19,0,0,6,7,6,12.0,0,0,6,7,6,12.428571428571429,0,11.1,0.6,2.02,Graduate,12,1.0,1.0,0.4285714285714288,0
STD_0753,1,13,1,12,1,1,1,22,27,4,4,1,0,0,1,0,1,21,0,0,8,8,8,13.105,0,0,8,8,8,13.105,0,9.4,-0.8,-3.12,Graduate,16,1.0,1.0,0.0,0
STD_4305,1,1,1,9,1,1,1,13,1,8,6,1,0,0,1,1,0,19,0,0,5,6,4,13.75,0,0,5,5,0,0.0,0,12.4,0.5,1.79,Dropout,4,0.8,0.0,-13.75,1
STD_2421,1,12,1,6,1,2,1,23,28,10,11,0,0,0,1,1,0,47,0,0,6,0,0,0.0,0,0,6,0,0,0.0,0,16.2,0.3,-0.92,Dropout,0,0.0,0.0,0.0,1
STD_3502,1,12,1,5,1,1,1,22,27,10,11,0,0,1,1,1,1,45,0,0,6,6,6,13.5,0,0,6,6,0,0.0,0,16.2,0.3,-0.92,Dropout,6,1.0,0.0,-13.5,1
STD_2488,1,9,1,9,1,1,1,13,1,10,8,1,0,0,1,1,0,20,0,0,5,0,0,0.0,0,0,5,0,0,0.0,0,12.4,0.5,1.79,Dropout,0,0.0,0.0,0.0,1
STD_3025,1,1,1,2,1,1,1,13,27,10,8,1,0,0,1,0,1,18,0,0,0,0,0,0.0,0,0,0,0,0,0.0,0,12.4,0.5,1.79,Graduate,0,0.0,0.0,0.0,0
STD_3255,1,6,1,6,1,1,14,3,3,5,3,0,0,0,1,0,0,18,1,0,6,13,6,13.0,0,0,6,15,6,12.25,0,11.1,0.6,2.02,Graduate,12,1.0,1.0,-0.75,0
STD_0729,1,1,2,2,1,1,14,13,1,5,8,1,0,0,1,1,0,20,1,0,0,0,0,0.0,0,0,0,0,0,0.0,0,7.6,2.6,0.32,Graduate,0,0.0,0.0,0.0,0
STD_0470,1,8,1,10,1,1,1,22,27,5,10,1,0,0,1,0,1,18,0,0,6,10,5,10.571428571428571,1,0,6,9,5,12.2,0,12.7,3.7,-1.7,Graduate,10,0.8333333333333334,0.8333333333333334,1.6285714285714281,0
STD_2912,1,1,6,12,1,1,1,13,14,5,5,1,0,0,1,0,0,18,0,0,8,8,8,13.27625,0,0,8,8,8,13.27625,0,9.4,-0.8,-3.12,Graduate,16,1.0,1.0,0.0,0
STD_1651,1,1,1,12,1,1,1,3,1,10,10,0,0,0,1,0,0,19,0,0,8,8,7,14.514285714285714,0,0,8,8,7,14.514285714285714,0,12.7,3.7,-1.7,Enrolled,14,0.875,0.875,0.0,0
STD_0752,1,1,1,5,1,1,1,22,27,10,10,1,0,1,1,0,1,20,0,0,6,9,6,13.333333333333334,0,0,6,10,6,14.666666666666666,0,12.7,3.7,-1.7,Graduate,12,1.0,1.0,1.3333333333333321,0
STD_1175,1,9,1,14,1,1,1,1,27,10,10,1,0,0,1,1,0,22,0,0,6,11,4,13.0,0,0,6,11,4,12.6,0,12.7,3.7,-1.7,Graduate,8,0.6666666666666666,0.6666666666666666,-0.40000000000000036,0
STD_4118,1,1,1,12,1,1,1,1,27,10,10,0,0,0,1,0,0,18,0,0,8,8,7,14.2,0,0,8,8,7,14.2,0,12.7,3.7,-1.7,Graduate,14,0.875,0.875,0.0,0
STD_3962,1,13,1,12,1,1,1,22,1,10,5,1,0,0,1,0,0,23,0,20,26,27,26,15.07777777777778,0,14,17,17,17,15.023529411764704,0,15.5,2.8,-4.06,Graduate,43,1.0,1.0,-0.054248366013075255,0
STD_0506,1,12,1,12,1,12,1,22,28,23,34,0,0,0,1,0,0,27,0,0,7,12,4,14.0,0,0,7,14,3,12.525,0,12.4,0.5,1.79,Enrolled,7,0.5714285714285714,0.42857142857142855,-1.4749999999999996,0
STD_4288,1,15,1,6,1,14,1,1,1,5,5,0,0,0,1,1,0,21,0,1,5,15,3,12.333333333333334,2,0,5,7,5,11.4,0,9.4,-0.8,-3.12,Graduate,8,0.6,1.0,-0.9333333333333336,0
STD_3109,1,1,5,15,1,1,1,23,1,5,6,1,0,0,1,0,0,18,0,0,6,6,6,13.166666666666666,0,0,6,6,6,12.5,0,15.5,2.8,-4.06,Enrolled,12,1.0,1.0,-0.6666666666666661,0
STD_1905,1,1,1,15,1,1,1,13,1,8,10,1,0,0,1,0,0,19,0,0,6,7,6,12.833333333333334,0,0,6,7,6,11.666666666666666,0,11.1,0.6,2.02,Graduate,12,1.0,1.0,-1.1666666666666679,0
STD_1308,1,8,3,9,1,1,1,13,28,6,8,1,0,0,1,0,1,18,0,0,5,5,5,13.4,0,0,5,6,5,12.2,0,12.7,3.7,-1.7,Graduate,10,1.0,1.0,-1.200000000000001,0
STD_1670,1,8,1,3,0,1,1,22,27,6,9,0,0,1,1,0,1,22,0,1,6,7,4,12.75,0,1,6,8,5,13.0,0,13.9,-0.3,0.79,Graduate,9,0.6666666666666666,0.8333333333333334,0.25,0
STD_1655,1,1,2,16,1,1,1,1,1,3,10,1,0,0,1,0,0,20,0,0,6,6,6,13.5,0,0,6,6,0,0.0,0,12.7,3.7,-1.7,Dropout,6,1.0,0.0,-13.5,1
STD_0412,1,12,1,12,1,3,1,13,1,5,9,0,0,0,1,0,0,24,0,0,8,8,7,12.401428571428571,0,0,8,8,7,12.401428571428571,0,10.8,1.4,1.74,Graduate,14,0.875,0.875,0.0,0
STD_4043,1,1,1,15,1,1,1,13,14,10,10,1,0,0,1,0,0,18,0,0,6,6,5,12.6,0,0,6,8,6,12.0,0,11.1,0.6,2.02,Graduate,11,0.8333333333333334,1.0,-0.5999999999999996,0
STD_3867,1,1,1,12,1,1,1,22,27,8,8,0,0,0,1,1,0,20,0,0,7,8,0,0.0,1,0,7,7,0,0.0,0,13.9,-0.3,0.79,Dropout,0,0.0,0.0,0.0,1
STD_2475,1,1,1,15,1,1,1,3,14,3,6,0,0,0,1,1,0,20,0,0,6,6,6,14.333333333333334,0,0,6,7,6,15.0,0,15.5,2.8,-4.06,Graduate,12,1.0,1.0,0.6666666666666661,0
STD_3622,1,1,1,12,1,1,1,1,14,4,4,1,0,0,1,0,1,18,0,0,7,7,7,15.101428571428572,0,0,8,8,8,16.09375,0,11.1,0.6,2.02,Graduate,15,1.0,1.0,0.9923214285714277,0
STD_1899,1,1,1,2,1,1,1,10,10,5,2,1,1,0,1,0,0,18,0,0,0,0,0,0.0,0,0,0,0,0,0.0,0,11.1,0.6,2.02,Graduate,0,0.0,0.0,0.0,0
STD_0208,1,1,4,15,1,1,1,3,14,2,5,1,0,0,1,0,1,18,0,0,6,6,6,13.833333333333334,0,0,6,6,6,14.166666666666666,0,16.2,0.3,-0.92,Graduate,12,1.0,1.0,0.33333333333333215,0
STD_3361,1,8,4,14,1,1,1,1,1,5,8,0,0,0,0,0,0,19,0,0,6,7,3,12.666666666666666,0,0,6,10,5,13.125,0,10.8,1.4,1.74,Dropout,8,0.5,0.8333333333333334,0.4583333333333339,1
STD_3689,5,12,1,10,1,1,1,13,28,10,11,0,0,0,1,1,0,34,0,0,6,8,5,12.6,0,0,6,11,4,11.25,0,12.4,0.5,1.79,Graduate,9,0.8333333333333334,0.6666666666666666,-1.3499999999999996,0
STD_1061,1,17,1,10,1,16,1,1,14,6,6,0,0,1,0,0,0,23,0,5,9,12,7,13.571428571428571,0,4,9,14,4,13.25,0,8.9,1.4,3.51,Dropout,11,0.7777777777777778,0.4444444444444444,-0.3214285714285712,1
STD_1806,1,14,1,17,0,3,1,3,1,3,10,0,0,0,1,1,0,33,0,0,5,5,0,0.0,0,0,5,5,0,0.0,0,12.7,3.7,-1.7,Dropout,0,0.0,0.0,0.0,1
STD_2434,1,8,4,7,1,1,1,23,27,6,8,1,0,0,1,1,0,18,0,0,5,7,4,12.0,0,0,5,10,3,13.0,3,7.6,2.6,0.32,Enrolled,7,0.8,0.6,1.0,0
STD_2857,1,1,1,15,1,1,1,1,3,4,4,1,0,0,1,0,0,19,0,0,6,6,6,15.0,0,0,6,6,6,13.333333333333334,0,11.1,0.6,2.02,Graduate,12,1.0,1.0,-1.666666666666666,0
STD_1917,1,8,5,12,1,1,1,13,28,6,9,1,0,0,1,0,1,18,0,0,7,7,6,12.6,0,0,7,7,6,12.6,0,7.6,2.6,0.32,Graduate,12,0.8571428571428571,0.8571428571428571,0.0,0
STD_2484,1,17,1,4,1,16,1,1,28,10,7,0,0,0,1,1,0,21,0,7,12,20,10,12.7,0,5,12,14,11,12.181818181818182,0,8.9,1.4,3.51,Graduate,21,0.8333333333333334,0.9166666666666666,-0.5181818181818176,0
STD_0046,1,8,1,17,0,1,1,23,28,5,6,0,0,0,1,0,0,24,0,0,5,9,2,11.5,0,0,5,11,3,14.333333333333334,1,7.6,2.6,0.32,Enrolled,5,0.4,0.6,2.833333333333334,0
STD_0829,1,1,4,12,1,1,1,13,14,5,6,1,0,0,1,0,0,18,0,0,8,8,8,14.25,0,0,8,8,8,14.25,0,9.4,-0.8,-3.12,Graduate,16,1.0,1.0,0.0,0
STD_3450,1,1,2,12,1,1,1,3,3,3,3,1,0,0,1,0,1,18,0,0,7,7,7,14.485714285714286,0,0,8,9,8,14.58888888888889,0,16.2,0.3,-0.92,Graduate,15,1.0,1.0,0.10317460317460458,0
STD_1440,1,1,1,6,1,1,1,23,27,10,7,1,0,0,1,1,0,18,0,0,5,6,4,11.75,0,0,5,10,5,12.571428571428571,1,10.8,1.4,1.74,Graduate,9,0.8,1.0,0.8214285714285712,0
STD_0117,1,8,1,10,1,1,1,13,27,10,8,1,0,0,1,0,1,20,0,0,6,13,2,10.0,0,0,6,12,4,10.75,0,7.6,2.6,0.32,Enrolled,6,0.3333333333333333,0.6666666666666666,0.75,0
STD_0178,1,1,2,12,1,1,1,19,24,12,12,1,0,0,1,0,0,20,0,0,7,8,4,11.95,0,0,7,8,4,11.95,0,7.6,2.6,0.32,Dropout,8,0.5714285714285714,0.5714285714285714,0.0,1
STD_1327,1,1,1,6,1,1,1,1,27,5,10,1,0,0,1,0,0,21,0,0,6,12,4,12.5,0,0,6,13,2,12.666666666666666,0,11.1,0.6,2.02,Enrolled,6,0.6666666666666666,0.3333333333333333,0.16666666666666607,0
STD_2092,5,1,3,6,1,1,1,13,14,5,8,1,0,0,1,0,0,21,0,0,5,13,5,12.2,2,0,5,10,3,11.333333333333334,1,9.4,-0.8,-3.12,Enrolled,8,1.0,0.6,-0.8666666666666654,0
STD_2872,2,12,1,12,1,1,1,22,27,10,7,0,0,0,1,0,0,41,0,0,7,0,0,0.0,0,0,8,0,0,0.0,0,10.8,1.4,1.74,Dropout,0,0.0,0.0,0.0,1
STD_1531,4,12,1,4,1,1,1,13,14,10,5,0,0,0,1,0,0,39,0,0,6,15,2,13.0,2,0,6,13,3,13.0,1,15.5,2.8,-4.06,Enrolled,5,0.3333333333333333,0.5,0.0,0
STD_3416,1,8,6,12,1,1,1,3,28,3,10,1,0,0,1,0,0,20,0,0,7,8,6,13.548333333333334,0,0,8,11,6,14.775,0,11.1,0.6,2.02,Enrolled,12,0.8571428571428571,0.75,1.2266666666666666,0
STD_2778,1,14,2,14,1,1,1,3,3,6,6,1,0,0,1,0,0,19,0,0,5,5,4,13.75,0,0,6,9,5,12.6,0,12.7,3.7,-1.7,Enrolled,9,0.8,0.8333333333333334,-1.1500000000000004,0
STD_3726,1,15,1,4,1,14,1,1,1,4,11,0,0,0,1,1,0,22,0,4,10,21,5,11.4,1,2,7,13,6,11.666666666666666,0,15.5,2.8,-4.06,Dropout,11,0.5,0.8571428571428571,0.2666666666666657,1
STD_4116,1,1,3,5,1,1,1,13,14,4,4,1,0,0,1,0,0,20,0,0,6,6,6,11.833333333333334,0,0,6,6,3,13.333333333333334,0,9.4,-0.8,-3.12,Enrolled,9,1.0,0.5,1.5,0
STD_0705,1,12,1,10,1,9,1,22,27,10,10,0,0,0,1,1,0,47,0,3,9,9,9,13.11111111111111,0,3,7,7,7,14.857142857142858,0,10.8,1.4,1.74,Graduate,16,1.0,1.0,1.746031746031747,0
STD_2807,1,9,2,15,1,1,10,22,14,10,8,1,0,0,1,0,1,22,1,0,6,8,5,11.6,0,0,6,7,6,12.0,0,9.4,-0.8,-3.12,Graduate,11,0.8333333333333334,1.0,0.40000000000000036,0
STD_0881,1,8,2,5,1,1,1,23,28,10,9,1,0,0,1,1,1,19,0,0,6,6,6,13.666666666666666,0,0,6,7,5,13.2,0,12.4,0.5,1.79,Graduate,11,1.0,0.8333333333333334,-0.4666666666666668,0
STD_4078,1,1,5,5,1,1,1,19,1,6,8,1,0,0,1,0,0,18,0,0,6,7,2,11.0,0,0,6,0,0,0.0,0,9.4,-0.8,-3.12,Dropout,2,0.3333333333333333,0.0,-11.0,1
STD_3811,1,14,1,12,1,1,1,22,27,10,8,1,0,0,1,0,1,18,0,0,7,8,5,12.86,0,0,7,8,5,12.86,0,7.6,2.6,0.32,Enrolled,10,0.7142857142857143,0.7142857142857143,0.0,0
STD_4041,1,1,1,6,1,1,1,3,1,3,5,0,0,0,1,0,0,18,0,0,5,12,5,14.5,2,0,5,5,5,13.6,0,9.4,-0.8,-3.12,Graduate,10,1.0,1.0,-0.9000000000000004,0
STD_1505,1,12,1,12,1,15,1,22,27,10,8,0,0,0,1,0,0,27,0,3,8,12,7,12.457142857142856,0,3,8,12,7,12.457142857142856,0,12.7,3.7,-1.7,Enrolled,14,0.875,0.875,0.0,0
STD_2304,1,9,5,7,1,1,1,3,2,3,4,1,0,0,1,1,0,19,0,0,5,9,5,11.833333333333334,0,0,5,9,5,14.714285714285714,0,12.4,0.5,1.79,Enrolled,10,1.0,1.0,2.8809523809523796,0
STD_3328,1,12,1,8,1,14,1,1,3,5,2,0,0,0,1,1,0,28,0,0,6,9,0,0.0,0,0,6,8,1,10.0,1,16.2,0.3,-0.92,Dropout,1,0.0,0.16666666666666666,10.0,1
STD_3200,1,1,1,12,1,1,1,1,1,10,10,1,0,0,1,1,0,20,0,0,8,8,7,12.84142857142857,0,0,8,8,7,12.84142857142857,0,10.8,1.4,1.74,Graduate,14,0.875,0.875,0.0,0
STD_1706,1,1,1,7,1,1,1,3,1,5,2,0,0,0,1,1,0,18,0,0,5,10,2,14.0,0,0,5,7,3,11.0,1,7.6,2.6,0.32,Enrolled,5,0.4,0.6,-3.0,0
STD_0214,1,12,1,17,0,1,1,22,27,10,10,0,0,0,1,0,1,26,0,0,5,7,0,0.0,0,0,5,8,0,0.0,0,16.2,0.3,-0.92,Dropout,0,0.0,0.0,0.0,1
STD_0069,1,1,3,9,1,1,1,1,28,8,8,0,0,1,1,1,0,19,0,0,5,8,5,11.2,0,0,5,10,4,10.75,3,16.2,0.3,-0.92,Dropout,9,1.0,0.8,-0.4499999999999993,1
STD_1683,1,1,2,14,1,1,1,13,1,10,5,1,0,1,1,1,0,20,0,0,5,5,4,12.0,0,0,5,6,5,11.6,0,9.4,-0.8,-3.12,Dropout,9,0.8,1.0,-0.40000000000000036,1
STD_0627,1,15,1,3,0,14,1,22,28,7,7,1,0,0,1,0,0,23,0,5,9,10,9,10.88888888888889,0,3,8,10,6,11.333333333333334,0,11.1,0.6,2.02,Graduate,15,1.0,0.75,0.44444444444444464,0
STD_2553,1,1,1,3,0,1,1,23,27,6,6,0,0,0,1,0,0,19,0,0,6,6,6,12.5,0,0,6,6,6,11.5,0,12.7,3.7,-1.7,Graduate,12,1.0,1.0,-1.0,0
STD_4158,1,1,5,8,1,1,1,3,1,3,10,1,0,0,1,0,0,19,0,0,5,13,1,13.0,0,0,5,7,2,12.5,0,12.7,3.7,-1.7,Dropout,3,0.2,0.4,-0.5,1
STD_0787,1,1,1,5,1,1,1,3,3,2,3,1,0,0,1,0,0,18,0,0,6,6,6,13.666666666666666,0,0,6,6,5,14.0,0,12.7,3.7,-1.7,Graduate,11,1.0,0.8333333333333334,0.3333333333333339,0
STD_2734,1,8,2,10,1,1,1,1,14,5,11,1,1,0,1,0,0,18,0,0,6,15,2,10.333333333333334,3,0,6,13,3,13.333333333333334,0,12.7,3.7,-1.7,Enrolled,5,0.3333333333333333,0.5,3.0,0
STD_2567,1,8,1,12,1,1,1,23,1,6,5,0,0,0,1,0,1,18,0,0,7,7,7,13.464285714285714,0,0,8,9,8,14.788888888888888,0,12.4,0.5,1.79,Graduate,15,1.0,1.0,1.3246031746031743,0
STD_3418,1,1,1,11,1,1,1,23,14,4,4,0,0,0,1,0,0,21,0,0,6,16,2,11.0,0,0,6,12,0,0.0,0,12.7,3.7,-1.7,Dropout,2,0.3333333333333333,0.0,-11.0,1
STD_0620,1,15,1,6,1,14,1,3,1,3,4,1,0,0,1,0,0,19,0,0,6,10,5,12.666666666666666,0,0,6,19,4,11.75,0,12.4,0.5,1.79,Enrolled,9,0.8333333333333334,0.6666666666666666,-0.9166666666666661,0
STD_1593,1,1,4,9,1,1,1,13,28,6,6,1,0,0,1,1,0,18,0,0,5,6,4,11.5,0,0,5,12,2,10.333333333333334,0,10.8,1.4,1.74,Enrolled,6,0.8,0.4,-1.166666666666666,0
STD_1985,1,1,1,12,1,1,1,13,1,6,6,1,0,0,1,0,1,18,0,0,8,8,8,14.14125,0,0,8,8,8,14.14125,0,9.4,-0.8,-3.12,Graduate,16,1.0,1.0,0.0,0
STD_1112,1,1,5,12,1,1,1,1,14,7,8,1,0,0,1,0,1,19,0,0,7,8,7,12.135714285714286,0,0,8,10,7,13.328571428571427,0,12.4,0.5,1.79,Graduate,14,1.0,0.875,1.1928571428571413,0
STD_0494,1,1,1,6,1,1,1,22,27,10,5,1,0,1,1,0,0,22,0,0,6,9,5,13.333333333333334,0,0,6,17,4,11.4,0,12.4,0.5,1.79,Enrolled,9,0.8333333333333334,0.6666666666666666,-1.9333333333333336,0
STD_2273,2,12,1,17,0,12,1,22,1,6,6,0,0,0,1,1,0,44,0,0,5,9,3,11.333333333333334,0,0,5,8,5,11.142857142857142,0,13.9,-0.3,0.79,Dropout,8,0.6,1.0,-0.19047619047619158,1
STD_3800,2,12,1,6,1,9,1,1,29,6,4,1,0,1,0,0,0,32,0,0,6,7,0,0.0,0,0,6,6,0,0.0,0,13.9,-0.3,0.79,Dropout,0,0.0,0.0,0.0,1
STD_4058,1,13,1,4,1,14,1,13,1,6,6,0,0,0,1,0,0,22,0,0,6,10,6,12.571428571428571,0,0,6,12,4,13.666666666666666,0,15.5,2.8,-4.06,Enrolled,10,1.0,0.6666666666666666,1.095238095238095,0
STD_2767,1,4,1,12,1,3,1,22,27,8,8,1,0,0,1,0,0,27,0,0,8,8,7,14.414285714285716,0,0,8,8,7,14.414285714285716,0,12.7,3.7,-1.7,Graduate,14,0.875,0.875,0.0,0
STD_3796,1,1,3,7,1,1,1,4,28,3,8,1,0,0,1,1,0,18,0,0,5,8,5,14.0,0,0,5,6,5,13.2,0,8.9,1.4,3.51,Graduate,10,1.0,1.0,-0.8000000000000007,0
STD_0304,1,16,1,14,1,1,1,13,14,6,6,0,0,1,0,0,0,18,0,0,5,6,2,12.5,0,0,5,6,4,10.25,0,9.4,-0.8,-3.12,Dropout,6,0.4,0.8,-2.25,1
STD_1368,1,1,6,12,1,1,1,23,28,10,10,1,0,0,1,1,0,19,0,0,8,8,7,12.2,0,0,8,8,7,12.2,0,12.7,3.7,-1.7,Graduate,14,0.875,0.875,0.0,0
STD_3002,1,1,2,12,1,1,1,4,1,3,11,1,0,0,1,0,0,19,0,0,7,9,7,13.422222222222224,0,0,8,11,7,12.18888888888889,0,15.5,2.8,-4.06,Graduate,14,1.0,0.875,-1.2333333333333343,0
STD_0866,1,1,4,12,1,1,1,1,1,5,11,1,0,0,1,1,1,18,0,0,7,7,7,14.682857142857143,0,0,8,9,8,15.055555555555555,0,12.4,0.5,1.79,Graduate,15,1.0,1.0,0.3726984126984121,0
STD_2193,1,12,1,4,1,1,1,3,1,3,5,0,0,1,0,1,0,35,0,0,6,8,5,16.166666666666668,0,0,6,10,4,16.0,0,8.9,1.4,3.51,Dropout,9,0.8333333333333334,0.6666666666666666,-0.16666666666666785,1
STD_3941,2,12,1,9,1,1,1,22,27,6,6,0,0,0,1,0,0,36,0,0,5,8,3,11.0,0,0,5,12,4,13.375,0,10.8,1.4,1.74,Enrolled,7,0.6,0.8,2.375,0
STD_2491,1,8,2,15,1,1,1,1,1,5,5,1,0,0,1,1,0,20,0,0,6,11,3,13.666666666666666,0,0,6,13,4,10.25,0,9.4,-0.8,-3.12,Enrolled,7,0.5,0.6666666666666666,-3.416666666666666,0
STD_1620,1,13,1,14,1,1,1,1,1,10,11,1,0,0,1,0,1,20,0,3,7,10,6,12.833333333333334,0,2,8,8,5,11.8,0,12.7,3.7,-1.7,Graduate,11,0.8571428571428571,0.625,-1.0333333333333332,0
STD_1564,1,15,1,8,1,14,1,13,14,6,6,1,0,1,0,0,0,20,0,1,6,11,3,12.0,0,0,6,11,2,11.0,0,12.4,0.5,1.79,Enrolled,5,0.5,0.3333333333333333,-1.0,0
STD_0123,1,1,1,2,1,1,1,3,14,3,10,0,0,0,1,0,0,19,0,0,0,0,0,0.0,0,0,0,0,0,0.0,0,10.8,1.4,1.74,Dropout,0,0.0,0.0,0.0,1
STD_3548,2,14,1,8,1,7,1,19,24,1,1,0,0,0,1,1,0,28,0,0,5,9,0,0.0,0,0,5,5,0,0.0,0,7.6,2.6,0.32,Dropout,0,0.0,0.0,0.0,1
STD_1210,2,12,1,4,1,1,1,22,27,10,10,0,0,1,0,0,0,43,0,0,6,10,4,12.25,0,0,6,13,4,10.5,0,8.9,1.4,3.51,Dropout,8,0.6666666666666666,0.6666666666666666,-1.75,1
STD_2038,2,4,1,8,1,3,1,3,3,2,2,0,0,0,1,0,0,33,0,1,5,11,2,11.5,1,1,5,8,2,12.0,0,9.4,-0.8,-3.12,Dropout,4,0.4,0.4,0.5,1
STD_3228,1,15,1,6,1,14,1,13,28,32,44,1,0,0,1,0,0,23,0,0,6,11,4,11.5,0,0,6,12,4,12.2,0,8.9,1.4,3.51,Enrolled,8,0.6666666666666666,0.6666666666666666,0.6999999999999993,0
STD_1648,1,14,1,12,1,1,1,1,28,5,8,0,0,0,1,0,1,18,0,0,7,8,7,13.6375,0,0,8,8,8,14.3875,0,13.9,-0.3,0.79,Graduate,15,1.0,1.0,0.75,0
STD_3476,1,8,1,6,1,1,1,23,28,29,38,1,0,0,1,0,0,20,0,0,6,13,6,15.692307692307692,0,0,6,13,5,14.428571428571429,0,15.5,2.8,-4.06,Graduate,11,1.0,0.8333333333333334,-1.2637362637362628,0
STD_3036,1,1,1,11,1,1,1,10,1,5,5,1,0,0,1,0,0,18,0,0,6,8,6,11.333333333333334,0,0,6,11,6,10.833333333333334,0,7.6,2.6,0.32,Graduate,12,1.0,1.0,-0.5,0
STD_4121,1,8,5,12,1,1,1,13,1,6,4,1,0,0,1,0,1,19,0,0,8,8,7,12.485714285714286,0,0,8,8,7,12.485714285714286,0,12.7,3.7,-1.7,Graduate,14,0.875,0.875,0.0,0
STD_0685,4,12,1,4,1,12,1,22,27,10,10,0,0,0,1,1,0,49,0,6,12,17,7,12.0,0,3,12,19,9,11.22222222222222,0,15.5,2.8,-4.06,Graduate,16,0.5833333333333334,0.75,-0.7777777777777803,0
STD_1127,1,12,1,12,1,3,1,3,27,3,11,0,0,0,1,0,0,28,0,0,7,9,7,17.005555555555556,0,1,8,9,8,16.582222222222224,0,15.5,2.8,-4.06,Graduate,15,1.0,1.0,-0.423333333333332,0
STD_0373,1,8,1,15,1,1,1,1,14,5,8,0,0,0,1,0,1,19,0,0,6,6,6,13.833333333333334,0,0,6,7,6,14.428571428571429,0,15.5,2.8,-4.06,Graduate,12,1.0,1.0,0.5952380952380949,0
STD_3525,2,12,1,17,0,1,1,1,4,5,3,0,0,0,1,1,0,34,0,0,5,5,5,14.2,0,0,5,5,5,14.6,0,12.7,3.7,-1.7,Enrolled,10,1.0,1.0,0.40000000000000036,0
STD_3097,1,12,1,3,0,1,1,23,28,10,10,0,0,0,1,0,1,31,0,0,6,6,6,14.0,0,0,6,6,6,12.333333333333334,0,10.8,1.4,1.74,Graduate,12,1.0,1.0,-1.666666666666666,0
STD_1975,1,1,4,12,1,1,1,1,10,4,11,1,0,0,1,0,0,18,0,0,7,8,7,13.135,0,0,8,9,8,13.244444444444444,0,12.4,0.5,1.79,Graduate,15,1.0,1.0,0.10944444444444379,0
STD_2634,1,1,4,12,1,1,1,13,1,5,5,1,0,0,1,1,0,19,0,0,8,8,7,12.665714285714284,0,0,8,8,7,12.665714285714284,0,10.8,1.4,1.74,Graduate,14,0.875,0.875,0.0,0
STD_2518,1,1,3,12,1,1,1,13,1,10,6,1,0,0,1,0,1,18,0,0,8,8,7,12.214285714285714,0,0,8,8,7,12.214285714285714,0,12.7,3.7,-1.7,Graduate,14,0.875,0.875,0.0,0
STD_2779,1,4,0,4,1,3,1,1,27,5,10,1,0,0,1,0,0,23,0,10,17,28,17,13.15,2,8,12,22,12,13.214285714285714,0,15.5,2.8,-4.06,Graduate,29,1.0,1.0,0.06428571428571317,0
STD_1810,1,16,1,17,0,1,1,1,1,6,4,1,0,0,1,1,0,27,0,2,6,6,6,12.333333333333334,0,0,5,5,5,13.0,0,11.1,0.6,2.02,Graduate,11,1.0,1.0,0.6666666666666661,0
STD_2725,1,12,1,12,1,1,1,22,27,8,8,1,0,0,1,0,1,24,0,0,8,15,6,12.415,0,0,8,15,6,12.415,0,10.8,1.4,1.74,Graduate,12,0.75,0.75,0.0,0
STD_1066,1,4,1,3,0,15,1,13,1,6,11,1,0,1,0,0,0,23,0,7,12,12,11,14.0,0,4,10,11,8,14.625,0,13.9,-0.3,0.79,Dropout,19,0.9166666666666666,0.8,0.625,1
STD_3605,1,8,2,15,1,1,1,13,1,10,10,1,0,0,1,1,0,20,0,0,6,6,6,11.833333333333334,0,0,6,6,6,12.166666666666666,0,12.7,3.7,-1.7,Graduate,12,1.0,1.0,0.33333333333333215,0
STD_0667,1,8,2,15,1,1,1,22,28,6,6,1,0,1,0,0,0,18,0,0,6,9,5,12.2,0,0,6,9,4,11.75,0,10.8,1.4,1.74,Dropout,9,0.8333333333333334,0.6666666666666666,-0.4499999999999993,1
STD_3421,1,1,1,12,1,1,1,1,1,10,5,0,0,0,1,0,1,21,0,0,8,8,8,13.2575,0,0,8,8,8,13.2575,0,9.4,-0.8,-3.12,Graduate,16,1.0,1.0,0.0,0
STD_2776,1,1,4,12,1,1,1,23,27,10,6,1,0,0,1,0,0,18,0,0,8,8,7,15.075714285714286,0,0,8,8,7,15.075714285714286,0,10.8,1.4,1.74,Graduate,14,0.875,0.875,0.0,0
STD_3770,1,1,3,15,1,1,1,1,1,5,5,1,0,0,1,0,1,18,0,0,6,6,6,13.166666666666666,0,0,6,7,5,13.2,0,12.4,0.5,1.79,Dropout,11,1.0,0.8333333333333334,0.033333333333333215,1
STD_0876,1,1,1,12,1,1,1,23,28,10,10,0,0,0,1,1,1,19,0,0,7,9,7,14.244444444444444,0,0,8,12,8,12.233333333333333,0,15.5,2.8,-4.06,Graduate,15,1.0,1.0,-2.011111111111111,0
STD_3753,1,1,2,15,1,1,1,1,1,10,5,1,0,0,1,0,0,18,0,0,6,6,6,11.666666666666666,0,0,6,6,5,12.2,0,12.7,3.7,-1.7,Graduate,11,1.0,0.8333333333333334,0.5333333333333332,0
STD_1271,1,8,1,15,1,1,1,22,14,10,11,0,0,0,1,0,0,18,0,0,6,8,5,12.6,0,0,6,10,6,12.428571428571429,0,15.5,2.8,-4.06,Enrolled,11,0.8333333333333334,1.0,-0.17142857142857082,0
STD_2231,1,1,4,2,1,1,1,1,28,5,9,1,0,0,1,1,0,19,0,0,0,0,0,0.0,0,0,0,0,0,0.0,0,11.1,0.6,2.02,Graduate,0,0.0,0.0,0.0,0
STD_3831,1,1,3,12,1,1,1,1,1,5,5,1,0,0,1,1,0,18,0,0,8,8,7,12.365714285714288,0,0,8,8,7,12.365714285714288,0,10.8,1.4,1.74,Graduate,14,0.875,0.875,0.0,0
STD_3223,1,1,1,14,1,1,1,13,28,10,8,1,0,0,1,0,1,20,0,0,6,8,6,15.25,0,0,6,7,6,14.714285714285714,0,11.1,0.6,2.02,Graduate,12,1.0,1.0,-0.5357142857142865,0
STD_2674,2,12,1,17,0,1,1,19,24,13,13,0,0,0,1,1,0,40,0,0,5,9,3,11.0,0,0,5,8,4,12.5,1,7.6,2.6,0.32,Enrolled,7,0.6,0.8,1.5,0
STD_3347,1,12,1,12,1,1,1,22,27,10,9,0,0,0,1,1,0,36,0,0,7,18,0,0.0,0,0,7,7,0,0.0,0,13.9,-0.3,0.79,Dropout,0,0.0,0.0,0.0,1
STD_3539,1,8,5,11,1,1,1,13,27,6,6,1,0,0,1,1,0,19,0,0,6,12,4,12.5,0,0,6,12,4,10.25,0,7.6,2.6,0.32,Dropout,8,0.6666666666666666,0.6666666666666666,-2.25,1
STD_2500,1,12,1,10,1,12,1,22,27,10,10,0,1,1,1,0,0,40,0,0,6,13,2,10.0,0,0,6,10,1,15.0,0,16.2,0.3,-0.92,Dropout,3,0.3333333333333333,0.16666666666666666,5.0,1
STD_1414,1,1,2,15,1,1,1,22,27,10,10,1,0,0,1,0,1,19,0,0,6,11,4,11.0,0,0,6,11,3,11.666666666666666,0,9.4,-0.8,-3.12,Enrolled,7,0.6666666666666666,0.5,0.6666666666666661,0
STD_2427,1,12,2,17,0,1,1,13,28,10,10,0,0,0,0,1,0,27,0,0,5,10,0,0.0,0,0,5,5,0,0.0,0,15.5,2.8,-4.06,Dropout,0,0.0,0.0,0.0,1
STD_3445,1,1,2,5,1,1,1,1,14,4,4,1,0,0,0,0,0,18,0,1,6,8,6,11.714285714285714,1,0,6,11,4,11.333333333333334,0,13.9,-0.3,0.79,Dropout,10,1.0,0.6666666666666666,-0.3809523809523796,1
STD_2093,1,1,1,12,1,1,1,5,4,3,2,0,0,0,1,0,0,18,0,0,8,8,7,15.7,0,0,8,8,7,15.7,0,12.7,3.7,-1.7,Graduate,14,0.875,0.875,0.0,0
STD_0730,1,14,1,14,1,1,1,3,2,3,3,1,0,0,1,1,0,18,0,0,6,13,4,13.75,0,0,6,8,5,11.2,0,13.9,-0.3,0.79,Enrolled,9,0.6666666666666666,0.8333333333333334,-2.5500000000000007,0
STD_0019,1,1,1,8,1,1,1,3,14,4,6,1,0,0,1,0,0,20,0,0,5,8,4,12.5,1,0,5,8,4,12.25,2,10.8,1.4,1.74,Graduate,8,0.8,0.8,-0.25,0
STD_3052,1,13,1,9,1,1,1,3,28,3,6,1,0,0,1,0,0,19,0,0,5,8,2,11.5,0,0,5,10,3,10.857142857142858,0,10.8,1.4,1.74,Enrolled,5,0.4,0.6,-0.6428571428571423,0
STD_1018,1,16,1,5,1,1,1,3,1,4,6,0,0,0,1,0,1,19,0,5,11,11,11,13.181818181818182,0,5,11,11,11,12.909090909090908,0,11.1,0.6,2.02,Graduate,22,1.0,1.0,-0.2727272727272734,0
STD_4101,1,14,1,13,1,1,1,1,1,5,9,1,1,0,1,0,0,20,0,1,7,9,7,12.333333333333334,0,0,8,8,8,12.625,0,12.7,3.7,-1.7,Enrolled,15,1.0,1.0,0.2916666666666661,0
STD_2145,2,12,1,3,0,9,1,22,27,8,10,0,0,0,1,0,0,42,0,0,6,6,6,11.666666666666666,0,0,6,6,6,13.666666666666666,0,10.8,1.4,1.74,Graduate,12,1.0,1.0,2.0,0
STD_3047,1,1,1,6,1,1,1,1,1,10,8,0,0,0,1,0,0,19,0,0,5,7,3,12.333333333333334,0,0,5,7,4,10.25,0,7.6,2.6,0.32,Enrolled,7,0.6,0.8,-2.083333333333334,0
STD_2094,1,1,1,12,1,1,1,22,27,10,10,1,0,0,1,0,0,18,0,0,7,7,6,15.2,0,0,7,7,6,15.2,0,7.6,2.6,0.32,Graduate,12,0.8571428571428571,0.8571428571428571,0.0,0
STD_0511,1,1,2,5,1,1,1,4,1,3,4,1,0,0,1,0,0,18,0,0,6,8,4,10.75,0,0,6,9,0,0.0,0,9.4,-0.8,-3.12,Enrolled,4,0.6666666666666666,0.0,-10.75,0
STD_2662,2,12,1,15,1,13,1,22,27,10,8,1,0,0,1,1,0,57,0,0,6,7,5,14.2,0,0,6,6,6,14.166666666666666,0,9.4,-0.8,-3.12,Graduate,11,0.8333333333333334,1.0,-0.033333333333333215,0
STD_2862,1,1,1,6,1,1,1,3,3,3,3,0,0,0,1,0,0,18,0,0,5,5,5,12.6,0,0,5,7,5,11.6,0,7.6,2.6,0.32,Graduate,10,1.0,1.0,-1.0,0
STD_1734,2,12,1,3,0,1,1,22,3,10,11,0,0,0,1,1,0,44,0,5,11,21,9,12.333333333333334,0,8,11,16,9,11.0,0,12.4,0.5,1.79,Enrolled,18,0.8181818181818182,0.8181818181818182,-1.333333333333334,0
STD_3930,1,12,1,4,1,1,1,13,14,10,7,1,0,0,1,0,0,24,0,0,6,10,5,11.8,0,0,6,13,4,11.25,0,12.4,0.5,1.79,Enrolled,9,0.8333333333333334,0.6666666666666666,-0.5500000000000007,0
STD_0432,1,12,1,3,0,1,1,22,27,8,9,0,0,0,1,0,1,27,0,0,6,8,6,11.833333333333334,0,0,6,10,5,12.8,0,15.5,2.8,-4.06,Graduate,11,1.0,0.8333333333333334,0.9666666666666668,0
STD_0950,1,12,1,9,1,1,1,22,3,10,3,0,0,0,1,1,0,61,0,0,5,0,0,0.0,0,0,5,0,0,0.0,0,15.5,2.8,-4.06,Dropout,0,0.0,0.0,0.0,1
STD_1640,1,1,1,5,1,1,1,3,1,3,4,1,0,0,1,1,0,20,0,5,12,12,11,14.272727272727272,0,5,12,12,11,14.818181818181818,0,16.2,0.3,-0.92,Graduate,22,0.9166666666666666,0.9166666666666666,0.5454545454545467,0
STD_4146,1,1,1,10,1,1,1,13,1,2,4,0,0,0,1,0,0,21,0,0,6,0,0,0.0,0,0,6,0,0,0.0,0,15.5,2.8,-4.06,Dropout,0,0.0,0.0,0.0,1
STD_0042,1,1,2,9,1,1,1,3,14,3,8,1,0,0,1,0,0,22,0,0,5,5,5,14.8,0,0,5,5,5,15.8,0,8.9,1.4,3.51,Graduate,10,1.0,1.0,1.0,0
STD_1133,1,1,1,9,1,1,1,22,27,32,36,1,0,0,1,0,0,19,0,0,5,9,4,11.0,0,0,5,8,3,10.666666666666666,0,12.4,0.5,1.79,Enrolled,7,0.8,0.6,-0.3333333333333339,0
STD_3737,1,12,1,7,1,1,1,13,27,10,10,0,0,0,1,1,1,24,0,0,5,8,5,11.833333333333334,0,0,5,8,4,14.0,0,12.7,3.7,-1.7,Enrolled,9,1.0,0.8,2.166666666666666,0
STD_0598,4,12,1,16,1,1,1,22,1,10,11,0,0,1,0,0,0,31,0,0,7,8,6,12.666666666666666,0,0,7,9,5,12.6,0,8.9,1.4,3.51,Dropout,11,0.8571428571428571,0.7142857142857143,-0.06666666666666643,1
STD_0693,1,1,1,11,1,1,1,13,14,10,4,0,0,0,1,1,0,21,0,0,6,8,6,12.571428571428571,0,0,6,10,4,13.0,0,12.7,3.7,-1.7,Enrolled,10,1.0,0.6666666666666666,0.4285714285714288,0
STD_1616,2,12,1,6,1,12,1,13,14,10,6,1,0,0,1,0,0,26,0,0,6,21,3,12.666666666666666,0,0,6,15,2,11.0,0,15.5,2.8,-4.06,Dropout,5,0.5,0.3333333333333333,-1.666666666666666,1
STD_3281,1,8,2,13,1,1,14,1,1,8,8,1,0,0,1,0,0,20,1,0,7,8,7,12.728571428571428,0,0,8,8,8,14.625,0,15.5,2.8,-4.06,Graduate,15,1.0,1.0,1.8964285714285722,0
STD_0061,1,1,2,12,1,1,1,13,14,10,10,0,0,0,1,0,0,18,0,0,7,8,6,13.133333333333333,0,0,8,12,7,12.221428571428572,0,16.2,0.3,-0.92,Graduate,13,0.8571428571428571,0.875,-0.9119047619047613,0
STD_0277,1,13,1,16,1,1,1,22,28,4,4,0,0,0,1,0,0,20,0,0,6,8,5,11.0,0,0,6,10,3,10.666666666666666,0,12.7,3.7,-1.7,Dropout,8,0.8333333333333334,0.5,-0.3333333333333339,1
STD_3364,1,4,1,9,1,2,1,3,27,3,6,1,0,1,0,0,0,38,0,0,5,6,0,0.0,0,0,5,5,0,0.0,0,15.5,2.8,-4.06,Dropout,0,0.0,0.0,0.0,1
STD_2891,2,12,1,3,0,9,1,19,24,1,1,0,0,0,1,0,0,44,0,5,8,13,8,13.75,0,2,6,9,6,12.5,0,7.6,2.6,0.32,Graduate,14,1.0,1.0,-1.25,0
STD_4354,1,1,1,2,1,1,1,3,1,5,5,1,0,0,1,0,0,18,0,0,0,0,0,0.0,0,0,0,0,0,0.0,0,12.4,0.5,1.79,Graduate,0,0.0,0.0,0.0,0
STD_2230,1,1,1,5,1,1,1,1,1,4,10,0,0,0,1,1,0,19,0,0,6,6,6,11.833333333333334,0,0,6,8,4,10.75,2,16.2,0.3,-0.92,Graduate,10,1.0,0.6666666666666666,-1.083333333333334,0
STD_1504,2,12,1,12,1,1,1,22,27,29,42,0,0,0,1,0,0,35,0,0,7,11,5,13.34,0,0,7,9,5,10.84,0,12.4,0.5,1.79,Enrolled,10,0.7142857142857143,0.7142857142857143,-2.5,0
STD_0263,1,14,1,7,1,1,1,22,28,10,10,0,0,1,0,0,0,30,0,8,12,17,8,11.75,0,6,12,19,6,12.166666666666666,2,7.6,2.6,0.32,Dropout,14,0.6666666666666666,0.5,0.4166666666666661,1
STD_2072,1,1,1,12,1,1,1,13,3,10,5,1,0,0,1,0,0,18,0,0,7,7,6,12.916666666666666,0,0,7,7,6,12.916666666666666,0,7.6,2.6,0.32,Graduate,12,0.8571428571428571,0.8571428571428571,0.0,0
STD_1583,1,14,1,17,0,1,1,13,27,4,10,0,0,0,1,0,0,34,0,0,5,9,0,0.0,0,0,5,10,1,11.0,0,13.9,-0.3,0.79,Dropout,1,0.0,0.2,11.0,1
STD_0891,1,1,2,15,1,1,1,1,14,10,10,1,0,0,1,0,0,18,0,0,6,6,6,14.0,0,0,6,6,6,14.666666666666666,0,10.8,1.4,1.74,Graduate,12,1.0,1.0,0.6666666666666661,0
STD_1144,1,1,1,16,1,1,1,13,14,10,6,0,0,1,1,0,1,18,0,0,6,6,6,13.333333333333334,0,0,6,7,6,12.571428571428571,0,12.7,3.7,-1.7,Graduate,12,1.0,1.0,-0.7619047619047628,0
STD_0194,1,16,1,16,1,1,1,1,1,5,11,0,0,0,1,0,0,21,0,0,6,0,0,0.0,0,0,6,0,0,0.0,0,12.4,0.5,1.79,Dropout,0,0.0,0.0,0.0,1
STD_4075,1,9,1,12,1,1,1,23,27,5,10,1,0,0,1,0,1,20,0,0,7,10,7,12.625,0,0,8,8,8,13.0625,0,15.5,2.8,-4.06,Graduate,15,1.0,1.0,0.4375,0
STD_0008,1,9,4,11,1,1,1,22,27,10,10,1,0,0,0,1,0,22,0,0,5,5,0,0.0,0,0,5,5,0,0.0,0,15.5,2.8,-4.06,Dropout,0,0.0,0.0,0.0,1
STD_0608,1,1,6,12,1,1,1,23,14,8,8,1,0,0,1,0,1,19,0,0,8,8,7,12.355714285714283,0,0,8,8,7,12.355714285714283,0,10.8,1.4,1.74,Graduate,14,0.875,0.875,0.0,0
STD_4235,1,1,2,9,1,1,1,23,28,10,6,1,0,0,1,1,0,20,0,0,5,12,3,10.5,0,0,5,10,4,11.25,0,12.4,0.5,1.79,Enrolled,7,0.6,0.8,0.75,0
STD_2138,1,1,5,15,1,1,1,23,14,10,10,1,0,0,1,0,0,19,0,0,6,7,6,12.333333333333334,0,0,6,7,6,12.5,0,8.9,1.4,3.51,Graduate,12,1.0,1.0,0.16666666666666607,0
STD_4283,1,9,2,9,1,1,1,22,27,6,10,1,0,0,1,1,0,20,0,0,5,7,4,10.75,0,0,5,12,3,10.571428571428571,0,10.8,1.4,1.74,Dropout,7,0.8,0.6,-0.17857142857142883,1
STD_1457,1,1,1,9,1,1,1,1,14,5,6,0,0,0,1,1,0,20,0,0,5,9,5,12.0,0,0,5,9,4,13.0,0,8.9,1.4,3.51,Enrolled,9,1.0,0.8,1.0,0
STD_2610,2,14,1,17,0,1,1,22,27,10,10,0,0,0,1,0,0,34,0,3,8,9,3,11.0,0,2,7,7,2,10.0,0,9.4,-0.8,-3.12,Dropout,5,0.375,0.2857142857142857,-1.0,1
STD_4242,1,1,3,12,1,1,1,22,27,10,10,1,0,1,0,0,0,19,0,0,8,8,7,13.327142857142857,0,0,8,8,7,13.327142857142857,0,10.8,1.4,1.74,Dropout,14,0.875,0.875,0.0,1
STD_0639,1,8,3,10,1,1,1,1,1,5,6,0,0,0,1,0,0,19,0,0,6,11,5,11.2,0,0,6,13,5,11.6,0,15.5,2.8,-4.06,Graduate,10,0.8333333333333334,0.8333333333333334,0.40000000000000036,0
STD_1123,1,13,1,12,1,1,1,1,14,5,9,1,0,0,1,0,0,21,0,4,7,9,7,14.355555555555554,0,5,8,8,8,13.49375,0,15.5,2.8,-4.06,Graduate,15,1.0,1.0,-0.8618055555555539,0
STD_1521,1,12,1,17,0,1,1,13,14,10,10,1,0,0,1,1,0,27,0,0,5,9,1,10.0,0,0,5,5,0,0.0,0,12.7,3.7,-1.7,Dropout,1,0.2,0.0,-10.0,1
STD_0016,1,1,1,15,1,1,1,13,27,10,4,1,0,0,1,0,0,20,0,0,6,6,5,13.2,0,0,6,7,0,0.0,0,15.5,2.8,-4.06,Dropout,5,0.8333333333333334,0.0,-13.2,1
STD_1370,1,17,1,14,1,16,1,1,14,10,10,0,0,0,1,1,1,23,0,0,6,7,5,13.0,0,0,6,7,6,12.857142857142858,0,8.9,1.4,3.51,Graduate,11,0.8333333333333334,1.0,-0.14285714285714235,0
STD_3169,1,1,1,11,1,1,1,1,1,5,3,0,0,1,0,0,1,21,0,0,6,7,6,13.428571428571429,0,0,6,8,6,11.333333333333334,0,8.9,1.4,3.51,Dropout,12,1.0,1.0,-2.095238095238095,1
STD_0594,1,8,1,14,1,1,1,1,14,5,9,1,0,0,1,0,0,20,0,0,6,8,5,13.4,0,0,6,10,4,13.0,0,12.7,3.7,-1.7,Enrolled,9,0.8333333333333334,0.6666666666666666,-0.40000000000000036,0
STD_1942,1,1,1,10,1,1,1,23,28,10,7,1,0,0,1,0,0,18,0,0,6,6,6,13.166666666666666,0,0,6,6,6,13.166666666666666,0,8.9,1.4,3.51,Graduate,12,1.0,1.0,0.0,0
STD_2588,1,1,4,9,1,1,1,1,14,5,7,1,0,0,1,0,0,24,0,0,5,11,2,10.5,0,0,5,14,1,11.0,0,12.7,3.7,-1.7,Enrolled,3,0.4,0.2,0.5,0
STD_4424,1,5,1,15,1,1,9,23,27,6,10,1,0,0,1,0,0,22,1,0,6,8,6,11.666666666666666,0,0,6,6,6,13.0,0,12.7,3.7,-1.7,Graduate,12,1.0,1.0,1.333333333333334,0
STD_0747,1,16,1,4,1,14,1,1,14,5,5,1,0,1,0,1,0,22,0,0,6,12,3,11.333333333333334,0,0,6,13,2,11.0,0,8.9,1.4,3.51,Dropout,5,0.5,0.3333333333333333,-0.3333333333333339,1
STD_3046,1,8,2,16,1,1,1,1,1,4,10,1,0,0,1,0,0,19,0,0,6,8,5,13.0,0,0,6,8,4,10.75,0,9.4,-0.8,-3.12,Graduate,9,0.8333333333333334,0.6666666666666666,-2.25,0
STD_0617,1,8,2,10,1,3,1,22,27,8,9,1,0,0,1,0,1,20,0,0,6,6,6,12.333333333333334,0,0,6,6,6,10.666666666666666,0,9.4,-0.8,-3.12,Graduate,12,1.0,1.0,-1.6666666666666679,0
STD_0365,1,1,4,12,1,1,1,1,1,10,2,1,0,0,1,0,0,19,0,0,7,8,5,13.98,0,0,7,8,5,13.98,0,7.6,2.6,0.32,Enrolled,10,0.7142857142857143,0.7142857142857143,0.0,0
STD_0403,1,1,1,15,1,1,1,23,27,10,10,1,1,0,1,0,0,19,0,0,6,11,4,12.25,0,0,6,11,3,11.0,0,7.6,2.6,0.32,Enrolled,7,0.6666666666666666,0.5,-1.25,0
STD_1150,1,1,1,12,1,1,1,13,14,5,5,0,0,0,1,0,0,18,0,0,8,8,7,13.485714285714284,0,0,8,8,7,13.485714285714284,0,12.7,3.7,-1.7,Graduate,14,0.875,0.875,0.0,0
STD_2300,1,12,1,11,1,14,1,1,1,6,11,0,0,0,0,1,0,26,0,0,6,0,0,0.0,0,0,6,0,0,0.0,0,16.2,0.3,-0.92,Dropout,0,0.0,0.0,0.0,1
STD_3012,1,1,1,6,1,1,1,2,2,7,7,0,0,0,1,0,0,18,0,0,6,11,5,12.285714285714286,0,0,6,19,3,14.0,1,12.4,0.5,1.79,Dropout,8,0.8333333333333334,0.5,1.7142857142857135,1
STD_2014,2,12,1,16,1,1,1,22,27,10,10,0,0,1,0,0,0,32,0,0,6,6,0,0.0,0,0,5,10,0,0.0,0,10.8,1.4,1.74,Dropout,0,0.0,0.0,0.0,1
STD_3373,1,8,2,11,1,1,1,1,14,10,10,1,0,0,1,0,1,18,0,0,6,6,6,12.833333333333334,0,0,6,7,6,12.333333333333334,0,13.9,-0.3,0.79,Graduate,12,1.0,1.0,-0.5,0
STD_1303,1,15,1,2,1,14,1,3,3,3,3,0,0,1,1,1,0,20,0,0,0,0,0,0.0,0,0,0,0,0,0.0,0,15.5,2.8,-4.06,Graduate,0,0.0,0.0,0.0,0
STD_4407,1,1,1,5,1,1,1,1,28,6,8,1,0,0,1,1,0,20,0,0,6,6,4,12.0,0,0,6,8,2,11.333333333333334,0,10.8,1.4,1.74,Enrolled,6,0.6666666666666666,0.3333333333333333,-0.6666666666666661,0
STD_0095,2,12,1,3,0,1,1,22,14,10,10,0,0,0,1,0,0,44,0,2,8,11,8,11.875,0,0,6,7,6,12.333333333333334,0,12.7,3.7,-1.7,Graduate,14,1.0,1.0,0.4583333333333339,0
STD_0845,1,1,1,10,1,1,1,23,24,10,10,1,0,0,1,0,0,18,0,0,6,9,5,11.4,0,0,6,8,5,10.8,0,9.4,-0.8,-3.12,Graduate,10,0.8333333333333334,0.8333333333333334,-0.5999999999999996,0
STD_3198,1,1,6,9,1,1,1,1,14,2,7,1,0,0,1,1,0,19,0,0,5,6,5,12.6,0,0,5,8,3,12.666666666666666,0,8.9,1.4,3.51,Graduate,8,1.0,0.6,0.06666666666666643,0
STD_2335,1,1,1,14,1,1,1,23,27,10,10,0,0,0,1,1,1,18,0,0,6,7,6,13.571428571428571,0,0,6,6,6,14.333333333333334,0,12.4,0.5,1.79,Graduate,12,1.0,1.0,0.7619047619047628,0
STD_3179,1,1,1,12,1,1,1,3,14,4,11,0,0,0,1,1,0,19,0,0,8,8,7,14.535714285714286,0,0,8,8,7,14.535714285714286,0,10.8,1.4,1.74,Graduate,14,0.875,0.875,0.0,0
STD_1999,1,12,1,3,0,1,1,22,28,5,8,1,0,0,1,0,0,24,0,0,6,10,1,10.0,0,0,6,12,0,0.0,0,9.4,-0.8,-3.12,Dropout,1,0.16666666666666666,0.0,-10.0,1
STD_2924,1,12,1,14,1,1,1,19,24,1,1,0,0,0,1,0,0,25,0,0,5,6,1,11.0,0,0,5,5,0,0.0,0,7.6,2.6,0.32,Dropout,1,0.2,0.0,-11.0,1
STD_4137,5,14,1,12,1,1,1,1,28,6,6,0,0,0,1,0,1,18,0,0,8,8,7,11.857142857142858,0,0,8,8,7,11.857142857142858,0,12.7,3.7,-1.7,Graduate,14,0.875,0.875,0.0,0
STD_2496,1,12,1,15,1,12,1,22,27,1,1,1,0,0,1,1,0,28,0,0,6,7,6,13.166666666666666,0,0,6,6,6,13.666666666666666,0,7.6,2.6,0.32,Graduate,12,1.0,1.0,0.5,0
STD_3127,1,8,1,10,1,1,1,22,14,10,9,1,0,0,1,0,0,21,0,0,6,11,6,10.375,0,0,6,12,3,11.666666666666666,0,12.7,3.7,-1.7,Enrolled,9,1.0,0.5,1.291666666666666,0
STD_1561,1,6,1,1,1,1,14,2,3,3,5,0,0,0,1,1,0,20,1,0,7,10,7,12.857142857142858,0,0,7,7,4,12.75,0,8.9,1.4,3.51,Enrolled,11,1.0,0.5714285714285714,-0.10714285714285765,0
STD_1690,1,14,4,2,1,1,1,22,27,10,10,1,0,0,1,1,0,19,0,0,0,0,0,0.0,0,0,0,0,0,0.0,0,7.6,2.6,0.32,Dropout,0,0.0,0.0,0.0,1
STD_1264,2,12,1,16,1,1,1,22,14,8,4,0,0,1,1,0,1,34,0,0,6,7,6,16.142857142857142,0,0,6,10,6,16.2,0,9.4,-0.8,-3.12,Graduate,12,1.0,1.0,0.05714285714285694,0
STD_4256,1,4,1,3,0,4,1,2,3,3,3,0,0,0,1,0,0,18,0,10,16,24,13,13.846153846153848,0,7,11,15,9,12.555555555555555,0,15.5,2.8,-4.06,Dropout,22,0.8125,0.8181818181818182,-1.2905982905982931,1
STD_3588,1,14,1,5,1,1,1,1,2,10,3,0,0,0,1,1,0,19,0,6,12,12,12,13.166666666666666,0,6,12,12,12,13.0,0,10.8,1.4,1.74,Graduate,24,1.0,1.0,-0.16666666666666607,0
STD_3027,1,1,4,15,1,1,1,3,14,3,4,1,1,0,1,0,0,18,0,0,6,10,6,12.571428571428571,0,0,6,11,6,12.571428571428571,0,10.8,1.4,1.74,Enrolled,12,1.0,1.0,0.0,0
STD_1197,1,4,1,5,1,3,1,22,2,10,4,0,0,0,0,0,0,23,0,0,3,3,2,10.0,0,0,6,0,0,0.0,0,10.8,1.4,1.74,Dropout,2,0.6666666666666666,0.0,-10.0,1
STD_2242,2,12,1,17,0,1,1,22,27,10,10,0,0,0,1,1,0,37,0,0,5,7,4,10.75,0,0,5,7,3,11.333333333333334,0,7.6,2.6,0.32,Enrolled,7,0.8,0.6,0.5833333333333339,0
STD_1677,1,8,1,13,1,1,1,3,3,2,8,1,0,0,1,1,0,19,0,0,7,0,0,0.0,0,0,7,0,0,0.0,0,11.1,0.6,2.02,Dropout,0,0.0,0.0,0.0,1
STD_2584,1,12,1,17,0,1,1,13,27,10,9,0,0,0,1,0,0,26,0,0,5,10,4,12.0,0,0,5,9,4,11.25,0,12.7,3.7,-1.7,Enrolled,8,0.8,0.8,-0.75,0
STD_0015,1,1,1,6,1,1,1,23,27,6,6,1,0,0,1,0,1,18,0,0,5,7,4,13.25,0,0,5,5,5,12.0,0,10.8,1.4,1.74,Graduate,9,0.8,1.0,-1.25,0
STD_0259,1,1,1,10,1,1,1,1,1,10,9,1,0,0,1,0,1,19,0,0,6,8,5,11.666666666666666,0,0,6,9,5,12.666666666666666,0,12.4,0.5,1.79,Graduate,10,0.8333333333333334,0.8333333333333334,1.0,0
STD_0689,3,12,1,17,0,1,1,22,1,10,3,0,0,0,1,1,0,43,0,0,5,5,5,11.8,0,0,5,6,5,14.0,0,9.4,-0.8,-3.12,Graduate,10,1.0,1.0,2.1999999999999993,0
STD_2425,1,12,2,7,1,1,1,22,27,6,6,0,0,0,1,1,0,30,0,0,2,2,0,0.0,0,0,2,2,0,0.0,0,7.6,2.6,0.32,Dropout,0,0.0,0.0,0.0,1
STD_4326,2,4,1,3,0,3,1,13,28,4,8,0,0,0,1,0,0,32,0,8,14,18,13,12.846153846153848,0,7,11,19,10,12.8,0,10.8,1.4,1.74,Graduate,23,0.9285714285714286,0.9090909090909091,-0.046153846153847766,0
STD_1554,1,1,2,6,1,1,1,1,28,6,6,1,0,0,1,0,0,18,0,0,5,10,5,14.333333333333334,2,0,5,8,5,13.0,1,9.4,-0.8,-3.12,Graduate,10,1.0,1.0,-1.333333333333334,0
STD_3945,5,12,1,4,1,1,1,1,1,5,9,0,0,1,0,0,0,27,0,0,6,6,0,0.0,0,0,6,7,0,0.0,0,8.9,1.4,3.51,Dropout,0,0.0,0.0,0.0,1
STD_3771,1,15,1,8,1,14,1,1,14,5,9,0,0,0,1,0,0,19,0,0,6,0,0,0.0,0,0,6,0,0,0.0,0,12.7,3.7,-1.7,Dropout,0,0.0,0.0,0.0,1
STD_0481,1,1,1,12,1,1,1,1,1,5,5,0,0,0,1,0,0,19,0,0,7,10,6,11.614285714285714,0,0,8,8,8,14.0375,0,13.9,-0.3,0.79,Graduate,14,0.8571428571428571,1.0,2.4232142857142858,0
STD_3766,1,1,1,12,1,1,1,22,28,7,7,1,0,0,1,0,1,22,0,0,7,9,6,13.081666666666669,0,0,8,12,6,13.15,0,11.1,0.6,2.02,Graduate,12,0.8571428571428571,0.75,0.06833333333333158,0
STD_1346,1,1,3,6,1,1,1,1,3,5,5,1,0,0,1,0,0,18,0,0,6,8,6,14.0,0,0,6,9,6,13.333333333333334,0,8.9,1.4,3.51,Graduate,12,1.0,1.0,-0.6666666666666661,0
STD_4265,1,15,1,4,1,14,1,22,14,10,10,0,0,0,1,1,1,24,0,0,6,9,6,13.555555555555555,0,0,6,7,6,12.666666666666666,0,13.9,-0.3,0.79,Graduate,12,1.0,1.0,-0.8888888888888893,0
STD_2262,1,14,1,9,1,1,1,1,1,5,5,0,0,0,1,1,0,22,0,0,5,6,0,0.0,0,0,5,8,2,11.5,0,15.5,2.8,-4.06,Dropout,2,0.0,0.4,11.5,1
STD_0224,1,16,1,12,1,1,1,13,1,6,10,0,0,0,1,0,1,19,0,0,7,9,5,13.85,0,0,8,9,7,12.19285714285714,0,11.1,0.6,2.02,Graduate,12,0.7142857142857143,0.875,-1.6571428571428601,0
STD_1295,2,12,1,4,1,1,1,1,31,10,4,0,0,1,0,1,0,34,0,0,6,7,0,0.0,0,0,6,0,0,0.0,0,12.4,0.5,1.79,Dropout,0,0.0,0.0,0.0,1
STD_1779,1,1,1,9,1,1,1,22,28,8,8,1,0,0,1,1,0,23,0,0,5,8,4,11.4,0,0,5,7,4,11.0,0,11.1,0.6,2.02,Graduate,8,0.8,0.8,-0.40000000000000036,0
STD_3432,1,1,3,12,1,1,1,1,1,5,5,1,0,0,1,0,0,18,0,0,8,8,7,14.2,0,0,8,8,7,14.2,0,12.7,3.7,-1.7,Graduate,14,0.875,0.875,0.0,0
STD_1438,2,12,1,3,0,1,1,22,27,10,10,0,0,0,1,0,0,35,0,0,6,7,6,12.5,0,0,6,6,6,12.166666666666666,0,15.5,2.8,-4.06,Graduate,12,1.0,1.0,-0.3333333333333339,0
STD_1982,1,8,1,10,1,1,1,13,14,8,8,1,0,0,1,0,1,18,0,0,6,9,6,11.333333333333334,0,0,6,9,6,11.833333333333334,0,8.9,1.4,3.51,Graduate,12,1.0,1.0,0.5,0
STD_2010,1,1,6,15,1,1,1,1,1,12,12,0,0,0,1,0,0,22,0,0,6,0,0,0.0,0,0,6,0,0,0.0,0,7.6,2.6,0.32,Dropout,0,0.0,0.0,0.0,1
STD_3060,1,1,3,12,1,1,1,13,27,10,10,1,0,0,1,0,1,19,0,0,8,8,7,14.232857142857142,0,0,8,8,7,14.232857142857142,0,10.8,1.4,1.74,Graduate,14,0.875,0.875,0.0,0
STD_0228,1,1,1,10,1,1,1,1,1,10,10,0,0,0,1,0,1,20,0,0,6,6,6,12.0,0,0,6,7,6,12.857142857142858,0,11.1,0.6,2.02,Graduate,12,1.0,1.0,0.8571428571428577,0
STD_4249,2,12,1,12,1,3,1,1,1,5,7,0,0,1,0,0,0,30,0,3,7,11,3,12.333333333333334,0,3,7,9,3,11.666666666666666,0,13.9,-0.3,0.79,Dropout,6,0.42857142857142855,0.42857142857142855,-0.6666666666666679,1
STD_1525,1,1,1,2,1,1,1,3,2,3,3,1,0,0,1,1,0,18,0,0,0,0,0,0.0,0,0,0,0,0,0.0,0,7.6,2.6,0.32,Enrolled,0,0.0,0.0,0.0,0
STD_0618,1,8,1,12,1,1,1,22,27,10,9,1,0,0,1,0,0,20,0,0,7,8,7,12.847142857142858,0,0,8,10,8,13.788888888888888,0,16.2,0.3,-0.92,Graduate,15,1.0,1.0,0.94174603174603,0
STD_1841,1,5,1,15,1,1,9,23,27,1,6,1,0,0,1,0,0,18,1,0,6,12,0,0.0,1,0,6,0,0,0.0,0,9.4,-0.8,-3.12,Dropout,0,0.0,0.0,0.0,1
STD_3000,4,12,1,3,0,1,1,13,14,12,12,0,0,0,0,0,0,37,0,0,4,4,0,0.0,0,0,5,10,0,0.0,0,10.8,1.4,1.74,Dropout,0,0.0,0.0,0.0,1
STD_0163,1,1,2,12,1,1,1,13,14,10,10,1,0,0,1,0,0,18,0,0,7,8,7,14.91875,0,0,8,8,8,15.355,0,15.5,2.8,-4.06,Graduate,15,1.0,1.0,0.43625000000000114,0
STD_1249,1,17,1,14,1,16,1,13,27,4,7,1,0,1,1,0,0,21,0,0,6,12,1,12.0,0,0,6,11,1,11.0,0,8.9,1.4,3.51,Enrolled,2,0.16666666666666666,0.16666666666666666,-1.0,0
STD_3437,1,1,1,15,1,1,1,1,28,5,8,0,0,0,1,0,1,18,0,0,6,7,6,13.428571428571429,0,0,6,10,6,13.5,0,13.9,-0.3,0.79,Graduate,12,1.0,1.0,0.07142857142857117,0
STD_3709,1,8,4,5,1,1,1,1,1,10,11,1,0,1,0,1,0,19,0,0,6,6,6,12.666666666666666,0,0,6,8,5,11.8,0,11.1,0.6,2.02,Dropout,11,1.0,0.8333333333333334,-0.8666666666666654,1
STD_2021,1,13,1,4,1,1,1,13,1,10,6,1,0,0,0,1,0,27,0,0,6,10,0,0.0,0,0,6,8,0,0.0,0,15.5,2.8,-4.06,Dropout,0,0.0,0.0,0.0,1
STD_4067,1,1,1,13,1,1,1,13,28,10,10,1,0,0,1,0,1,20,0,0,7,10,7,11.88888888888889,0,0,8,10,8,11.95625,0,12.7,3.7,-1.7,Graduate,15,1.0,1.0,0.06736111111111143,0
STD_1811,1,12,1,11,1,1,1,22,27,10,10,0,0,0,1,1,0,26,0,0,6,7,6,12.428571428571429,0,0,6,6,6,12.833333333333334,0,7.6,2.6,0.32,Graduate,12,1.0,1.0,0.4047619047619051,0
STD_3242,2,14,1,10,1,9,1,22,27,10,10,0,0,0,1,0,0,34,0,9,16,20,14,12.071428571428571,1,11,13,13,11,12.272727272727272,0,7.6,2.6,0.32,Graduate,25,0.875,0.8461538461538461,0.20129870129870042,0
STD_0034,1,9,1,3,0,1,1,13,1,10,6,1,0,0,1,0,0,19,0,0,6,6,6,12.666666666666666,0,0,6,8,6,14.375,0,12.4,0.5,1.79,Graduate,12,1.0,1.0,1.708333333333334,0
STD_1162,4,4,1,12,1,15,1,22,27,4,4,1,0,0,1,0,0,32,0,0,7,16,4,13.625,0,0,7,8,7,12.6375,0,12.4,0.5,1.79,Enrolled,11,0.5714285714285714,1.0,-0.9875000000000007,0
STD_2452,1,12,1,4,1,1,1,1,3,10,11,0,0,1,0,1,0,44,0,2,7,14,4,12.0,2,0,6,16,0,0.0,1,15.5,2.8,-4.06,Dropout,4,0.5714285714285714,0.0,-12.0,1
STD_3620,1,8,1,10,1,1,1,13,27,10,10,1,0,0,1,0,1,21,0,0,6,7,6,13.333333333333334,0,0,6,7,6,13.5,0,12.4,0.5,1.79,Graduate,12,1.0,1.0,0.16666666666666607,0
STD_1012,1,8,1,12,1,1,1,13,1,5,4,1,0,0,1,0,0,20,0,0,7,9,6,11.605,0,0,8,10,7,12.4125,0,16.2,0.3,-0.92,Graduate,13,0.8571428571428571,0.875,0.8074999999999992,0
STD_1212,1,8,1,10,1,1,1,1,1,10,10,0,0,0,1,0,1,20,0,0,6,11,4,10.75,0,0,6,13,5,11.5,0,15.5,2.8,-4.06,Enrolled,9,0.6666666666666666,0.8333333333333334,0.75,0
STD_0070,1,12,1,11,1,1,1,13,27,8,11,0,0,0,1,1,0,26,0,0,6,7,6,12.0,0,0,6,8,5,10.8,0,12.7,3.7,-1.7,Enrolled,11,1.0,0.8333333333333334,-1.1999999999999993,0
STD_1979,1,15,1,6,1,1,1,1,2,4,4,0,0,0,1,0,0,20,0,0,6,7,6,14.285714285714286,0,0,6,9,3,13.0,0,13.9,-0.3,0.79,Enrolled,9,1.0,0.5,-1.2857142857142865,0
STD_2333,1,12,1,4,1,1,1,1,14,5,11,0,0,0,1,1,0,34,0,0,6,15,5,13.333333333333334,0,0,6,15,5,12.4,0,12.4,0.5,1.79,Graduate,10,0.8333333333333334,0.8333333333333334,-0.9333333333333336,0
STD_4084,1,4,1,17,0,3,1,3,14,3,4,0,0,0,1,0,0,28,0,0,5,7,5,13.714285714285714,0,0,5,7,5,13.142857142857142,0,16.2,0.3,-0.92,Graduate,10,1.0,1.0,-0.5714285714285712,0
STD_0612,2,1,1,3,0,1,1,1,27,5,8,1,0,0,1,0,0,24,0,0,6,9,5,13.0,0,0,6,6,6,14.166666666666666,0,9.4,-0.8,-3.12,Graduate,11,0.8333333333333334,1.0,1.166666666666666,0
STD_3503,1,6,1,14,1,1,1,22,10,10,10,1,0,0,0,1,0,19,0,0,6,6,6,13.0,0,0,6,8,6,13.0,0,13.9,-0.3,0.79,Graduate,12,1.0,1.0,0.0,0
STD_4168,1,8,2,5,1,1,1,13,28,5,8,1,0,0,1,0,0,19,0,0,6,6,6,14.333333333333334,0,0,6,6,6,13.5,0,9.4,-0.8,-3.12,Graduate,12,1.0,1.0,-0.8333333333333339,0
STD_1410,1,6,1,9,1,1,1,23,1,10,2,0,0,0,1,1,0,19,0,0,5,5,5,10.6,0,0,5,8,5,11.6,0,12.4,0.5,1.79,Graduate,10,1.0,1.0,1.0,0
STD_3910,1,12,1,7,1,1,1,22,27,12,12,1,0,0,1,0,0,34,0,0,5,5,0,0.0,0,0,5,6,0,0.0,0,10.8,1.4,1.74,Dropout,0,0.0,0.0,0.0,1
STD_2658,1,8,2,16,1,1,1,1,14,10,10,1,0,0,1,1,1,20,0,0,6,6,6,12.0,0,0,6,7,6,12.5,0,7.6,2.6,0.32,Enrolled,12,1.0,1.0,0.5,0
STD_3139,1,1,1,15,1,1,1,13,14,5,4,0,0,0,1,0,0,19,0,0,6,6,6,13.166666666666666,0,0,6,6,6,15.0,0,16.2,0.3,-0.92,Graduate,12,1.0,1.0,1.833333333333334,0
STD_2159,1,1,2,16,1,1,1,3,1,4,6,0,0,0,1,0,0,21,0,0,6,8,5,13.2,0,0,6,9,5,14.333333333333334,0,9.4,-0.8,-3.12,Graduate,10,0.8333333333333334,0.8333333333333334,1.1333333333333346,0
STD_2782,1,1,1,16,1,1,1,19,27,10,10,1,0,1,0,0,0,20,0,0,6,12,3,10.333333333333334,0,0,6,14,1,11.0,0,10.8,1.4,1.74,Dropout,4,0.5,0.16666666666666666,0.6666666666666661,1
STD_1601,1,1,4,2,1,1,1,1,1,1,4,1,0,0,1,1,0,18,0,0,0,0,0,0.0,0,0,0,0,0,0.0,0,11.1,0.6,2.02,Graduate,0,0.0,0.0,0.0,0
STD_4156,1,1,5,6,1,1,1,3,14,3,4,1,0,0,1,0,0,19,0,0,6,12,5,15.0,0,0,6,9,6,13.428571428571429,0,16.2,0.3,-0.92,Graduate,11,0.8333333333333334,1.0,-1.5714285714285712,0
STD_1919,1,1,2,5,1,1,1,13,27,10,10,1,0,0,1,0,1,22,0,0,6,10,5,10.8,0,0,6,7,5,12.8,0,12.7,3.7,-1.7,Graduate,10,0.8333333333333334,0.8333333333333334,2.0,0
STD_3355,1,1,1,12,1,1,1,23,27,10,10,0,0,0,1,1,1,18,0,0,8,8,8,15.3,0,0,8,8,8,15.3,0,9.4,-0.8,-3.12,Graduate,16,1.0,1.0,0.0,0
STD_3117,1,1,5,12,1,1,1,22,27,8,10,1,0,1,0,0,0,18,0,0,7,0,0,0.0,0,0,8,0,0,0.0,0,9.4,-0.8,-3.12,Dropout,0,0.0,0.0,0.0,1
STD_0307,1,8,4,14,1,1,1,1,14,6,6,1,0,0,1,0,0,18,0,0,6,8,6,11.875,0,0,6,11,4,14.6,0,11.1,0.6,2.02,Graduate,10,1.0,0.6666666666666666,2.7249999999999996,0
STD_2683,1,4,1,17,0,3,1,22,27,7,8,0,0,1,0,1,0,46,0,0,5,5,0,0.0,0,0,5,5,1,10.0,0,11.1,0.6,2.02,Dropout,1,0.0,0.2,10.0,1
STD_2669,2,12,1,12,1,12,1,22,28,10,8,1,0,0,1,1,0,43,0,0,8,8,7,11.635714285714286,0,0,8,8,7,11.635714285714286,0,10.8,1.4,1.74,Enrolled,14,0.875,0.875,0.0,0
STD_3349,1,12,1,4,1,1,1,23,27,10,5,0,0,0,1,1,0,30,0,0,6,10,6,11.375,0,0,6,10,5,11.6,0,13.9,-0.3,0.79,Graduate,11,1.0,0.8333333333333334,0.22499999999999964,0
STD_4175,1,1,1,10,1,1,1,22,27,6,7,0,0,0,1,0,1,21,0,0,6,6,6,13.333333333333334,0,0,6,8,6,13.166666666666666,0,9.4,-0.8,-3.12,Graduate,12,1.0,1.0,-0.16666666666666785,0
STD_1546,1,8,1,5,1,1,1,1,27,5,10,1,0,0,1,0,0,19,0,0,6,10,4,12.0,1,0,6,6,6,12.5,0,7.6,2.6,0.32,Graduate,10,0.6666666666666666,1.0,0.5,0
STD_4379,2,12,1,16,1,12,1,22,27,10,10,0,0,0,1,0,1,32,0,0,7,10,7,13.428571428571429,0,2,8,8,8,13.25,0,13.9,-0.3,0.79,Graduate,15,1.0,1.0,-0.17857142857142883,0
STD_4167,1,9,1,17,0,1,1,23,28,6,6,0,0,0,1,0,1,21,0,0,5,6,4,12.25,0,0,5,8,4,11.8,0,10.8,1.4,1.74,Enrolled,8,0.8,0.8,-0.4499999999999993,0
STD_3067,1,15,1,5,1,14,1,1,1,5,11,1,0,0,1,0,0,19,0,2,7,11,6,12.0,0,5,9,9,8,12.75,0,16.2,0.3,-0.92,Graduate,14,0.8571428571428571,0.8888888888888888,0.75,0
STD_2519,1,8,1,11,1,1,1,13,29,6,5,0,0,0,1,0,1,18,0,0,6,8,6,12.666666666666666,0,0,6,6,6,13.0,0,13.9,-0.3,0.79,Graduate,12,1.0,1.0,0.3333333333333339,0
STD_3981,1,8,6,10,1,1,1,1,28,5,8,0,0,0,1,0,1,18,0,0,6,7,6,12.142857142857142,0,0,6,6,6,13.333333333333334,0,13.9,-0.3,0.79,Graduate,12,1.0,1.0,1.1904761904761916,0
STD_4419,1,15,1,5,1,14,1,3,28,4,10,0,0,0,1,1,0,20,0,2,7,7,6,12.5,0,5,9,10,7,13.142857142857142,1,16.2,0.3,-0.92,Graduate,13,0.8571428571428571,0.7777777777777778,0.6428571428571423,0
STD_0484,1,15,1,6,1,14,1,23,28,10,8,0,0,0,1,0,0,20,0,2,6,9,6,12.666666666666666,0,1,6,12,2,13.0,0,13.9,-0.3,0.79,Enrolled,8,1.0,0.3333333333333333,0.3333333333333339,0
STD_0896,2,15,1,17,0,14,1,1,27,5,10,0,0,0,0,0,0,21,0,0,5,12,3,11.333333333333334,0,0,5,10,1,13.0,0,15.5,2.8,-4.06,Dropout,4,0.6,0.2,1.666666666666666,1
STD_2404,1,1,1,12,1,1,1,23,27,6,11,1,0,0,1,1,0,19,0,0,8,8,7,15.885714285714286,0,0,8,8,7,15.885714285714286,0,10.8,1.4,1.74,Graduate,14,0.875,0.875,0.0,0
STD_4281,1,12,1,17,0,1,1,13,27,10,8,0,0,0,1,1,0,27,0,0,5,7,1,11.0,0,0,5,7,0,0.0,0,13.9,-0.3,0.79,Dropout,1,0.2,0.0,-11.0,1
STD_0696,1,1,1,9,1,1,1,3,1,6,6,1,0,1,1,1,0,18,0,0,5,15,4,13.333333333333334,0,0,5,6,2,13.5,0,13.9,-0.3,0.79,Dropout,6,0.8,0.4,0.16666666666666607,1
STD_1705,1,12,1,14,1,1,1,1,14,5,10,0,0,0,1,1,1,25,0,0,6,8,6,12.285714285714286,0,0,6,6,6,13.0,0,15.5,2.8,-4.06,Graduate,12,1.0,1.0,0.7142857142857135,0
STD_0650,1,1,1,14,1,1,1,1,28,6,2,1,0,0,1,0,0,20,0,0,5,6,4,11.5,0,0,5,5,4,10.75,0,9.4,-0.8,-3.12,Graduate,8,0.8,0.8,-0.75,0
STD_1644,1,8,2,3,0,1,1,22,14,10,10,0,0,0,1,0,0,20,0,0,6,8,5,12.0,0,0,6,8,6,11.0,0,10.8,1.4,1.74,Graduate,11,0.8333333333333334,1.0,-1.0,0
STD_1115,1,1,1,12,1,1,1,13,14,10,8,0,0,0,1,0,1,19,0,0,7,12,6,13.766666666666666,0,0,8,10,7,14.051428571428572,0,15.5,2.8,-4.06,Graduate,13,0.8571428571428571,0.875,0.2847619047619059,0
STD_2636,1,12,2,13,1,1,1,3,1,3,5,0,0,0,1,1,0,26,0,0,7,7,2,11.75,0,0,5,10,0,0.0,0,12.4,0.5,1.79,Dropout,2,0.2857142857142857,0.0,-11.75,1
STD_0125,1,1,1,6,1,1,1,13,28,5,8,1,0,0,1,0,0,19,0,0,6,15,6,14.166666666666666,0,0,6,13,6,12.2,0,15.5,2.8,-4.06,Graduate,12,1.0,1.0,-1.9666666666666668,0
STD_2322,1,14,1,5,1,1,1,1,2,5,3,0,0,0,1,1,0,38,0,1,6,9,5,16.0,1,0,6,11,4,16.5,0,13.9,-0.3,0.79,Enrolled,9,0.8333333333333334,0.6666666666666666,0.5,0
STD_4257,1,12,1,12,1,1,1,1,14,5,9,0,0,0,1,0,0,24,0,0,8,8,7,12.412857142857144,0,0,8,8,7,12.412857142857144,0,10.8,1.4,1.74,Graduate,14,0.875,0.875,0.0,0
STD_2047,1,1,2,12,1,1,1,22,1,8,8,1,0,0,1,0,0,19,0,0,7,0,0,0.0,0,0,8,0,0,0.0,0,13.9,-0.3,0.79,Dropout,0,0.0,0.0,0.0,1
STD_1107,1,1,2,12,1,1,1,19,24,1,1,1,0,0,1,0,1,20,0,0,8,8,7,14.901428571428571,1,0,8,8,7,14.901428571428571,1,9.4,-0.8,-3.12,Dropout,14,0.875,0.875,0.0,1
STD_3963,1,8,3,12,1,1,1,22,27,5,4,1,0,0,1,0,0,20,0,0,7,7,6,13.383333333333333,0,0,7,7,6,13.383333333333333,0,7.6,2.6,0.32,Graduate,12,0.8571428571428571,0.8571428571428571,0.0,0
STD_2203,1,8,2,11,1,1,1,13,28,7,7,1,0,0,1,1,0,19,0,0,6,8,5,11.2,0,0,6,11,4,12.5,0,15.5,2.8,-4.06,Graduate,9,0.8333333333333334,0.6666666666666666,1.3000000000000007,0
STD_1356,1,1,1,6,1,1,1,1,10,5,6,0,0,0,1,0,0,20,0,0,6,10,6,13.428571428571429,0,0,6,11,5,12.666666666666666,0,13.9,-0.3,0.79,Enrolled,11,1.0,0.8333333333333334,-0.7619047619047628,0
STD_1577,2,12,2,14,1,12,1,22,27,10,10,0,0,0,1,0,0,46,0,0,6,10,5,11.4,0,0,6,9,4,13.75,0,12.4,0.5,1.79,Dropout,9,0.8333333333333334,0.6666666666666666,2.3499999999999996,1
STD_1755,1,8,5,7,1,1,1,3,1,3,10,1,0,1,0,1,0,20,0,0,5,5,0,0.0,0,0,5,5,0,0.0,0,8.9,1.4,3.51,Dropout,0,0.0,0.0,0.0,1
STD_3003,1,1,3,15,1,1,1,3,1,6,4,1,0,0,1,0,1,19,0,0,6,7,6,14.0,0,0,6,8,5,12.2,0,13.9,-0.3,0.79,Dropout,11,1.0,0.8333333333333334,-1.8000000000000007,1
STD_1571,2,1,1,3,0,1,1,22,27,10,10,1,0,0,1,0,0,45,0,8,12,14,12,14.0,0,2,7,12,7,13.857142857142858,0,7.6,2.6,0.32,Enrolled,19,1.0,1.0,-0.14285714285714235,0
STD_2809,1,1,1,15,1,1,1,1,28,10,10,0,0,0,1,0,1,18,0,0,6,6,6,12.166666666666666,0,0,6,8,6,12.666666666666666,0,12.4,0.5,1.79,Graduate,12,1.0,1.0,0.5,0
STD_4297,1,15,1,5,1,14,1,1,28,6,6,1,1,0,1,1,1,21,0,2,7,7,4,11.5,0,5,9,10,7,12.142857142857142,0,12.4,0.5,1.79,Graduate,11,0.5714285714285714,0.7777777777777778,0.6428571428571423,0
STD_1714,1,15,1,6,1,14,1,1,3,10,5,0,0,1,0,0,0,24,0,2,6,11,4,12.5,0,1,6,18,2,11.5,0,12.4,0.5,1.79,Enrolled,6,0.6666666666666666,0.3333333333333333,-1.0,0
STD_3116,1,1,1,10,1,1,1,13,28,6,9,0,0,0,1,0,1,19,0,0,6,6,6,15.0,0,0,6,6,6,13.333333333333334,0,8.9,1.4,3.51,Graduate,12,1.0,1.0,-1.666666666666666,0
STD_3252,1,8,4,9,1,1,1,23,27,7,8,1,0,0,1,0,1,18,0,0,5,12,4,10.714285714285714,0,0,5,9,4,11.0,0,13.9,-0.3,0.79,Graduate,8,0.8,0.8,0.2857142857142865,0
STD_3092,1,8,1,16,1,1,1,23,28,10,8,1,0,0,1,0,1,20,0,0,6,10,5,13.2,0,0,6,12,5,12.833333333333334,0,9.4,-0.8,-3.12,Enrolled,10,0.8333333333333334,0.8333333333333334,-0.36666666666666536,0
STD_2568,1,12,1,3,0,1,1,13,1,10,9,0,0,0,1,0,0,26,0,0,6,14,3,10.666666666666666,1,0,6,9,5,11.2,0,15.5,2.8,-4.06,Enrolled,8,0.5,0.8333333333333334,0.5333333333333332,0
STD_0370,1,1,6,12,1,1,1,13,14,10,6,1,0,0,1,0,0,18,0,0,8,8,7,13.414285714285716,0,0,8,8,7,13.414285714285716,0,12.7,3.7,-1.7,Dropout,14,0.875,0.875,0.0,1
STD_2517,1,8,1,5,1,1,1,1,1,2,6,0,0,0,1,0,1,22,0,0,6,7,6,12.166666666666666,0,0,6,9,4,12.0,0,9.4,-0.8,-3.12,Graduate,10,1.0,0.6666666666666666,-0.16666666666666607,0
STD_1876,1,1,1,12,1,1,1,22,27,10,10,0,0,0,1,1,0,24,0,0,7,7,6,13.3,0,0,7,7,6,13.3,0,7.6,2.6,0.32,Graduate,12,0.8571428571428571,0.8571428571428571,0.0,0
STD_0834,2,12,1,8,1,1,1,22,27,10,7,0,0,0,1,1,0,31,0,1,6,11,2,12.0,1,1,6,12,1,10.0,1,16.2,0.3,-0.92,Dropout,3,0.3333333333333333,0.16666666666666666,-2.0,1
STD_1642,1,1,2,5,1,1,1,23,28,10,8,1,0,0,1,0,0,18,0,0,6,7,6,14.166666666666666,0,0,6,7,6,14.857142857142858,0,9.4,-0.8,-3.12,Graduate,12,1.0,1.0,0.6904761904761916,0
STD_2445,1,1,1,16,1,1,1,19,24,1,1,0,0,0,1,1,0,20,0,0,6,12,0,0.0,0,0,6,12,0,0.0,0,7.6,2.6,0.32,Dropout,0,0.0,0.0,0.0,1
STD_3162,1,1,1,11,1,1,14,1,1,10,10,1,0,0,1,0,1,20,1,0,6,7,6,12.857142857142858,0,0,6,8,5,11.8,0,8.9,1.4,3.51,Graduate,11,1.0,0.8333333333333334,-1.057142857142857,0
STD_3205,1,8,5,15,1,1,1,23,1,5,5,1,0,0,1,1,0,18,0,0,6,6,6,13.0,0,0,6,12,0,0.0,0,7.6,2.6,0.32,Dropout,6,1.0,0.0,-13.0,1
STD_3837,1,14,1,15,1,1,1,1,3,10,4,0,0,0,0,1,0,22,0,0,4,4,0,0.0,4,0,5,8,3,12.0,0,10.8,1.4,1.74,Dropout,3,0.0,0.6,12.0,1
STD_1970,1,1,4,14,1,1,1,1,2,5,8,1,0,0,1,0,0,18,0,0,6,7,6,13.666666666666666,0,0,6,9,5,15.4,0,13.9,-0.3,0.79,Graduate,11,1.0,0.8333333333333334,1.7333333333333343,0
STD_0711,2,12,1,17,0,12,1,23,28,12,12,1,0,0,1,1,0,45,0,0,5,5,0,0.0,0,0,5,5,0,0.0,0,7.6,2.6,0.32,Dropout,0,0.0,0.0,0.0,1
STD_3144,1,8,1,12,1,1,1,22,27,10,10,0,0,0,1,0,1,19,0,0,8,8,7,15.114285714285714,0,0,8,8,7,15.114285714285714,0,12.7,3.7,-1.7,Graduate,14,0.875,0.875,0.0,0
STD_1976,1,16,1,5,1,1,1,1,1,5,5,1,0,0,1,0,0,21,0,3,10,10,10,13.0,0,5,11,11,10,11.4,0,11.1,0.6,2.02,Dropout,20,1.0,0.9090909090909091,-1.5999999999999996,1
STD_2663,1,1,1,12,1,1,1,1,14,4,6,0,0,0,0,1,0,20,0,0,7,11,4,12.6,0,0,7,7,4,11.575,0,16.2,0.3,-0.92,Dropout,8,0.5714285714285714,0.5714285714285714,-1.0250000000000004,1
STD_0349,2,12,1,10,1,1,1,22,27,10,10,0,0,0,1,0,0,44,0,0,6,8,6,13.0,0,0,6,6,6,13.833333333333334,0,12.7,3.7,-1.7,Graduate,12,1.0,1.0,0.8333333333333339,0
STD_3248,1,8,5,6,1,1,1,1,28,5,8,1,0,0,1,0,1,20,0,0,6,7,6,15.428571428571429,0,0,6,7,6,13.5,0,13.9,-0.3,0.79,Graduate,12,1.0,1.0,-1.9285714285714288,0
STD_0476,1,1,1,14,1,1,1,1,14,4,6,1,0,0,1,0,0,21,0,0,5,8,4,11.5,0,0,5,5,5,12.8,0,7.6,2.6,0.32,Graduate,9,0.8,1.0,1.3000000000000007,0
STD_0946,1,8,2,11,1,1,1,22,27,8,8,1,0,0,1,0,0,18,0,0,6,6,6,13.166666666666666,0,0,6,6,6,12.666666666666666,0,11.1,0.6,2.02,Graduate,12,1.0,1.0,-0.5,0
STD_1216,1,1,1,12,1,1,1,3,28,4,8,0,0,0,1,0,1,18,0,0,7,7,7,16.9,0,0,8,9,8,16.37777777777778,0,16.2,0.3,-0.92,Graduate,15,1.0,1.0,-0.5222222222222186,0
STD_0433,1,8,2,9,1,1,1,23,28,7,9,1,0,0,1,0,1,19,0,0,5,6,5,13.4,0,0,5,5,5,12.4,0,12.4,0.5,1.79,Graduate,10,1.0,1.0,-1.0,0
STD_4386,1,1,1,10,1,1,1,13,14,31,45,0,0,0,1,0,0,19,0,0,6,0,0,0.0,0,0,6,0,0,0.0,0,12.4,0.5,1.79,Dropout,0,0.0,0.0,0.0,1
STD_3048,1,1,4,15,1,1,1,22,27,1,12,1,0,0,1,0,0,18,0,0,6,6,6,13.166666666666666,0,0,6,8,5,14.2,0,10.8,1.4,1.74,Dropout,11,1.0,0.8333333333333334,1.0333333333333332,1
STD_1206,1,4,1,9,1,3,1,23,28,2,10,0,0,0,1,0,0,27,0,0,5,9,3,12.0,0,0,5,11,4,13.625,0,10.8,1.4,1.74,Graduate,7,0.6,0.8,1.625,0
STD_3517,1,8,1,2,1,1,1,3,10,3,10,1,0,1,1,1,0,19,0,0,0,0,0,0.0,0,0,0,0,0,0.0,0,10.8,1.4,1.74,Dropout,0,0.0,0.0,0.0,1
STD_3787,1,8,2,2,1,1,14,1,1,3,4,1,0,0,1,1,0,20,1,0,0,0,0,0.0,0,0,0,0,0,0.0,0,11.1,0.6,2.02,Dropout,0,0.0,0.0,0.0,1
STD_4384,1,12,2,3,0,1,1,22,27,10,10,0,0,0,1,0,0,29,0,0,6,7,6,13.166666666666666,0,0,6,8,6,15.625,0,12.4,0.5,1.79,Graduate,12,1.0,1.0,2.458333333333334,0
STD_3307,2,14,1,11,1,3,1,23,27,10,4,1,0,0,1,0,0,33,0,9,12,22,10,13.3,0,9,11,11,11,13.727272727272728,0,9.4,-0.8,-3.12,Graduate,21,0.8333333333333334,1.0,0.4272727272727277,0
STD_3088,1,1,6,9,1,1,1,13,10,5,5,1,0,0,1,0,0,18,0,0,5,8,3,12.333333333333334,0,0,5,7,4,12.0,0,7.6,2.6,0.32,Graduate,7,0.6,0.8,-0.3333333333333339,0
STD_0137,1,8,1,14,1,1,1,13,14,6,6,1,0,0,1,0,0,20,0,0,5,7,4,12.2,0,0,5,5,4,11.5,0,7.6,2.6,0.32,Graduate,8,0.8,0.8,-0.6999999999999993,0
STD_1086,1,8,2,8,1,1,1,3,1,3,2,0,0,0,1,0,0,19,0,0,6,0,0,0.0,0,0,6,0,0,0.0,0,15.5,2.8,-4.06,Dropout,0,0.0,0.0,0.0,1
STD_1466,1,14,4,3,0,1,1,19,24,1,1,0,0,0,1,1,0,21,0,9,11,11,11,12.454545454545457,0,3,11,17,8,12.75,0,9.4,-0.8,-3.12,Graduate,19,1.0,0.7272727272727273,0.2954545454545432,0
STD_1920,1,14,1,14,1,1,1,13,14,2,2,0,0,1,1,0,0,20,0,0,6,12,5,12.2,0,0,6,8,5,14.6,0,13.9,-0.3,0.79,Enrolled,10,0.8333333333333334,0.8333333333333334,2.4000000000000004,0
STD_3468,1,8,1,16,1,1,1,13,14,4,5,0,0,0,1,0,0,29,0,2,8,10,7,11.142857142857142,0,2,8,11,8,11.375,0,12.7,3.7,-1.7,Graduate,15,0.875,1.0,0.23214285714285765,0
STD_3536,1,16,1,17,0,14,1,1,4,5,11,0,0,0,1,1,0,28,0,13,15,17,13,12.0,0,9,13,13,9,11.333333333333334,0,8.9,1.4,3.51,Dropout,22,0.8666666666666667,0.6923076923076923,-0.6666666666666661,1
STD_3762,1,4,1,10,1,3,1,1,1,5,11,0,0,1,0,0,0,27,0,0,6,8,0,0.0,0,0,5,6,0,0.0,0,16.2,0.3,-0.92,Dropout,0,0.0,0.0,0.0,1
STD_2612,1,8,2,15,1,1,1,1,1,6,6,1,0,0,1,1,0,20,0,0,6,12,4,14.75,0,0,6,7,4,12.25,0,9.4,-0.8,-3.12,Graduate,8,0.6666666666666666,0.6666666666666666,-2.5,0
STD_3035,1,1,1,6,1,1,1,3,4,3,3,0,0,0,1,0,0,18,0,0,5,12,5,12.8,2,0,5,10,5,11.857142857142858,1,9.4,-0.8,-3.12,Graduate,10,1.0,1.0,-0.9428571428571431,0
STD_4142,1,4,1,5,1,3,1,3,5,3,3,1,0,0,1,0,0,32,0,0,3,3,2,16.0,0,0,3,3,1,16.0,0,7.6,2.6,0.32,Dropout,3,0.6666666666666666,0.3333333333333333,0.0,1
STD_1548,2,12,1,17,0,7,1,19,24,1,1,0,0,0,0,0,0,39,0,0,5,5,0,0.0,0,0,5,5,0,0.0,0,7.6,2.6,0.32,Dropout,0,0.0,0.0,0.0,1
STD_2373,1,8,3,2,1,1,1,3,29,3,6,1,1,0,1,1,0,22,0,0,0,0,0,0.0,0,0,0,0,0,0.0,0,10.8,1.4,1.74,Enrolled,0,0.0,0.0,0.0,0
STD_2220,1,1,1,5,1,1,1,22,1,10,9,1,0,0,1,1,0,22,0,0,6,9,6,14.666666666666666,0,0,6,12,6,14.666666666666666,0,12.7,3.7,-1.7,Graduate,12,1.0,1.0,0.0,0
STD_2417,1,8,2,5,1,1,1,22,27,10,10,1,1,0,1,1,1,25,0,0,6,8,4,10.25,0,0,6,6,4,11.25,0,12.7,3.7,-1.7,Dropout,8,0.6666666666666666,0.6666666666666666,1.0,1
STD_1625,1,13,1,16,1,1,1,1,14,5,8,0,0,0,1,0,0,24,0,9,13,17,10,11.5,0,7,13,18,9,10.444444444444445,0,16.2,0.3,-0.92,Dropout,19,0.7692307692307693,0.6923076923076923,-1.0555555555555554,1
STD_2819,2,4,1,3,0,3,1,22,24,1,1,0,0,0,1,0,0,30,0,8,10,11,9,12.666666666666666,0,3,7,7,7,12.428571428571429,1,7.6,2.6,0.32,Graduate,16,0.9,1.0,-0.23809523809523725,0
STD_2405,1,1,1,12,1,1,1,1,28,10,10,0,0,1,0,1,0,21,0,0,7,12,4,12.94,0,0,7,12,4,11.58,0,12.4,0.5,1.79,Dropout,8,0.5714285714285714,0.5714285714285714,-1.3599999999999994,1
STD_2981,1,8,4,15,1,1,1,22,14,6,8,1,0,0,0,0,0,18,0,0,6,7,6,12.5,0,0,6,6,6,12.166666666666666,0,10.8,1.4,1.74,Graduate,12,1.0,1.0,-0.3333333333333339,0
STD_1833,1,8,2,9,1,1,1,22,14,10,9,1,0,0,1,0,1,18,0,0,5,8,5,11.8,0,0,5,10,5,11.6,3,16.2,0.3,-0.92,Graduate,10,1.0,1.0,-0.20000000000000107,0
STD_3647,1,12,1,6,1,1,1,3,3,5,3,1,0,0,1,0,0,26,0,0,6,11,3,11.75,0,0,6,19,4,12.8,0,12.4,0.5,1.79,Enrolled,7,0.5,0.6666666666666666,1.0500000000000007,0
STD_3552,1,12,1,10,1,12,1,22,27,10,10,0,0,1,0,1,0,33,0,0,6,8,0,0.0,0,0,5,6,0,0.0,0,16.2,0.3,-0.92,Dropout,0,0.0,0.0,0.0,1
STD_2282,1,15,1,4,1,14,1,1,28,10,7,0,0,0,1,1,0,21,0,0,6,13,4,11.75,0,0,6,15,4,10.5,0,15.5,2.8,-4.06,Enrolled,8,0.6666666666666666,0.6666666666666666,-1.25,0
STD_1247,1,1,1,10,1,1,1,13,14,10,10,0,0,0,1,0,1,18,0,0,6,8,6,13.5,0,0,6,9,6,12.833333333333334,0,11.1,0.6,2.02,Graduate,12,1.0,1.0,-0.6666666666666661,0
STD_3110,1,1,1,9,1,1,1,1,28,4,10,0,0,0,1,0,1,18,0,0,5,6,5,16.333333333333332,0,0,5,5,5,15.4,0,15.5,2.8,-4.06,Graduate,10,1.0,1.0,-0.9333333333333318,0
STD_3308,1,4,1,3,0,3,1,13,27,6,4,0,0,0,1,0,0,32,0,7,11,13,11,13.454545454545457,0,5,11,13,7,12.428571428571429,0,12.7,3.7,-1.7,Graduate,18,1.0,0.6363636363636364,-1.025974025974028,0
STD_2720,1,1,4,6,1,1,1,3,1,2,5,1,0,0,1,0,1,19,0,0,6,7,6,14.857142857142858,0,0,6,10,6,13.11111111111111,0,12.4,0.5,1.79,Graduate,12,1.0,1.0,-1.746031746031747,0
STD_3917,1,8,1,3,0,1,1,23,27,7,7,0,0,0,1,0,1,24,0,0,6,11,4,12.0,0,0,6,7,6,13.0,0,10.8,1.4,1.74,Graduate,10,0.6666666666666666,1.0,1.0,0
STD_2842,2,12,1,4,1,1,1,22,27,10,7,0,0,0,1,0,0,46,0,14,19,24,19,12.210526315789474,0,11,13,13,13,11.384615384615383,0,15.5,2.8,-4.06,Graduate,32,1.0,1.0,-0.8259109311740911,0
STD_1691,1,4,1,7,1,1,1,19,24,1,1,0,0,0,1,1,0,24,0,0,5,0,0,0.0,0,0,5,0,0,0.0,0,7.6,2.6,0.32,Dropout,0,0.0,0.0,0.0,1
STD_0108,1,1,1,6,1,1,1,1,1,5,5,1,0,0,1,0,0,20,0,0,6,15,4,14.2,0,0,6,17,4,13.25,0,15.5,2.8,-4.06,Dropout,8,0.6666666666666666,0.6666666666666666,-0.9499999999999993,1
STD_0998,1,15,1,6,1,14,3,13,1,7,5,1,0,0,1,0,0,22,1,0,6,12,5,12.8,0,0,6,19,2,11.5,0,12.4,0.5,1.79,Enrolled,7,0.8333333333333334,0.3333333333333333,-1.3000000000000007,0
STD_1912,1,1,2,12,1,1,1,22,27,6,8,1,0,0,1,0,0,20,0,0,8,8,8,12.48375,0,0,8,8,8,12.48375,0,9.4,-0.8,-3.12,Graduate,16,1.0,1.0,0.0,0
STD_2437,1,12,1,4,1,1,1,1,3,3,7,0,0,0,1,1,0,32,0,8,18,27,13,13.714285714285714,1,7,12,18,12,12.083333333333334,0,15.5,2.8,-4.06,Graduate,25,0.7222222222222222,1.0,-1.6309523809523796,0
STD_1998,1,8,1,15,1,1,1,22,27,10,10,0,0,0,1,0,0,18,0,0,6,7,6,12.857142857142858,0,0,6,6,6,13.333333333333334,0,13.9,-0.3,0.79,Graduate,12,1.0,1.0,0.4761904761904763,0
STD_0955,1,13,1,7,1,1,1,3,1,3,10,1,0,0,1,1,0,26,0,4,10,14,4,11.25,0,4,11,11,4,12.0,0,7.6,2.6,0.32,Dropout,8,0.4,0.36363636363636365,0.75,1
STD_3690,1,14,1,8,1,1,1,1,1,2,2,1,0,0,1,1,0,33,0,0,5,12,1,13.0,2,0,5,7,3,14.0,0,9.4,-0.8,-3.12,Enrolled,4,0.2,0.6,1.0,0
STD_2632,1,8,1,11,1,1,1,23,28,1,6,0,0,0,1,1,0,20,0,0,6,9,4,10.75,0,0,6,12,0,0.0,0,7.6,2.6,0.32,Dropout,4,0.6666666666666666,0.0,-10.75,1
STD_1606,1,17,1,4,1,16,1,23,28,10,10,1,0,1,1,1,0,20,0,7,12,16,11,12.545454545454543,0,5,10,12,8,11.625,0,8.9,1.4,3.51,Enrolled,19,0.9166666666666666,0.8,-0.9204545454545432,0
STD_3777,1,15,1,4,1,14,1,3,1,3,7,1,0,0,0,0,0,20,0,0,6,10,6,13.375,0,0,6,10,6,13.0,0,16.2,0.3,-0.92,Graduate,12,1.0,1.0,-0.375,0
STD_4174,1,1,2,12,1,1,1,22,27,8,8,1,0,0,1,0,1,20,0,0,7,9,7,14.093333333333332,0,0,8,8,8,15.0,0,11.1,0.6,2.02,Graduate,15,1.0,1.0,0.9066666666666681,0
STD_0828,1,1,3,5,1,1,1,1,3,10,8,1,0,0,1,0,1,18,0,0,6,6,6,15.833333333333334,0,0,6,6,6,15.333333333333334,0,11.1,0.6,2.02,Graduate,12,1.0,1.0,-0.5,0
STD_0718,4,12,1,14,1,1,1,2,1,4,10,0,0,1,0,1,0,53,0,0,6,11,3,14.333333333333334,0,0,6,6,0,0.0,0,12.7,3.7,-1.7,Dropout,3,0.5,0.0,-14.333333333333334,1
STD_3667,2,13,1,5,1,1,1,22,17,1,5,0,0,0,1,1,0,47,0,8,10,14,8,14.625,0,5,7,7,5,13.4,0,9.4,-0.8,-3.12,Dropout,13,0.8,0.7142857142857143,-1.2249999999999996,1
STD_0562,1,1,1,8,1,1,1,1,1,4,4,1,0,0,1,1,0,20,0,0,5,14,2,11.0,3,0,5,9,3,12.666666666666666,0,9.4,-0.8,-3.12,Enrolled,5,0.4,0.6,1.666666666666666,0
STD_1906,1,15,1,10,1,14,1,1,27,5,9,1,0,0,1,0,1,20,0,3,6,6,6,13.333333333333334,0,2,6,6,6,14.166666666666666,0,13.9,-0.3,0.79,Graduate,12,1.0,1.0,0.8333333333333321,0
STD_2941,4,12,1,3,0,3,1,22,27,10,10,0,0,0,1,0,1,43,0,0,6,7,5,12.2,0,0,6,6,6,12.333333333333334,0,9.4,-0.8,-3.12,Graduate,11,0.8333333333333334,1.0,0.13333333333333464,0
STD_1931,1,1,4,12,1,1,1,13,1,2,2,1,0,0,1,0,0,18,0,0,7,10,7,13.03,0,0,8,8,8,13.21875,0,15.5,2.8,-4.06,Graduate,15,1.0,1.0,0.18875000000000064,0
STD_0164,1,8,5,16,1,1,1,10,10,5,5,1,0,0,1,0,0,21,0,0,6,13,4,11.5,0,0,6,10,3,11.0,0,10.8,1.4,1.74,Dropout,7,0.6666666666666666,0.5,-0.5,1
STD_0104,4,12,1,4,1,9,1,22,27,10,7,0,0,0,1,0,0,43,0,13,18,19,18,14.63157894736842,0,10,13,14,13,14.23076923076923,1,15.5,2.8,-4.06,Graduate,31,1.0,1.0,-0.4008097165991895,0
STD_1360,1,13,1,7,1,1,1,13,27,10,10,0,0,0,0,1,0,27,0,0,5,0,0,0.0,0,0,5,0,0,0.0,0,15.5,2.8,-4.06,Dropout,0,0.0,0.0,0.0,1
STD_1098,1,1,1,11,1,1,1,22,28,10,10,1,0,0,1,0,0,18,0,0,6,10,5,12.2,0,0,6,8,4,11.25,0,9.4,-0.8,-3.12,Graduate,9,0.8333333333333334,0.6666666666666666,-0.9499999999999993,0
STD_4057,1,1,2,6,1,1,1,1,1,31,14,0,0,0,1,0,0,19,0,0,6,8,6,14.0,0,0,6,18,3,12.666666666666666,0,12.4,0.5,1.79,Graduate,9,1.0,0.5,-1.333333333333334,0
STD_1781,1,1,1,14,1,1,1,1,27,10,11,0,0,0,1,1,0,21,0,0,6,6,5,12.8,0,0,6,9,5,12.25,0,10.8,1.4,1.74,Enrolled,10,0.8333333333333334,0.8333333333333334,-0.5500000000000007,0
STD_3474,2,1,1,9,1,1,1,19,24,1,1,0,0,0,1,0,0,24,0,14,15,17,14,11.357142857142858,0,13,14,15,13,12.846153846153848,0,7.6,2.6,0.32,Dropout,27,0.9333333333333333,0.9285714285714286,1.4890109890109908,1
STD_0835,2,12,1,7,1,1,1,22,27,12,6,1,0,0,1,1,0,46,0,0,5,6,0,0.0,0,0,5,5,0,0.0,0,7.6,2.6,0.32,Dropout,0,0.0,0.0,0.0,1
STD_2910,1,15,1,4,1,1,1,1,14,4,10,1,0,1,0,0,0,23,0,0,6,13,5,11.6,0,0,6,11,4,12.25,0,12.4,0.5,1.79,Dropout,9,0.8333333333333334,0.6666666666666666,0.6500000000000004,1
STD_2772,1,1,4,12,1,1,1,22,27,10,10,1,0,0,1,0,0,18,0,0,8,8,8,13.045,0,0,8,8,8,13.045,0,9.4,-0.8,-3.12,Graduate,16,1.0,1.0,0.0,0
STD_2802,1,15,1,8,1,14,1,3,1,3,5,1,0,0,1,0,0,20,0,0,6,6,0,0.0,0,0,6,6,0,0.0,0,12.4,0.5,1.79,Dropout,0,0.0,0.0,0.0,1
STD_1506,1,8,5,15,1,1,1,23,28,8,8,1,0,0,0,0,0,19,0,0,6,12,3,11.0,0,0,6,12,3,12.0,0,9.4,-0.8,-3.12,Dropout,6,0.5,0.5,1.0,1
STD_3612,1,8,1,14,1,1,1,1,1,5,5,1,0,0,1,1,0,20,0,0,6,9,6,14.666666666666666,0,0,6,7,6,13.857142857142858,0,8.9,1.4,3.51,Graduate,12,1.0,1.0,-0.8095238095238084,0
STD_3730,1,1,1,4,1,1,1,23,28,5,9,0,0,1,1,1,0,21,0,8,12,13,12,14.538461538461538,0,4,12,14,12,14.461538461538462,0,15.5,2.8,-4.06,Graduate,24,1.0,1.0,-0.07692307692307665,0
STD_3197,1,13,1,4,1,1,1,1,3,5,3,1,0,0,1,1,0,23,0,0,6,14,5,12.0,0,0,6,12,5,12.142857142857142,0,15.5,2.8,-4.06,Enrolled,10,0.8333333333333334,0.8333333333333334,0.14285714285714235,0
STD_2596,1,8,1,5,1,1,1,13,27,6,10,0,0,0,1,0,1,18,0,0,6,6,6,12.666666666666666,0,0,6,6,6,12.166666666666666,0,16.2,0.3,-0.92,Graduate,12,1.0,1.0,-0.5,0
STD_4159,1,1,2,12,1,1,1,3,27,5,8,1,0,0,1,0,1,19,0,0,7,8,6,13.075,0,0,8,10,7,12.05,0,12.4,0.5,1.79,Graduate,13,0.8571428571428571,0.875,-1.0249999999999986,0
STD_0790,1,8,3,2,1,1,1,13,1,6,5,1,0,0,1,0,1,20,0,0,0,0,0,0.0,0,0,0,0,0,0.0,0,12.7,3.7,-1.7,Graduate,0,0.0,0.0,0.0,0
STD_4224,1,8,2,11,1,1,1,13,28,6,6,1,0,0,1,0,0,19,0,0,6,7,6,12.714285714285714,0,0,6,6,6,11.833333333333334,0,8.9,1.4,3.51,Graduate,12,1.0,1.0,-0.8809523809523796,0
STD_3740,1,8,3,7,1,1,1,22,27,10,8,0,0,0,1,1,0,18,0,0,5,10,0,0.0,0,0,5,10,2,11.5,4,7.6,2.6,0.32,Dropout,2,0.0,0.4,11.5,1
STD_4401,2,12,1,17,0,1,1,22,27,7,4,0,0,1,1,1,0,37,0,0,5,10,4,10.75,0,0,5,12,3,13.333333333333334,0,9.4,-0.8,-3.12,Dropout,7,0.8,0.6,2.583333333333334,1
STD_3266,1,8,1,10,1,1,1,1,28,22,40,0,0,0,1,0,1,19,0,0,6,8,6,11.5,0,0,6,7,6,12.333333333333334,0,12.4,0.5,1.79,Graduate,12,1.0,1.0,0.8333333333333339,0
STD_1177,1,7,2,10,1,1,1,22,27,6,7,1,0,0,1,0,0,18,0,0,6,8,6,13.571428571428571,0,0,6,11,5,12.166666666666666,0,9.4,-0.8,-3.12,Graduate,11,1.0,0.8333333333333334,-1.404761904761905,0
STD_4098,1,14,1,17,0,3,1,22,27,10,10,0,0,0,1,0,0,37,0,7,14,21,12,11.833333333333334,0,11,12,15,11,11.363636363636363,0,12.7,3.7,-1.7,Graduate,23,0.8571428571428571,0.9166666666666666,-0.4696969696969706,0
STD_0331,1,1,1,16,1,1,1,1,28,10,7,1,0,0,1,0,0,18,0,0,7,12,5,12.0,0,0,7,9,6,12.666666666666666,0,11.1,0.6,2.02,Enrolled,11,0.7142857142857143,0.8571428571428571,0.6666666666666661,0
STD_3541,1,8,1,7,1,1,1,1,3,5,3,0,0,0,1,1,0,18,0,0,5,10,1,10.0,0,0,5,7,0,0.0,0,9.4,-0.8,-3.12,Dropout,1,0.2,0.0,-10.0,1
STD_3651,1,14,1,5,1,1,1,1,28,4,10,1,0,0,1,0,1,20,0,5,12,12,12,13.25,0,5,12,12,11,12.727272727272728,0,15.5,2.8,-4.06,Graduate,23,1.0,0.9166666666666666,-0.5227272727272716,0
STD_3061,1,1,2,15,1,1,1,13,14,6,7,0,0,0,1,0,0,19,0,0,6,6,6,15.0,0,0,6,7,6,14.0,0,15.5,2.8,-4.06,Enrolled,12,1.0,1.0,-1.0,0
STD_2637,1,1,2,11,1,1,1,22,27,10,10,1,0,0,0,1,0,21,0,0,6,11,3,11.0,0,0,6,14,0,0.0,0,9.4,-0.8,-3.12,Dropout,3,0.5,0.0,-11.0,1
STD_0560,1,13,1,12,1,1,1,1,3,10,11,1,0,0,1,1,0,23,0,0,8,8,8,12.5075,0,0,8,8,8,12.5075,0,9.4,-0.8,-3.12,Graduate,16,1.0,1.0,0.0,0
STD_0166,1,8,1,15,1,1,1,13,27,8,8,0,0,0,1,0,1,19,0,0,6,6,6,12.5,0,0,6,7,6,13.0,0,15.5,2.8,-4.06,Graduate,12,1.0,1.0,0.5,0
STD_1867,1,12,2,9,1,1,1,13,14,6,10,0,0,0,0,1,0,26,0,0,5,5,2,10.5,0,0,5,9,0,0.0,0,10.8,1.4,1.74,Dropout,2,0.4,0.0,-10.5,1
STD_4307,1,13,1,9,1,1,1,13,1,5,5,0,0,0,0,1,0,25,0,0,5,6,0,0.0,0,0,5,5,0,0.0,0,15.5,2.8,-4.06,Dropout,0,0.0,0.0,0.0,1
STD_3969,1,15,1,6,1,14,1,3,14,3,5,1,0,0,1,0,0,22,0,1,6,9,6,13.0,0,1,6,18,3,12.666666666666666,0,12.4,0.5,1.79,Graduate,9,1.0,0.5,-0.3333333333333339,0
STD_3231,1,12,1,12,1,1,1,23,1,10,5,1,0,0,1,0,0,24,0,0,8,8,7,14.985714285714286,0,0,8,8,7,14.985714285714286,0,12.7,3.7,-1.7,Graduate,14,0.875,0.875,0.0,0
STD_4099,1,8,2,13,1,1,1,22,27,6,6,1,0,0,1,0,0,32,0,0,7,7,0,0.0,0,0,8,8,0,0.0,0,16.2,0.3,-0.92,Dropout,0,0.0,0.0,0.0,1
STD_1015,1,9,2,9,1,1,1,22,28,29,28,1,0,0,1,0,1,20,0,0,5,6,5,11.8,0,0,5,6,5,11.6,0,8.9,1.4,3.51,Graduate,10,1.0,1.0,-0.20000000000000107,0
STD_0029,1,1,1,9,1,1,1,13,1,10,10,1,0,0,1,0,0,20,0,0,5,6,5,12.0,0,0,5,6,5,12.333333333333334,0,16.2,0.3,-0.92,Graduate,10,1.0,1.0,0.3333333333333339,0
STD_0149,1,1,1,9,1,1,1,3,14,3,11,0,0,0,1,0,0,18,0,0,5,10,5,13.375,0,0,5,9,5,14.166666666666666,0,13.9,-0.3,0.79,Graduate,10,1.0,1.0,0.7916666666666661,0
STD_4403,1,9,2,16,1,1,1,1,14,4,10,1,0,0,1,1,0,18,0,0,6,7,5,12.6,0,0,6,6,6,13.0,0,10.8,1.4,1.74,Enrolled,11,0.8333333333333334,1.0,0.40000000000000036,0
STD_0910,1,1,1,2,1,1,1,23,14,8,11,0,0,0,1,0,0,20,0,0,0,0,0,0.0,0,0,0,0,0,0.0,0,15.5,2.8,-4.06,Dropout,0,0.0,0.0,0.0,1
STD_4321,1,6,1,9,1,1,12,1,1,10,8,0,0,1,1,1,0,21,1,0,5,9,3,12.333333333333334,0,0,5,8,4,11.25,0,8.9,1.4,3.51,Enrolled,7,0.6,0.8,-1.083333333333334,0
STD_2630,1,12,9,17,0,1,1,23,28,10,6,0,0,0,1,1,0,28,0,0,5,7,4,12.75,0,0,5,7,5,14.333333333333334,0,10.8,1.4,1.74,Enrolled,9,0.8,1.0,1.583333333333334,0
STD_4149,1,1,1,9,1,1,1,22,27,10,10,1,0,0,1,0,0,20,0,0,5,9,2,10.0,0,0,5,10,2,11.0,0,7.6,2.6,0.32,Enrolled,4,0.4,0.4,1.0,0
STD_0260,1,14,1,10,1,1,1,1,1,4,2,1,0,1,0,0,0,22,0,6,10,16,6,11.833333333333334,0,2,7,8,2,13.0,0,16.2,0.3,-0.92,Dropout,8,0.6,0.2857142857142857,1.166666666666666,1
STD_2450,1,4,1,17,0,3,1,22,27,10,10,0,0,0,1,1,0,31,0,9,9,9,9,14.22222222222222,0,5,5,5,5,12.8,0,12.7,3.7,-1.7,Dropout,14,1.0,1.0,-1.422222222222219,1
STD_1786,1,14,1,9,1,1,1,22,28,8,8,0,0,0,1,1,0,25,0,0,5,12,3,11.0,1,0,5,12,4,11.5,0,9.4,-0.8,-3.12,Enrolled,7,0.6,0.8,0.5,0
STD_4323,1,1,1,15,1,1,7,1,1,4,6,1,0,1,0,0,0,19,1,0,6,8,5,12.2,0,0,6,6,4,11.75,0,16.2,0.3,-0.92,Dropout,9,0.8333333333333334,0.6666666666666666,-0.4499999999999993,1
STD_0273,1,8,1,9,1,1,1,10,14,5,9,1,0,0,1,0,0,20,0,0,5,10,5,13.5,0,0,5,8,5,12.333333333333334,0,13.9,-0.3,0.79,Graduate,10,1.0,1.0,-1.166666666666666,0
STD_2811,1,1,1,16,1,1,1,23,27,10,10,0,0,0,1,0,1,19,0,0,6,6,6,12.5,0,0,6,6,6,12.833333333333334,0,12.7,3.7,-1.7,Graduate,12,1.0,1.0,0.3333333333333339,0
STD_2436,1,13,1,7,1,1,1,23,27,6,9,1,0,0,1,1,0,21,0,0,5,10,5,13.0,0,0,5,10,5,12.6,0,9.4,-0.8,-3.12,Graduate,10,1.0,1.0,-0.40000000000000036,0
STD_0580,1,1,4,5,1,1,1,22,27,10,9,1,0,0,1,0,0,20,0,0,6,6,4,13.5,0,0,6,8,6,13.625,0,10.8,1.4,1.74,Graduate,10,0.6666666666666666,1.0,0.125,0
STD_0191,1,1,1,11,1,1,1,13,28,10,9,0,0,0,1,0,1,21,0,0,6,7,6,12.0,0,0,6,6,6,12.5,0,13.9,-0.3,0.79,Graduate,12,1.0,1.0,0.5,0
STD_0398,1,15,1,6,1,14,1,23,27,5,7,1,0,0,1,0,1,22,0,3,6,11,6,13.142857142857142,0,2,6,10,3,12.0,0,13.9,-0.3,0.79,Graduate,9,1.0,0.5,-1.1428571428571423,0
STD_0397,1,16,1,10,1,1,1,3,14,4,11,1,0,0,1,0,0,20,0,5,11,12,11,11.727272727272728,0,5,11,14,11,12.0,0,12.4,0.5,1.79,Graduate,22,1.0,1.0,0.2727272727272716,0
STD_1366,1,12,1,14,1,7,1,6,16,4,4,0,0,1,0,1,0,26,0,0,5,5,0,0.0,0,0,5,5,0,0.0,5,9.4,-0.8,-3.12,Dropout,0,0.0,0.0,0.0,1
STD_0404,1,1,1,11,1,1,1,13,28,10,10,0,0,0,1,0,0,19,0,0,6,6,6,12.0,0,0,6,7,4,12.75,0,12.4,0.5,1.79,Enrolled,10,1.0,0.6666666666666666,0.75,0
STD_3742,1,12,1,7,1,1,1,22,14,10,4,0,0,0,1,1,1,28,0,0,5,16,3,14.333333333333334,0,0,5,9,5,12.428571428571429,0,9.4,-0.8,-3.12,Enrolled,8,0.6,1.0,-1.904761904761905,0
STD_2465,2,12,1,17,0,1,1,22,14,10,10,0,0,1,0,1,0,29,0,0,5,7,4,11.25,0,0,5,8,4,11.8,0,10.8,1.4,1.74,Dropout,8,0.8,0.8,0.5500000000000007,1
STD_2341,1,12,1,4,1,1,1,22,27,10,11,1,0,0,0,1,0,43,0,0,6,0,0,0.0,0,0,6,0,0,0.0,0,15.5,2.8,-4.06,Dropout,0,0.0,0.0,0.0,1
STD_3555,1,8,1,14,1,1,1,22,28,4,4,0,0,1,1,1,0,19,0,0,6,7,6,13.166666666666666,0,0,6,9,5,13.2,0,8.9,1.4,3.51,Enrolled,11,1.0,0.8333333333333334,0.033333333333333215,0
STD_3350,1,16,1,14,1,12,1,2,1,4,11,0,0,1,1,1,0,32,0,1,6,15,2,12.0,0,0,6,7,0,0.0,0,11.1,0.6,2.02,Dropout,2,0.3333333333333333,0.0,-12.0,1
STD_1167,2,12,2,9,1,3,1,3,27,10,10,0,0,0,1,0,0,30,0,4,7,9,7,11.75,0,3,8,12,7,11.142857142857142,0,12.7,3.7,-1.7,Dropout,14,1.0,0.875,-0.6071428571428577,1
STD_0656,1,1,4,10,1,1,1,13,28,10,7,1,0,1,1,0,1,19,0,0,6,9,5,11.4,0,0,6,9,3,10.0,0,8.9,1.4,3.51,Enrolled,8,0.8333333333333334,0.5,-1.4000000000000004,0
STD_1324,1,8,6,13,1,1,1,23,28,6,6,1,0,0,1,0,1,19,0,0,7,11,6,12.4,0,0,7,8,6,12.8,0,11.1,0.6,2.02,Graduate,12,0.8571428571428571,0.8571428571428571,0.40000000000000036,0
STD_2511,1,5,2,15,1,1,9,13,28,4,6,1,0,0,0,0,0,18,1,0,6,8,5,12.0,0,0,6,0,0,0.0,0,10.8,1.4,1.74,Dropout,5,0.8333333333333334,0.0,-12.0,1
STD_0421,1,1,1,12,1,1,1,2,1,3,9,0,0,0,1,0,1,19,0,0,7,7,7,12.901428571428571,0,0,8,9,8,13.094444444444443,0,11.1,0.6,2.02,Graduate,15,1.0,1.0,0.19301587301587197,0
STD_0332,1,15,1,7,1,14,1,13,27,5,8,0,0,1,1,0,0,26,0,0,5,6,0,0.0,0,0,5,5,0,0.0,0,16.2,0.3,-0.92,Dropout,0,0.0,0.0,0.0,1
STD_0469,1,1,5,12,1,1,1,13,28,5,9,1,0,0,1,0,1,18,0,0,8,9,8,13.31,1,0,8,9,8,13.31,1,9.4,-0.8,-3.12,Graduate,16,1.0,1.0,0.0,0
STD_0823,1,1,1,6,1,1,3,1,14,5,8,1,0,0,1,0,0,20,1,0,7,9,6,14.714285714285714,0,1,7,16,6,13.2,0,12.4,0.5,1.79,Enrolled,12,0.8571428571428571,0.8571428571428571,-1.5142857142857142,0
STD_1085,1,1,2,5,1,1,1,13,1,10,4,1,0,0,1,0,1,18,0,1,6,8,6,12.714285714285714,1,0,6,8,6,12.625,0,13.9,-0.3,0.79,Graduate,12,1.0,1.0,-0.08928571428571352,0
STD_2116,1,8,2,14,1,1,1,1,14,6,6,1,0,0,1,0,0,21,0,0,6,0,0,0.0,0,0,6,0,0,0.0,0,8.9,1.4,3.51,Dropout,0,0.0,0.0,0.0,1
STD_4409,2,12,1,15,1,1,1,22,27,10,10,0,0,0,1,1,0,47,0,0,6,8,5,11.4,0,0,6,10,6,11.666666666666666,0,12.7,3.7,-1.7,Dropout,11,0.8333333333333334,1.0,0.2666666666666657,1
STD_0872,2,12,1,7,1,1,1,19,24,1,1,1,0,0,1,1,0,33,0,0,5,14,1,18.0,0,0,5,9,2,13.0,0,9.4,-0.8,-3.12,Dropout,3,0.2,0.4,-5.0,1
STD_0041,1,1,5,15,1,1,1,3,3,3,3,0,0,1,1,0,0,18,0,0,6,6,4,12.75,0,0,5,5,0,0.0,0,12.7,3.7,-1.7,Dropout,4,0.6666666666666666,0.0,-12.75,1
STD_3718,1,1,3,2,1,1,1,22,27,10,10,1,0,0,1,1,0,18,0,0,0,0,0,0.0,0,0,0,0,0,0.0,0,7.6,2.6,0.32,Graduate,0,0.0,0.0,0.0,0
STD_0086,1,13,1,12,1,1,1,22,28,10,8,1,0,0,1,0,1,22,0,0,8,8,7,13.08,0,0,8,8,7,13.08,0,10.8,1.4,1.74,Graduate,14,0.875,0.875,0.0,0
STD_2102,1,9,1,3,0,1,1,1,1,5,4,0,0,1,1,0,0,20,0,0,6,13,4,10.8,0,0,6,15,4,12.0,0,16.2,0.3,-0.92,Graduate,8,0.6666666666666666,0.6666666666666666,1.1999999999999993,0
STD_0510,1,1,2,9,1,1,1,1,14,5,7,0,1,0,1,0,0,21,0,0,5,6,0,0.0,0,0,5,5,0,0.0,0,15.5,2.8,-4.06,Dropout,0,0.0,0.0,0.0,1
STD_0328,1,1,1,10,1,1,1,1,1,10,7,0,0,1,1,0,0,18,0,0,6,10,6,11.857142857142858,0,0,6,9,5,11.0,0,13.9,-0.3,0.79,Graduate,11,1.0,0.8333333333333334,-0.8571428571428577,0
STD_4261,1,12,1,4,1,1,1,22,27,10,10,0,0,1,0,0,0,48,0,0,6,6,0,0.0,0,0,6,6,0,0.0,0,11.1,0.6,2.02,Dropout,0,0.0,0.0,0.0,1
STD_1238,1,9,1,7,1,1,1,1,27,8,8,1,0,0,1,1,0,18,0,0,5,5,1,16.0,0,0,5,5,0,0.0,0,9.4,-0.8,-3.12,Dropout,1,0.2,0.0,-16.0,1
STD_1729,1,8,1,11,1,1,1,23,27,5,10,1,0,0,0,0,0,18,0,0,6,0,0,0.0,0,0,6,0,0,0.0,0,12.7,3.7,-1.7,Dropout,0,0.0,0.0,0.0,1
STD_1077,1,2,1,16,1,1,1,13,28,10,10,0,0,0,0,0,0,28,0,11,11,11,11,11.727272727272728,0,8,8,8,8,12.0,0,15.5,2.8,-4.06,Dropout,19,1.0,1.0,0.2727272727272716,1
STD_1580,1,7,1,2,1,1,1,23,27,10,10,1,0,0,1,1,1,18,0,0,0,0,0,0.0,0,0,0,0,0,0.0,0,10.8,1.4,1.74,Enrolled,0,0.0,0.0,0.0,0
STD_3217,1,8,2,11,1,1,1,3,3,3,3,0,0,0,0,1,0,18,0,0,6,9,5,11.2,0,0,6,14,2,10.0,0,9.4,-0.8,-3.12,Dropout,7,0.8333333333333334,0.3333333333333333,-1.1999999999999993,1
STD_0687,1,12,1,6,1,14,1,22,27,2,10,1,0,0,0,1,0,41,0,3,3,3,3,12.333333333333334,0,2,2,2,2,11.0,0,12.4,0.5,1.79,Dropout,5,1.0,1.0,-1.333333333333334,1
STD_0916,1,6,1,15,1,1,12,13,14,5,6,1,0,0,1,0,0,22,1,0,6,6,6,13.0,0,0,6,6,6,13.666666666666666,0,12.4,0.5,1.79,Graduate,12,1.0,1.0,0.6666666666666661,0
STD_2902,2,4,1,3,0,3,1,13,14,5,5,0,0,0,1,0,0,27,0,0,5,5,0,0.0,0,0,6,0,0,0.0,0,9.4,-0.8,-3.12,Dropout,0,0.0,0.0,0.0,1
STD_2660,1,1,1,11,1,1,1,22,27,4,4,0,0,0,1,1,1,19,0,0,6,7,6,11.0,0,0,6,6,5,12.2,0,11.1,0.6,2.02,Dropout,11,1.0,0.8333333333333334,1.1999999999999993,1
STD_0103,2,12,1,3,0,1,1,22,27,7,6,1,0,0,1,0,0,36,0,0,6,0,0,0.0,0,0,6,0,0,0.0,0,9.4,-0.8,-3.12,Dropout,0,0.0,0.0,0.0,1
STD_2617,1,8,1,16,1,1,1,13,28,6,8,1,0,0,1,0,1,18,0,0,6,8,5,12.2,0,0,6,13,0,0.0,0,9.4,-0.8,-3.12,Dropout,5,0.8333333333333334,0.0,-12.2,1
STD_3388,1,8,1,6,1,1,1,23,28,5,10,0,0,0,1,0,0,20,0,0,6,8,6,13.285714285714286,0,0,6,16,6,11.8,0,12.4,0.5,1.79,Graduate,12,1.0,1.0,-1.4857142857142858,0
STD_0009,1,1,3,10,1,1,15,1,1,10,10,0,0,0,1,0,1,21,1,0,6,8,6,13.875,0,0,6,7,6,14.142857142857142,0,16.2,0.3,-0.92,Graduate,12,1.0,1.0,0.26785714285714235,0
STD_3686,1,14,1,4,1,1,1,1,1,5,11,0,0,0,1,1,0,24,0,0,6,7,6,15.714285714285714,0,0,6,10,6,15.9,0,15.5,2.8,-4.06,Dropout,12,1.0,1.0,0.18571428571428683,1
STD_3294,1,8,3,12,1,1,1,13,3,10,6,1,0,0,1,0,0,18,0,0,8,8,7,13.68142857142857,0,0,8,8,7,13.68142857142857,0,10.8,1.4,1.74,Enrolled,14,0.875,0.875,0.0,0
STD_1272,1,14,1,9,1,1,1,13,28,10,10,1,0,0,1,0,0,19,0,0,5,5,5,12.6,0,0,5,6,4,12.4,0,16.2,0.3,-0.92,Graduate,9,1.0,0.8,-0.1999999999999993,0
STD_2729,1,12,1,6,1,1,1,4,1,3,10,0,0,0,0,0,0,26,0,0,6,8,6,15.428571428571429,0,0,6,7,5,14.5,0,11.1,0.6,2.02,Enrolled,11,1.0,0.8333333333333334,-0.9285714285714288,0
STD_2917,2,4,1,3,0,3,1,22,27,10,10,0,0,0,1,0,0,39,0,9,13,19,12,13.416666666666666,0,4,10,10,10,14.5,0,16.2,0.3,-0.92,Graduate,22,0.9230769230769231,1.0,1.083333333333334,0
STD_4420,1,1,6,15,1,1,1,1,1,6,5,0,0,0,1,1,0,19,0,0,6,7,5,13.6,0,0,6,8,5,12.666666666666666,0,15.5,2.8,-4.06,Graduate,10,0.8333333333333334,0.8333333333333334,-0.9333333333333336,0
STD_0010,1,1,1,10,1,1,1,1,14,5,8,1,0,1,0,0,0,18,0,0,6,9,5,11.4,0,0,6,14,2,13.5,0,8.9,1.4,3.51,Dropout,7,0.8333333333333334,0.3333333333333333,2.0999999999999996,1
STD_1315,1,1,1,14,1,1,1,13,1,6,8,1,0,0,1,0,0,18,0,0,6,7,6,12.333333333333334,0,0,6,10,3,12.0,0,13.9,-0.3,0.79,Enrolled,9,1.0,0.5,-0.3333333333333339,0
STD_1062,1,1,1,5,1,1,1,13,14,8,8,0,0,0,1,0,0,20,0,0,6,0,0,0.0,0,0,6,0,0,0.0,0,15.5,2.8,-4.06,Dropout,0,0.0,0.0,0.0,1
STD_3233,1,1,2,15,1,1,1,13,28,4,10,1,0,0,1,0,0,18,0,0,6,8,4,12.5,0,0,6,6,5,12.6,0,12.7,3.7,-1.7,Graduate,9,0.6666666666666666,0.8333333333333334,0.09999999999999964,0
STD_3152,1,1,1,2,1,1,1,3,1,5,5,1,0,1,0,0,0,18,0,0,0,0,0,0.0,0,0,0,0,0,0.0,0,12.4,0.5,1.79,Dropout,0,0.0,0.0,0.0,1
STD_1261,1,1,3,10,1,1,1,1,1,4,4,1,0,0,1,0,0,20,0,0,6,9,5,11.8,0,0,6,7,6,11.5,0,7.6,2.6,0.32,Graduate,11,0.8333333333333334,1.0,-0.3000000000000007,0
STD_3805,1,1,1,9,1,1,1,1,14,6,6,1,0,0,1,0,0,18,0,0,5,10,4,10.75,1,0,5,13,2,10.0,0,9.4,-0.8,-3.12,Dropout,6,0.8,0.4,-0.75,1
STD_3733,1,1,3,2,1,1,1,4,3,2,2,1,0,0,1,1,0,19,0,0,0,0,0,0.0,0,0,0,0,0,0.0,0,12.7,3.7,-1.7,Graduate,0,0.0,0.0,0.0,0
STD_4304,1,8,4,15,1,1,1,1,1,5,6,1,0,0,1,1,0,18,0,0,6,10,5,11.6,0,0,6,6,6,12.0,0,9.4,-0.8,-3.12,Dropout,11,0.8333333333333334,1.0,0.40000000000000036,1
STD_2614,1,12,1,17,0,1,1,1,28,5,10,0,0,0,1,1,0,25,0,0,5,7,0,0.0,0,0,5,8,0,0.0,0,16.2,0.3,-0.92,Dropout,0,0.0,0.0,0.0,1
STD_1215,1,1,4,12,1,1,1,13,14,8,10,1,0,0,1,0,1,18,0,0,7,9,6,13.533333333333331,0,0,7,7,7,12.228571428571428,0,12.4,0.5,1.79,Enrolled,13,0.8571428571428571,1.0,-1.3047619047619037,0
STD_0067,1,1,3,2,1,1,1,13,14,6,4,1,0,0,1,1,1,19,0,0,0,0,0,0.0,0,0,0,0,0,0.0,0,10.8,1.4,1.74,Graduate,0,0.0,0.0,0.0,0
STD_0474,1,1,2,12,1,1,1,13,14,10,10,1,0,0,1,0,0,20,0,0,7,7,6,13.966666666666669,0,0,7,7,6,13.966666666666669,0,7.6,2.6,0.32,Graduate,12,0.8571428571428571,0.8571428571428571,0.0,0
STD_3430,2,4,1,9,1,3,1,22,27,10,10,0,0,0,1,0,0,23,0,0,5,0,0,0.0,0,0,5,0,0,0.0,0,7.6,2.6,0.32,Dropout,0,0.0,0.0,0.0,1
STD_0005,2,12,1,3,0,1,1,22,28,10,10,0,0,0,1,0,0,45,0,0,6,9,5,12.333333333333334,0,0,6,6,6,13.0,0,13.9,-0.3,0.79,Graduate,11,0.8333333333333334,1.0,0.6666666666666661,0
STD_1309,1,9,1,12,1,1,1,22,28,6,8,1,0,0,1,0,0,18,0,0,8,8,7,13.314285714285717,0,0,8,8,7,13.314285714285717,0,12.7,3.7,-1.7,Graduate,14,0.875,0.875,0.0,0
STD_2395,1,8,3,9,1,1,1,22,27,7,6,1,0,0,1,1,1,18,0,0,5,8,5,12.75,0,0,5,7,5,11.5,0,13.9,-0.3,0.79,Graduate,10,1.0,1.0,-1.25,0
STD_4349,1,1,1,12,1,1,1,3,1,3,10,1,0,0,1,0,0,20,0,0,7,7,7,14.105714285714289,0,0,8,8,8,13.6625,0,11.1,0.6,2.02,Graduate,15,1.0,1.0,-0.4432142857142889,0
STD_1384,1,1,1,12,1,1,1,13,28,10,9,1,0,0,1,1,0,18,0,0,7,7,6,13.35,0,0,7,7,6,13.35,0,7.6,2.6,0.32,Graduate,12,0.8571428571428571,0.8571428571428571,0.0,0
STD_1844,1,1,2,9,1,1,1,3,1,4,4,1,1,1,1,1,0,20,0,0,5,6,5,13.2,0,0,5,10,5,11.4,3,16.2,0.3,-0.92,Enrolled,10,1.0,1.0,-1.799999999999999,0
STD_2459,1,8,2,7,1,1,1,10,14,6,6,0,0,0,1,1,0,19,0,0,5,0,0,0.0,0,0,5,0,0,0.0,0,12.4,0.5,1.79,Dropout,0,0.0,0.0,0.0,1
STD_3077,1,12,1,14,1,1,1,1,1,5,5,0,0,0,1,1,0,26,0,0,5,7,3,11.333333333333334,0,0,5,7,3,13.666666666666666,0,9.4,-0.8,-3.12,Dropout,6,0.6,0.6,2.333333333333332,1
STD_0387,1,1,1,16,1,1,1,22,27,10,10,0,0,0,1,0,0,18,0,0,6,6,6,13.666666666666666,0,0,6,9,6,12.333333333333334,0,7.6,2.6,0.32,Graduate,12,1.0,1.0,-1.3333333333333321,0
STD_0413,1,1,3,12,1,1,1,1,1,5,11,1,0,0,1,0,0,20,0,0,7,8,7,11.5875,0,0,8,9,7,14.071428571428571,0,13.9,-0.3,0.79,Graduate,14,1.0,0.875,2.483928571428571,0
STD_1003,1,1,1,2,1,1,1,3,4,3,6,1,0,0,1,0,0,18,0,0,0,0,0,0.0,0,0,0,0,0,0.0,0,11.1,0.6,2.02,Graduate,0,0.0,0.0,0.0,0
STD_1739,1,12,1,4,1,1,1,3,1,6,10,0,0,0,1,1,0,27,0,0,6,6,6,14.166666666666666,0,0,6,7,6,13.833333333333334,0,11.1,0.6,2.02,Graduate,12,1.0,1.0,-0.33333333333333215,0
STD_4064,1,12,1,17,0,1,1,1,27,10,8,0,0,0,1,0,1,24,0,0,5,7,5,12.285714285714286,0,0,5,9,5,12.75,1,16.2,0.3,-0.92,Graduate,10,1.0,1.0,0.4642857142857135,0
STD_0887,1,7,6,15,1,1,1,23,12,1,1,1,0,0,1,0,0,21,0,0,6,6,6,13.166666666666666,0,0,6,6,6,13.0,0,7.6,2.6,0.32,Graduate,12,1.0,1.0,-0.16666666666666607,0
STD_2602,1,8,1,11,1,1,1,1,1,5,10,1,0,0,1,0,0,22,0,0,6,14,4,12.25,0,0,6,11,3,11.333333333333334,0,7.6,2.6,0.32,Enrolled,7,0.6666666666666666,0.5,-0.9166666666666661,0
STD_3404,1,8,5,12,1,1,1,13,14,10,8,1,0,0,1,0,1,18,0,0,7,8,7,13.56875,0,0,8,8,8,14.02625,0,15.5,2.8,-4.06,Graduate,15,1.0,1.0,0.4574999999999996,0
STD_3665,1,1,6,12,1,1,1,10,27,6,10,1,0,0,1,0,0,19,0,0,7,8,6,13.731666666666667,0,0,8,10,7,13.771428571428572,0,12.4,0.5,1.79,Dropout,13,0.8571428571428571,0.875,0.03976190476190489,1
STD_1000,1,1,3,5,1,1,1,19,24,1,1,1,0,0,1,0,0,18,0,0,6,6,6,12.5,0,0,6,6,6,13.0,0,7.6,2.6,0.32,Dropout,12,1.0,1.0,0.5,1
STD_4032,1,1,1,2,1,1,1,13,28,10,9,1,0,0,1,1,1,19,0,6,12,12,12,13.333333333333334,0,4,11,15,10,12.818181818181818,0,8.9,1.4,3.51,Enrolled,22,1.0,0.9090909090909091,-0.5151515151515156,0
STD_0282,4,1,1,3,0,1,1,24,14,5,11,1,0,0,1,0,1,47,0,0,6,9,5,14.166666666666666,0,0,6,7,6,14.166666666666666,0,16.2,0.3,-0.92,Graduate,11,0.8333333333333334,1.0,0.0,0
STD_0647,1,1,1,10,1,1,1,22,1,4,6,0,0,0,1,0,0,21,0,0,6,11,5,11.2,0,0,6,15,1,10.0,0,7.6,2.6,0.32,Enrolled,6,0.8333333333333334,0.16666666666666666,-1.1999999999999993,0
STD_2676,1,1,1,11,1,1,1,22,27,2,2,0,0,0,1,1,0,27,0,0,6,6,6,10.666666666666666,0,0,6,8,4,11.25,0,10.8,1.4,1.74,Enrolled,10,1.0,0.6666666666666666,0.5833333333333339,0
STD_2247,1,8,1,12,1,1,1,1,1,5,6,0,0,0,1,1,1,19,0,0,7,11,6,12.528571428571428,0,0,7,10,6,12.416666666666666,0,15.5,2.8,-4.06,Enrolled,12,0.8571428571428571,0.8571428571428571,-0.1119047619047624,0
STD_0750,1,1,2,12,1,1,1,1,1,6,4,1,0,0,1,0,0,18,0,0,7,7,7,13.471428571428572,0,0,8,9,8,13.944444444444445,0,16.2,0.3,-0.92,Graduate,15,1.0,1.0,0.4730158730158731,0
STD_4139,1,8,2,16,1,1,1,22,27,6,1,0,0,0,1,0,0,18,0,0,6,11,3,12.333333333333334,0,0,6,11,4,13.5,0,7.6,2.6,0.32,Dropout,7,0.5,0.6666666666666666,1.166666666666666,1
STD_1657,1,1,1,9,1,1,1,3,14,2,5,0,0,0,1,0,0,19,0,0,5,6,5,13.4,0,0,5,6,5,13.0,0,16.2,0.3,-0.92,Graduate,10,1.0,1.0,-0.40000000000000036,0
STD_3082,1,1,6,12,1,1,1,13,27,4,6,1,0,1,1,1,1,20,0,0,7,7,7,13.314285714285717,0,0,8,8,8,12.575,0,12.4,0.5,1.79,Graduate,15,1.0,1.0,-0.7392857142857174,0
STD_4363,1,1,3,6,1,1,1,1,28,10,12,0,0,0,1,0,0,21,0,0,5,7,5,12.0,0,0,5,7,4,12.5,0,7.6,2.6,0.32,Graduate,9,1.0,0.8,0.5,0
STD_3134,1,1,6,12,1,1,1,1,1,5,5,1,0,0,1,0,0,21,0,0,7,8,6,13.25,0,0,8,8,8,13.8375,0,13.9,-0.3,0.79,Enrolled,14,0.8571428571428571,1.0,0.5875000000000004,0
STD_0442,1,14,1,8,1,1,1,13,28,5,6,1,0,1,1,0,0,18,0,0,5,11,1,12.0,0,0,5,9,3,12.0,0,12.7,3.7,-1.7,Enrolled,4,0.2,0.6,0.0,0
STD_2505,1,9,3,16,1,1,1,23,27,10,6,1,0,0,1,0,0,19,0,0,6,0,0,0.0,0,0,6,0,0,0.0,0,10.8,1.4,1.74,Dropout,0,0.0,0.0,0.0,1
STD_1737,1,1,6,12,1,1,1,3,1,3,2,1,0,0,1,1,0,18,0,0,8,10,8,13.05375,2,0,8,10,8,13.05375,2,9.4,-0.8,-3.12,Graduate,16,1.0,1.0,0.0,0
STD_4074,1,8,1,10,1,1,1,13,14,6,8,0,0,0,1,0,1,19,0,0,6,7,6,13.5,0,0,6,7,6,14.0,0,15.5,2.8,-4.06,Graduate,12,1.0,1.0,0.5,0
STD_3676,1,8,1,5,1,1,1,23,14,10,4,1,0,0,1,0,0,21,0,0,6,6,6,12.5,0,0,6,6,6,12.666666666666666,0,7.6,2.6,0.32,Graduate,12,1.0,1.0,0.16666666666666607,0
STD_1052,1,8,2,12,1,1,1,13,27,5,8,1,0,0,1,0,0,19,0,0,7,8,7,14.05,0,0,8,8,8,15.1,0,13.9,-0.3,0.79,Graduate,15,1.0,1.0,1.049999999999999,0
STD_4364,1,8,3,16,1,1,1,19,24,1,1,0,0,0,1,0,0,18,0,0,6,10,2,10.5,0,0,6,13,0,0.0,0,7.6,2.6,0.32,Dropout,2,0.3333333333333333,0.0,-10.5,1
STD_0782,1,8,1,14,1,1,1,1,1,6,5,1,0,1,1,0,0,20,0,0,6,10,2,11.666666666666666,0,0,6,10,4,10.5,0,15.5,2.8,-4.06,Dropout,6,0.3333333333333333,0.6666666666666666,-1.166666666666666,1
STD_2679,1,15,1,4,1,14,1,23,1,19,25,1,0,1,1,1,0,26,0,0,6,6,0,0.0,0,0,6,7,0,0.0,0,8.9,1.4,3.51,Enrolled,0,0.0,0.0,0.0,0
STD_1740,2,12,1,5,1,12,1,22,27,10,11,0,0,0,0,1,0,38,0,0,6,6,0,0.0,0,0,6,8,0,0.0,0,10.8,1.4,1.74,Dropout,0,0.0,0.0,0.0,1
STD_2816,1,8,1,10,1,1,1,22,28,10,6,0,0,0,1,0,1,19,0,0,6,11,5,11.6,0,0,6,10,6,11.714285714285714,0,15.5,2.8,-4.06,Graduate,11,0.8333333333333334,1.0,0.11428571428571388,0
STD_3314,1,1,1,11,1,1,1,1,1,10,11,0,0,0,1,1,0,20,0,0,6,8,6,12.857142857142858,0,0,6,9,5,12.4,0,8.9,1.4,3.51,Enrolled,11,1.0,0.8333333333333334,-0.4571428571428573,0
STD_3074,1,12,1,7,1,1,1,13,27,10,5,1,0,0,1,1,0,33,0,0,5,10,4,12.0,0,0,5,8,3,13.666666666666666,1,7.6,2.6,0.32,Enrolled,7,0.8,0.6,1.666666666666666,0
STD_3087,1,14,1,17,0,1,1,22,27,10,10,1,0,0,1,0,0,22,0,9,15,17,15,11.2,0,9,14,15,14,12.428571428571429,0,7.6,2.6,0.32,Graduate,29,1.0,1.0,1.2285714285714295,0
STD_1024,1,8,1,5,1,1,1,23,28,10,10,0,0,0,1,0,0,20,0,0,6,6,6,14.5,0,0,6,7,6,13.5,0,11.1,0.6,2.02,Graduate,12,1.0,1.0,-1.0,0
STD_0602,1,8,5,5,1,1,1,13,28,6,8,0,0,1,0,0,0,21,0,0,6,6,4,13.0,0,0,6,8,4,11.6,0,10.8,1.4,1.74,Dropout,8,0.6666666666666666,0.6666666666666666,-1.4000000000000004,1
STD_2800,1,13,1,7,1,1,1,1,1,6,8,0,0,0,0,1,0,34,0,2,7,13,5,12.0,0,2,7,7,3,11.0,0,15.5,2.8,-4.06,Dropout,8,0.7142857142857143,0.42857142857142855,-1.0,1
STD_0996,1,12,1,3,0,1,1,22,27,10,9,0,0,0,1,0,1,33,0,0,6,6,6,14.166666666666666,0,0,6,6,6,14.333333333333334,0,12.7,3.7,-1.7,Graduate,12,1.0,1.0,0.16666666666666785,0
STD_1468,2,8,5,7,1,1,1,22,28,5,5,1,0,0,1,1,0,21,0,0,5,10,4,13.2,0,0,5,7,4,14.25,2,7.6,2.6,0.32,Enrolled,8,0.8,0.8,1.0500000000000007,0
STD_0020,1,1,1,16,1,1,1,13,14,8,8,1,0,0,1,0,0,18,0,0,7,7,6,11.666666666666666,0,0,7,8,6,13.5,0,16.2,0.3,-0.92,Enrolled,12,0.8571428571428571,0.8571428571428571,1.833333333333334,0
STD_2621,1,13,1,5,1,1,1,3,2,3,3,0,0,0,1,0,0,29,0,9,10,15,9,11.555555555555555,0,7,11,17,10,11.9,0,9.4,-0.8,-3.12,Enrolled,19,0.9,0.9090909090909091,0.344444444444445,0
STD_1090,1,14,1,2,1,1,1,13,14,6,8,0,0,0,1,0,0,18,0,0,0,0,0,0.0,0,0,0,0,0,0.0,0,15.5,2.8,-4.06,Enrolled,0,0.0,0.0,0.0,0
STD_2627,1,1,1,12,1,1,1,1,1,5,4,0,0,0,1,1,0,18,0,0,7,7,7,14.842857142857143,0,0,8,9,8,14.38888888888889,0,16.2,0.3,-0.92,Graduate,15,1.0,1.0,-0.45396825396825413,0
STD_1093,1,8,3,10,1,1,1,22,28,1,8,1,0,0,1,0,0,18,0,0,6,14,5,11.0,0,0,6,6,6,11.666666666666666,0,7.6,2.6,0.32,Graduate,11,0.8333333333333334,1.0,0.6666666666666661,0
STD_3078,1,14,1,7,1,1,1,1,1,10,3,0,0,1,0,1,0,27,0,0,5,5,0,0.0,0,0,5,7,0,0.0,0,13.9,-0.3,0.79,Enrolled,0,0.0,0.0,0.0,0
STD_0742,1,1,1,11,1,1,1,3,3,3,3,0,0,0,1,1,0,19,0,0,6,7,6,14.428571428571429,0,0,6,6,6,12.5,0,8.9,1.4,3.51,Graduate,12,1.0,1.0,-1.9285714285714288,0
STD_3968,1,1,1,12,1,1,1,1,14,10,10,0,0,0,1,0,1,20,0,0,7,14,0,0.0,0,0,7,15,0,0.0,0,11.1,0.6,2.02,Enrolled,0,0.0,0.0,0.0,0
STD_1586,1,1,1,2,1,1,1,17,28,10,9,1,0,0,1,1,0,20,0,0,0,0,0,0.0,0,0,0,0,0,0.0,0,7.6,2.6,0.32,Graduate,0,0.0,0.0,0.0,0
STD_4089,2,14,1,17,0,1,1,22,27,4,11,0,0,0,1,0,0,33,0,8,10,15,8,10.375,0,7,10,13,9,10.444444444444445,0,7.6,2.6,0.32,Enrolled,17,0.8,0.9,0.06944444444444464,0
STD_1776,1,1,3,15,1,1,1,1,3,1,1,0,0,0,0,1,0,20,0,0,4,4,0,0.0,0,0,4,8,0,0.0,0,10.8,1.4,1.74,Dropout,0,0.0,0.0,0.0,1
STD_1552,1,14,1,9,1,1,1,22,27,10,10,0,0,0,1,0,0,49,0,9,13,22,10,10.4,0,4,9,18,6,10.666666666666666,0,12.7,3.7,-1.7,Graduate,16,0.7692307692307693,0.6666666666666666,0.2666666666666657,0
STD_3044,1,1,1,5,1,1,1,3,3,4,4,0,0,0,1,0,1,21,0,1,6,8,6,12.571428571428571,1,0,6,8,6,11.625,0,13.9,-0.3,0.79,Graduate,12,1.0,1.0,-0.9464285714285712,0
STD_3369,1,1,6,12,1,1,1,13,27,10,10,1,0,0,1,0,1,19,0,0,8,8,7,14.06,0,0,8,8,7,14.06,0,10.8,1.4,1.74,Enrolled,14,0.875,0.875,0.0,0
STD_0898,1,14,1,5,1,14,1,13,27,6,10,1,0,0,1,0,1,21,0,4,12,12,12,13.333333333333334,0,5,12,12,11,12.545454545454543,0,15.5,2.8,-4.06,Graduate,23,1.0,0.9166666666666666,-0.7878787878787907,0
STD_2783,1,14,1,15,1,1,1,13,27,6,6,1,0,0,1,0,0,23,0,0,6,11,3,11.333333333333334,0,0,6,7,2,11.0,0,16.2,0.3,-0.92,Enrolled,5,0.5,0.3333333333333333,-0.3333333333333339,0
STD_2994,2,12,1,3,0,1,1,22,27,6,7,0,0,0,1,0,1,38,0,0,6,6,5,12.4,0,0,6,7,6,12.666666666666666,0,9.4,-0.8,-3.12,Graduate,11,0.8333333333333334,1.0,0.2666666666666657,0
STD_4273,1,1,1,12,1,1,1,1,14,10,10,0,0,0,1,1,1,19,0,0,8,8,7,12.514285714285714,0,0,8,8,7,12.514285714285714,0,12.7,3.7,-1.7,Graduate,14,0.875,0.875,0.0,0
STD_1708,1,1,4,9,1,1,1,1,28,9,10,1,0,0,1,1,0,19,0,0,5,5,4,10.75,0,0,5,6,4,12.25,0,12.4,0.5,1.79,Enrolled,8,0.8,0.8,1.5,0
STD_2029,1,1,1,12,1,1,1,13,27,5,10,1,0,0,1,0,1,19,0,0,7,7,6,12.966666666666669,0,0,7,7,6,12.966666666666669,0,7.6,2.6,0.32,Graduate,12,0.8571428571428571,0.8571428571428571,0.0,0
STD_0649,1,14,2,13,1,1,1,1,14,5,4,0,0,0,1,0,0,27,0,0,7,9,7,12.228571428571428,0,1,8,10,8,13.2125,0,10.8,1.4,1.74,Graduate,15,1.0,1.0,0.9839285714285726,0
STD_4268,1,1,1,11,1,1,1,1,1,6,6,1,0,0,1,1,1,21,0,0,6,6,6,11.666666666666666,0,0,6,7,5,12.2,0,10.8,1.4,1.74,Graduate,11,1.0,0.8333333333333334,0.5333333333333332,0
STD_2400,1,8,1,12,1,1,1,1,1,6,6,0,0,0,1,1,0,19,0,0,7,9,7,12.492857142857144,0,0,8,10,8,11.7125,0,16.2,0.3,-0.92,Graduate,15,1.0,1.0,-0.7803571428571434,0
STD_1453,1,1,1,2,1,1,1,1,1,5,2,1,0,0,1,1,0,20,0,0,0,0,0,0.0,0,0,0,0,0,0.0,0,10.8,1.4,1.74,Dropout,0,0.0,0.0,0.0,1
STD_2812,1,12,1,12,1,1,1,13,1,2,12,1,0,1,0,0,0,31,0,0,7,8,5,12.56,0,0,7,8,5,12.56,0,7.6,2.6,0.32,Dropout,10,0.7142857142857143,0.7142857142857143,0.0,1
STD_2433,1,1,3,15,1,1,1,23,28,10,8,1,0,0,1,1,1,18,0,0,6,6,6,12.5,0,0,6,7,6,12.666666666666666,0,10.8,1.4,1.74,Dropout,12,1.0,1.0,0.16666666666666607,1
STD_1559,1,7,1,2,1,1,1,22,27,10,10,1,0,0,1,1,0,19,0,0,0,0,0,0.0,0,0,0,0,0,0.0,0,7.6,2.6,0.32,Dropout,0,0.0,0.0,0.0,1
STD_3637,1,1,1,15,1,1,1,3,14,3,4,1,0,0,1,0,0,19,0,0,6,6,6,13.0,0,0,6,7,6,11.666666666666666,0,8.9,1.4,3.51,Graduate,12,1.0,1.0,-1.333333333333334,0
STD_1497,1,14,1,13,1,1,1,1,27,6,6,1,0,0,1,1,0,20,0,0,7,8,7,13.585714285714284,0,0,8,8,8,14.6875,0,15.5,2.8,-4.06,Graduate,15,1.0,1.0,1.1017857142857164,0
STD_3661,1,1,3,10,1,1,1,13,1,8,11,1,0,1,1,0,0,19,0,0,6,7,0,0.0,0,0,5,5,0,0.0,0,13.9,-0.3,0.79,Dropout,0,0.0,0.0,0.0,1
STD_2727,1,15,1,6,1,14,1,13,14,10,10,1,0,0,1,0,0,23,0,1,6,14,5,14.428571428571429,0,1,6,7,6,13.428571428571429,0,16.2,0.3,-0.92,Graduate,11,0.8333333333333334,1.0,-1.0,0
STD_0032,1,16,1,5,1,1,1,27,3,16,22,1,0,0,1,1,0,20,0,2,6,7,6,12.833333333333334,0,0,6,9,4,13.4,0,8.9,1.4,3.51,Graduate,10,1.0,0.6666666666666666,0.5666666666666664,0
STD_2061,1,8,6,12,1,1,1,13,27,4,10,1,0,0,1,0,1,19,0,0,7,7,7,13.371428571428572,0,0,8,9,8,13.666666666666666,0,16.2,0.3,-0.92,Graduate,15,1.0,1.0,0.2952380952380942,0
STD_3026,1,1,6,12,1,1,1,1,1,5,10,1,0,0,1,0,1,18,0,0,8,8,7,14.0,0,0,8,8,7,14.0,0,12.7,3.7,-1.7,Graduate,14,0.875,0.875,0.0,0
STD_0279,1,1,1,12,1,1,1,13,14,6,7,0,0,0,1,0,1,18,0,0,7,7,7,13.79714285714286,0,0,8,8,8,13.775,0,12.4,0.5,1.79,Enrolled,15,1.0,1.0,-0.02214285714286035,0
STD_2263,1,1,1,11,1,1,1,2,1,3,4,0,0,0,1,1,0,34,0,0,6,13,2,13.5,0,0,6,6,0,0.0,0,15.5,2.8,-4.06,Dropout,2,0.3333333333333333,0.0,-13.5,1
STD_0177,1,12,1,16,1,1,1,22,14,10,6,0,0,0,1,0,0,27,0,0,6,9,5,13.2,0,0,6,10,5,12.0,0,7.6,2.6,0.32,Graduate,10,0.8333333333333334,0.8333333333333334,-1.1999999999999993,0
STD_2473,1,1,1,14,1,1,1,1,1,10,10,1,0,0,1,1,0,18,0,0,6,6,4,11.25,0,0,6,10,3,10.333333333333334,0,10.8,1.4,1.74,Dropout,7,0.6666666666666666,0.5,-0.9166666666666661,1
STD_3883,1,1,1,14,1,1,1,22,28,10,10,1,0,1,0,0,0,18,0,0,6,7,4,11.25,0,0,6,9,4,10.857142857142858,0,10.8,1.4,1.74,Dropout,8,0.6666666666666666,0.6666666666666666,-0.39285714285714235,1
STD_2370,1,12,1,8,1,1,1,1,14,5,6,1,0,0,1,1,0,29,0,0,5,11,1,18.0,2,0,5,10,3,13.333333333333334,2,10.8,1.4,1.74,Dropout,4,0.2,0.6,-4.666666666666666,1
STD_2657,1,7,1,2,1,1,1,1,3,6,11,1,0,0,1,1,0,19,0,0,0,0,0,0.0,0,0,0,0,0,0.0,0,13.9,-0.3,0.79,Graduate,0,0.0,0.0,0.0,0
STD_0434,1,1,1,12,1,1,1,1,1,12,4,0,0,0,1,0,1,19,0,0,7,7,0,0.0,2,0,7,7,0,0.0,2,7.6,2.6,0.32,Dropout,0,0.0,0.0,0.0,1
STD_2619,1,8,2,16,1,1,1,23,14,6,6,1,0,0,1,0,1,19,0,0,6,8,6,12.333333333333334,0,0,6,7,5,12.4,0,10.8,1.4,1.74,Dropout,11,1.0,0.8333333333333334,0.06666666666666643,1
STD_2934,1,1,6,12,1,1,1,13,14,10,10,1,0,0,1,0,0,18,0,0,8,12,7,11.971428571428572,0,0,8,12,7,11.971428571428572,0,12.7,3.7,-1.7,Graduate,14,0.875,0.875,0.0,0
STD_3348,1,12,1,9,1,9,1,22,27,10,10,0,0,0,1,1,0,29,0,0,5,0,0,0.0,0,0,5,0,0,0.0,0,9.4,-0.8,-3.12,Dropout,0,0.0,0.0,0.0,1
STD_0426,1,1,1,12,1,1,1,22,27,10,4,0,0,0,1,0,0,20,0,0,7,7,6,13.916666666666666,0,0,7,7,6,13.916666666666666,0,7.6,2.6,0.32,Graduate,12,0.8571428571428571,0.8571428571428571,0.0,0
STD_3655,1,1,1,15,1,1,1,1,14,5,11,1,0,0,1,0,0,18,0,0,6,6,6,12.833333333333334,0,0,6,7,6,12.166666666666666,0,11.1,0.6,2.02,Graduate,12,1.0,1.0,-0.6666666666666679,0
STD_2119,1,1,4,15,1,1,4,10,10,12,5,1,0,0,1,0,0,18,1,0,6,6,6,12.666666666666666,0,0,6,8,5,14.4,0,7.6,2.6,0.32,Graduate,11,1.0,0.8333333333333334,1.7333333333333343,0
STD_2563,2,12,1,12,1,12,1,23,28,3,11,0,0,0,1,0,0,37,0,0,7,9,2,10.75,0,0,7,9,0,0.0,0,16.2,0.3,-0.92,Dropout,2,0.2857142857142857,0.0,-10.75,1
STD_0389,1,8,1,16,1,1,1,1,14,5,6,1,0,0,1,0,0,22,0,0,6,10,5,13.166666666666666,0,0,6,8,5,12.4,0,15.5,2.8,-4.06,Enrolled,10,0.8333333333333334,0.8333333333333334,-0.7666666666666657,0
STD_0220,1,8,1,6,1,1,1,13,27,2,4,0,0,0,1,0,0,21,0,0,5,10,0,0.0,1,0,5,9,2,13.5,0,7.6,2.6,0.32,Dropout,2,0.0,0.4,13.5,1
STD_1398,1,15,1,5,1,14,1,10,27,4,10,0,0,1,1,0,1,22,0,2,7,7,7,13.571428571428571,0,5,9,9,9,13.77777777777778,0,12.4,0.5,1.79,Graduate,16,1.0,1.0,0.20634920634920917,0
STD_2296,1,8,3,14,1,1,1,1,28,5,8,0,0,0,1,1,0,19,0,0,6,8,6,15.125,0,0,6,7,6,13.428571428571429,0,11.1,0.6,2.02,Graduate,12,1.0,1.0,-1.6964285714285712,0
STD_3666,1,12,1,4,1,12,1,22,27,10,5,0,0,0,1,1,0,43,0,0,6,8,6,12.875,0,0,6,14,5,12.142857142857142,0,16.2,0.3,-0.92,Enrolled,11,1.0,0.8333333333333334,-0.7321428571428577,0
STD_1556,1,1,2,12,1,1,1,1,14,3,8,1,0,0,1,0,0,21,0,0,7,7,7,12.835714285714284,0,0,8,8,8,14.23125,0,11.1,0.6,2.02,Graduate,15,1.0,1.0,1.3955357142857157,0
STD_0681,1,8,2,11,1,1,14,13,28,10,10,1,0,0,1,0,0,22,1,0,6,7,6,10.833333333333334,0,0,6,6,6,10.666666666666666,0,13.9,-0.3,0.79,Graduate,12,1.0,1.0,-0.16666666666666785,0
STD_2388,1,1,1,2,1,1,1,1,28,6,8,1,0,1,0,1,0,19,0,0,0,0,0,0.0,0,0,0,0,0,0.0,0,12.7,3.7,-1.7,Graduate,0,0.0,0.0,0.0,0
STD_3961,1,12,1,6,1,1,1,22,27,10,10,0,0,0,0,0,0,32,0,0,6,0,0,0.0,0,0,6,0,0,0.0,0,11.1,0.6,2.02,Dropout,0,0.0,0.0,0.0,1
STD_3660,1,15,1,6,1,14,1,23,1,6,6,0,0,0,1,0,0,20,0,0,5,10,2,14.5,1,0,5,7,4,11.25,0,12.7,3.7,-1.7,Enrolled,6,0.4,0.8,-3.25,0
STD_0254,1,1,1,15,1,1,1,22,27,10,9,1,0,0,1,0,0,18,0,0,6,12,1,11.0,0,0,6,12,0,0.0,0,9.4,-0.8,-3.12,Enrolled,1,0.16666666666666666,0.0,-11.0,0
STD_0308,1,12,1,8,1,3,1,3,1,12,12,1,0,0,1,0,0,34,0,1,5,6,1,11.0,0,0,5,5,0,0.0,0,12.7,3.7,-1.7,Dropout,1,0.2,0.0,-11.0,1
STD_3980,4,12,1,15,1,13,1,13,14,8,10,0,0,0,1,0,0,40,0,0,6,8,5,13.0,0,0,6,7,5,12.6,0,16.2,0.3,-0.92,Enrolled,10,0.8333333333333334,0.8333333333333334,-0.40000000000000036,0
STD_2536,1,8,2,16,1,1,1,3,1,2,6,1,0,0,1,0,0,19,0,0,6,8,5,11.4,1,0,6,7,4,10.75,0,12.7,3.7,-1.7,Enrolled,9,0.8333333333333334,0.6666666666666666,-0.6500000000000004,0
STD_2611,1,8,2,12,1,1,1,1,28,6,9,1,0,0,1,0,0,18,0,0,7,9,6,12.385714285714286,0,0,8,9,8,13.755555555555556,0,13.9,-0.3,0.79,Graduate,14,0.8571428571428571,1.0,1.3698412698412703,0
STD_1094,1,9,4,15,1,1,1,13,14,5,5,1,0,0,1,0,0,20,0,0,6,12,5,12.0,0,0,6,8,6,11.571428571428571,0,15.5,2.8,-4.06,Dropout,11,0.8333333333333334,1.0,-0.4285714285714288,1
STD_3853,1,14,1,4,1,1,1,22,27,6,10,1,0,0,1,1,0,39,0,0,6,8,0,0.0,0,1,6,8,2,11.0,0,16.2,0.3,-0.92,Dropout,2,0.0,0.3333333333333333,11.0,1
STD_2559,1,14,1,9,1,1,1,23,14,20,36,0,0,0,1,0,0,19,0,0,5,11,5,11.5,0,0,5,9,2,10.666666666666666,0,13.9,-0.3,0.79,Enrolled,7,1.0,0.4,-0.8333333333333339,0
STD_4206,1,1,3,12,1,1,1,1,27,5,10,1,0,0,1,0,0,19,0,0,7,7,6,13.533333333333331,0,0,7,7,6,13.533333333333331,0,7.6,2.6,0.32,Graduate,12,0.8571428571428571,0.8571428571428571,0.0,0
STD_1411,1,12,1,3,0,12,1,22,27,10,6,0,0,0,1,0,0,58,0,0,6,6,0,0.0,0,0,6,6,0,0.0,0,11.1,0.6,2.02,Dropout,0,0.0,0.0,0.0,1
STD_2771,1,8,6,13,1,1,1,13,28,8,8,1,0,0,1,0,1,18,0,0,7,9,7,14.1,0,0,8,8,8,13.3125,0,12.7,3.7,-1.7,Graduate,15,1.0,1.0,-0.7874999999999996,0
STD_3609,1,8,1,7,1,1,1,13,1,6,5,1,0,0,1,1,0,20,0,0,5,7,5,15.8,0,0,5,7,5,14.571428571428571,0,11.1,0.6,2.02,Dropout,10,1.0,1.0,-1.2285714285714295,1
STD_4324,1,12,1,17,0,12,1,22,27,10,7,0,0,1,1,0,0,28,0,0,5,14,2,10.5,0,0,5,6,0,0.0,0,12.4,0.5,1.79,Dropout,2,0.4,0.0,-10.5,1
STD_3339,1,12,1,6,1,1,1,22,26,12,8,0,0,0,1,1,0,28,0,0,5,8,3,12.0,0,0,5,10,3,11.333333333333334,0,7.6,2.6,0.32,Dropout,6,0.6,0.6,-0.6666666666666661,1
STD_1721,1,8,1,6,1,1,1,23,27,10,10,1,0,0,1,1,0,18,0,0,5,6,5,12.0,0,0,5,8,5,12.142857142857142,0,10.8,1.4,1.74,Graduate,10,1.0,1.0,0.14285714285714235,0
STD_2133,1,1,2,9,1,1,1,13,27,5,6,1,0,0,1,0,0,20,0,0,5,8,3,11.333333333333334,0,0,5,8,5,12.2,0,7.6,2.6,0.32,Graduate,8,0.6,1.0,0.8666666666666654,0
STD_1381,1,9,1,13,1,1,1,3,14,3,9,1,0,0,1,1,0,21,0,0,7,8,7,12.375,0,0,7,11,5,12.583333333333334,0,8.9,1.4,3.51,Graduate,12,1.0,0.7142857142857143,0.20833333333333393,0
STD_0358,1,12,1,17,0,1,1,22,27,12,9,0,0,0,1,0,0,33,0,0,5,0,0,0.0,0,0,5,0,0,0.0,0,12.7,3.7,-1.7,Dropout,0,0.0,0.0,0.0,1
STD_2753,2,12,1,3,0,12,1,13,27,7,9,0,0,0,1,1,0,48,0,0,6,6,0,0.0,0,0,5,6,0,0.0,0,12.4,0.5,1.79,Dropout,0,0.0,0.0,0.0,1
STD_3168,1,12,1,17,0,1,1,13,28,10,9,0,1,0,1,0,0,24,0,0,5,7,3,10.666666666666666,0,0,5,7,3,10.5,0,10.8,1.4,1.74,Dropout,6,0.6,0.6,-0.16666666666666607,1
STD_1333,1,1,1,8,1,1,1,3,1,2,4,0,0,0,0,0,0,23,0,0,5,9,0,0.0,3,1,5,10,1,12.0,3,10.8,1.4,1.74,Dropout,1,0.0,0.2,12.0,1
STD_1602,1,8,6,14,1,1,1,1,14,5,11,0,0,0,1,1,0,21,0,0,6,10,6,12.285714285714286,0,0,6,11,4,14.25,0,15.5,2.8,-4.06,Enrolled,10,1.0,0.6666666666666666,1.9642857142857135,0
STD_3290,1,12,1,4,1,12,1,22,27,10,8,0,0,0,1,1,0,35,0,17,18,20,18,11.555555555555555,0,11,13,13,13,11.615384615384617,0,15.5,2.8,-4.06,Graduate,31,1.0,1.0,0.05982905982906139,0
STD_3447,1,7,1,6,1,1,1,3,3,3,2,1,0,0,1,0,0,19,0,0,6,7,6,15.714285714285714,0,0,6,6,6,14.666666666666666,0,13.9,-0.3,0.79,Dropout,12,1.0,1.0,-1.0476190476190474,1
STD_3377,1,8,1,6,1,1,1,13,27,10,10,1,0,0,1,0,1,21,0,0,6,6,6,14.5,0,0,6,8,6,14.666666666666666,0,8.9,1.4,3.51,Graduate,12,1.0,1.0,0.16666666666666607,0
STD_1369,1,1,1,9,1,1,1,13,14,8,4,1,0,0,1,1,0,21,0,0,5,8,3,10.0,0,0,5,10,4,11.0,0,12.7,3.7,-1.7,Dropout,7,0.6,0.8,1.0,1
STD_0025,1,1,1,12,1,1,1,13,14,4,8,0,0,0,1,0,0,19,0,0,7,8,6,13.296666666666669,0,0,8,9,7,14.114285714285714,0,11.1,0.6,2.02,Graduate,13,0.8571428571428571,0.875,0.8176190476190452,0
STD_3999,4,4,1,12,1,15,1,13,14,5,7,0,0,0,0,0,0,42,0,2,7,10,5,12.62,0,3,7,11,3,14.166666666666666,0,12.4,0.5,1.79,Dropout,8,0.7142857142857143,0.42857142857142855,1.5466666666666669,1
STD_1156,1,1,1,9,1,1,1,1,2,11,11,1,0,0,1,0,0,19,0,0,5,9,4,12.25,0,0,5,10,4,12.0,0,8.9,1.4,3.51,Enrolled,8,0.8,0.8,-0.25,0
STD_0148,1,8,1,11,1,1,1,1,27,10,11,1,0,0,1,0,0,20,0,0,6,8,5,11.2,0,0,6,12,3,11.666666666666666,0,7.6,2.6,0.32,Dropout,8,0.8333333333333334,0.5,0.4666666666666668,1
STD_2795,4,12,1,17,0,1,1,22,27,10,10,0,0,0,1,1,0,29,0,0,5,5,0,0.0,0,0,5,5,0,0.0,0,7.6,2.6,0.32,Enrolled,0,0.0,0.0,0.0,0
STD_1794,1,8,1,6,1,1,1,1,1,5,8,1,0,0,1,1,0,22,0,0,6,16,0,0.0,0,0,6,7,0,0.0,0,16.2,0.3,-0.92,Dropout,0,0.0,0.0,0.0,1
STD_2977,1,1,2,11,1,1,1,1,14,10,10,1,0,0,1,0,1,19,0,0,6,8,6,13.0,0,0,6,6,6,12.166666666666666,0,8.9,1.4,3.51,Graduate,12,1.0,1.0,-0.8333333333333339,0
STD_2810,1,1,3,12,1,1,1,1,14,17,40,1,0,0,1,0,0,19,0,0,7,12,4,13.375,0,0,7,8,6,12.116666666666667,0,12.4,0.5,1.79,Enrolled,10,0.5714285714285714,0.8571428571428571,-1.2583333333333329,0
STD_3505,1,1,1,14,1,1,1,1,1,6,10,0,0,0,1,1,1,18,0,0,6,8,6,12.166666666666666,0,0,6,7,5,13.0,0,13.9,-0.3,0.79,Graduate,11,1.0,0.8333333333333334,0.8333333333333339,0
STD_2739,1,8,2,9,1,1,1,23,27,7,7,0,0,0,1,0,0,18,0,0,5,11,5,11.333333333333334,0,0,5,8,5,12.0,0,13.9,-0.3,0.79,Graduate,10,1.0,1.0,0.6666666666666661,0
STD_2670,1,12,1,3,0,1,1,22,28,10,10,0,0,0,1,1,0,34,0,0,6,6,4,12.25,0,0,5,5,0,0.0,0,11.1,0.6,2.02,Dropout,4,0.6666666666666666,0.0,-12.25,1
STD_0356,1,8,1,6,1,1,1,13,1,5,6,1,0,0,1,0,0,18,0,0,6,7,6,15.0,0,0,6,7,6,16.428571428571427,0,11.1,0.6,2.02,Graduate,12,1.0,1.0,1.428571428571427,0
STD_0196,1,12,1,17,0,15,1,13,1,4,5,1,0,0,1,0,0,27,0,0,5,0,0,0.0,0,0,5,0,0,0.0,0,8.9,1.4,3.51,Dropout,0,0.0,0.0,0.0,1
STD_1568,1,1,2,9,1,1,1,1,14,5,5,1,0,0,1,1,0,21,0,0,5,9,4,10.75,0,0,5,6,5,11.4,0,11.1,0.6,2.02,Graduate,9,0.8,1.0,0.6500000000000004,0
STD_2533,1,7,2,10,1,1,1,23,27,4,6,1,0,0,1,0,1,19,0,0,6,14,3,12.666666666666666,0,0,6,7,6,11.0,0,9.4,-0.8,-3.12,Graduate,9,0.5,1.0,-1.666666666666666,0
STD_4226,1,15,1,10,1,14,1,23,14,6,1,0,0,0,1,0,0,21,0,3,6,7,6,12.571428571428571,0,2,6,6,6,13.5,0,12.4,0.5,1.79,Graduate,12,1.0,1.0,0.9285714285714288,0
STD_4013,2,12,2,14,1,1,14,22,14,10,10,0,0,0,1,0,0,30,1,0,6,0,0,0.0,0,0,6,0,0,0.0,0,9.4,-0.8,-3.12,Dropout,0,0.0,0.0,0.0,1
STD_1566,1,8,6,10,1,1,1,1,14,8,8,1,0,0,1,0,1,19,0,0,6,8,6,13.625,0,0,6,7,6,12.166666666666666,0,12.7,3.7,-1.7,Graduate,12,1.0,1.0,-1.458333333333334,0
STD_3654,1,15,1,6,1,14,1,1,14,10,10,1,0,0,1,0,0,20,0,1,6,13,6,12.555555555555555,0,1,6,11,5,11.8,0,16.2,0.3,-0.92,Enrolled,11,1.0,0.8333333333333334,-0.7555555555555546,0
STD_4369,1,12,1,17,0,1,1,22,27,10,10,1,0,0,0,1,0,25,0,0,5,5,0,0.0,0,0,5,5,0,0.0,0,9.4,-0.8,-3.12,Dropout,0,0.0,0.0,0.0,1
STD_3788,1,1,1,10,1,1,1,23,28,10,9,1,0,0,1,1,0,18,0,0,6,9,5,11.0,0,0,6,12,0,0.0,0,11.1,0.6,2.02,Dropout,5,0.8333333333333334,0.0,-11.0,1
STD_3389,1,1,4,2,1,1,1,1,1,10,6,1,0,0,1,0,1,19,0,6,12,12,12,12.75,0,4,11,16,11,13.25,0,8.9,1.4,3.51,Graduate,23,1.0,1.0,0.5,0
STD_0183,1,12,1,15,1,12,1,13,14,4,5,0,0,1,0,0,0,27,0,0,6,6,5,12.0,0,0,6,6,0,0.0,0,11.1,0.6,2.02,Dropout,5,0.8333333333333334,0.0,-12.0,1
STD_2442,1,12,1,3,0,1,1,22,27,7,7,0,0,0,1,1,0,39,0,0,6,8,5,11.4,0,1,6,12,3,11.0,1,7.6,2.6,0.32,Enrolled,8,0.8333333333333334,0.5,-0.40000000000000036,0
STD_1664,1,8,1,12,1,1,1,1,27,10,8,0,0,0,1,0,1,18,0,0,7,7,7,13.44285714285714,0,0,8,8,8,15.075,0,13.9,-0.3,0.79,Graduate,15,1.0,1.0,1.6321428571428598,0
STD_3624,1,9,6,3,0,1,1,3,14,3,5,1,0,0,1,0,0,23,0,0,6,8,4,11.0,0,0,6,6,0,0.0,0,13.9,-0.3,0.79,Dropout,4,0.6666666666666666,0.0,-11.0,1
STD_0154,1,1,1,16,1,1,1,22,27,10,10,1,0,0,1,0,0,18,0,0,6,7,6,13.333333333333334,0,0,6,8,5,11.8,0,7.6,2.6,0.32,Graduate,11,1.0,0.8333333333333334,-1.5333333333333332,0
STD_2698,1,8,1,14,1,1,1,13,14,29,36,0,0,1,0,1,0,21,0,0,6,11,4,12.25,0,0,6,9,4,13.4,0,11.1,0.6,2.02,Enrolled,8,0.6666666666666666,0.6666666666666666,1.1500000000000004,0
STD_1541,1,8,1,9,1,1,1,23,27,4,6,1,0,0,1,0,0,19,0,0,5,5,3,11.666666666666666,0,0,5,10,4,10.8,0,9.4,-0.8,-3.12,Dropout,7,0.6,0.8,-0.8666666666666654,1
STD_0038,1,14,1,9,1,1,1,22,27,7,7,0,0,0,1,0,0,55,0,0,5,10,1,10.0,0,0,5,8,2,12.0,2,16.2,0.3,-0.92,Dropout,3,0.2,0.4,2.0,1
STD_4217,1,1,6,15,1,1,1,1,27,4,4,1,0,1,0,0,0,20,0,0,4,4,0,0.0,0,0,5,5,0,0.0,0,12.4,0.5,1.79,Dropout,0,0.0,0.0,0.0,1
STD_0553,1,14,1,5,1,1,1,10,10,2,11,0,0,1,1,1,0,21,0,5,11,12,9,11.77777777777778,0,3,8,11,3,13.666666666666666,0,15.5,2.8,-4.06,Dropout,12,0.8181818181818182,0.375,1.8888888888888857,1
STD_2062,1,8,5,13,1,1,1,13,14,10,9,1,0,0,1,0,1,19,0,0,7,8,7,13.385714285714286,0,0,8,8,8,13.3875,0,10.8,1.4,1.74,Graduate,15,1.0,1.0,0.0017857142857131691,0
STD_3274,1,14,1,12,1,1,1,22,27,10,7,1,0,0,1,0,0,26,0,0,7,8,6,12.0,0,0,7,8,6,12.0,0,7.6,2.6,0.32,Enrolled,12,0.8571428571428571,0.8571428571428571,0.0,0
STD_0262,1,12,1,3,0,1,1,22,27,13,13,0,0,0,1,0,0,34,0,0,6,0,0,0.0,0,0,6,0,0,0.0,0,12.7,3.7,-1.7,Dropout,0,0.0,0.0,0.0,1
STD_1234,1,8,2,15,1,1,1,3,1,5,6,1,0,0,1,0,0,19,0,0,6,6,6,12.833333333333334,0,0,6,6,6,12.666666666666666,0,16.2,0.3,-0.92,Graduate,12,1.0,1.0,-0.16666666666666785,0
STD_0559,1,15,1,11,1,14,1,24,29,32,44,1,0,1,1,1,0,23,0,0,6,12,3,11.5,0,0,6,12,3,10.666666666666666,0,8.9,1.4,3.51,Enrolled,6,0.5,0.5,-0.8333333333333339,0
STD_0031,1,15,1,4,1,14,1,4,5,5,3,0,0,0,1,1,0,21,0,0,6,15,5,11.857142857142858,0,0,6,17,5,10.571428571428571,0,16.2,0.3,-0.92,Enrolled,10,0.8333333333333334,0.8333333333333334,-1.2857142857142865,0
STD_2291,1,13,1,7,1,1,1,5,5,3,3,0,0,0,1,1,0,30,0,1,6,9,2,15.0,0,1,6,7,2,13.5,0,15.5,2.8,-4.06,Dropout,4,0.3333333333333333,0.3333333333333333,-1.5,1
STD_1242,2,12,1,8,1,1,1,13,14,5,5,0,0,0,0,1,0,31,0,0,4,12,2,11.0,2,0,5,9,3,11.666666666666666,0,9.4,-0.8,-3.12,Dropout,5,0.5,0.6,0.6666666666666661,1
STD_1551,2,14,1,3,0,1,1,19,24,1,1,0,0,0,1,0,1,35,0,11,16,16,16,12.6875,0,11,13,13,13,12.0,0,9.4,-0.8,-3.12,Graduate,29,1.0,1.0,-0.6875,0
STD_0310,1,15,1,8,1,14,1,22,27,8,9,1,0,1,0,0,0,19,0,2,6,7,5,11.6,0,1,6,12,2,11.0,0,12.4,0.5,1.79,Dropout,7,0.8333333333333334,0.3333333333333333,-0.5999999999999996,1
STD_3948,1,8,4,13,1,1,1,23,27,4,8,1,0,0,1,0,0,21,0,0,7,0,0,0.0,0,0,7,0,0,0.0,0,12.7,3.7,-1.7,Dropout,0,0.0,0.0,0.0,1
STD_2118,1,1,5,12,1,1,1,23,28,10,10,1,0,0,1,0,0,18,0,0,8,8,8,12.82875,0,0,8,8,8,12.82875,0,9.4,-0.8,-3.12,Dropout,16,1.0,1.0,0.0,1
STD_0583,1,8,1,14,1,1,1,1,14,9,8,1,0,0,1,0,0,19,0,0,6,6,6,14.833333333333334,0,0,6,8,6,13.285714285714286,0,8.9,1.4,3.51,Enrolled,12,1.0,1.0,-1.5476190476190474,0
STD_3978,1,8,2,12,1,1,1,22,1,10,5,1,0,0,1,0,1,19,0,0,7,7,6,13.8,0,0,7,7,6,13.8,0,7.6,2.6,0.32,Graduate,12,0.8571428571428571,0.8571428571428571,0.0,0
STD_2073,1,1,1,14,1,1,1,23,28,6,10,1,0,0,1,0,0,20,0,0,6,9,6,13.285714285714286,0,0,6,8,5,13.8,0,15.5,2.8,-4.06,Graduate,11,1.0,0.8333333333333334,0.5142857142857142,0
STD_0516,2,9,2,10,1,1,1,22,27,10,11,0,0,1,0,0,0,39,0,0,6,0,0,0.0,0,0,6,0,0,0.0,0,9.4,-0.8,-3.12,Dropout,0,0.0,0.0,0.0,1
STD_2418,1,14,1,17,0,1,1,22,27,10,10,1,0,0,1,1,0,25,0,14,15,16,15,10.8,0,13,14,14,14,11.357142857142858,0,9.4,-0.8,-3.12,Graduate,29,1.0,1.0,0.5571428571428569,0
STD_3250,1,1,3,5,1,1,1,23,27,6,6,1,0,0,1,0,0,18,0,0,6,6,6,14.166666666666666,0,0,6,6,6,14.0,0,16.2,0.3,-0.92,Graduate,12,1.0,1.0,-0.16666666666666607,0
STD_0057,2,4,1,11,1,3,1,1,3,5,4,0,0,0,1,0,0,39,0,0,6,10,0,0.0,0,0,6,6,0,0.0,0,12.4,0.5,1.79,Dropout,0,0.0,0.0,0.0,1
STD_0865,1,15,1,6,1,14,1,1,1,6,5,1,1,0,0,1,0,19,0,2,6,6,6,14.0,0,1,6,11,6,13.5,0,12.4,0.5,1.79,Dropout,12,1.0,1.0,-0.5,1
STD_0064,1,8,1,5,1,1,1,1,1,4,5,1,0,0,1,1,0,19,0,0,6,6,5,11.4,0,0,6,8,1,10.0,0,10.8,1.4,1.74,Enrolled,6,0.8333333333333334,0.16666666666666666,-1.4000000000000004,0
STD_0092,1,8,2,15,1,1,14,13,1,10,10,1,0,0,0,0,0,21,1,0,6,6,6,14.0,0,0,6,6,6,13.5,0,8.9,1.4,3.51,Graduate,12,1.0,1.0,-0.5,0
STD_2066,1,1,2,16,1,1,1,1,28,10,9,1,0,0,1,0,1,19,0,0,6,7,6,14.0,0,0,6,6,6,15.0,0,15.5,2.8,-4.06,Graduate,12,1.0,1.0,1.0,0
STD_3823,1,8,6,15,1,1,1,22,27,6,6,1,0,0,1,1,0,18,0,0,6,6,6,15.166666666666666,0,0,6,6,6,14.833333333333334,0,9.4,-0.8,-3.12,Graduate,12,1.0,1.0,-0.33333333333333215,0
STD_0919,2,15,1,4,1,14,1,22,28,10,5,0,0,0,1,0,0,43,0,0,6,8,6,14.166666666666666,0,0,6,9,6,15.0,0,15.5,2.8,-4.06,Graduate,12,1.0,1.0,0.8333333333333339,0
STD_0483,1,1,3,12,1,1,1,3,1,3,6,0,0,0,1,0,0,19,0,0,7,0,0,0.0,0,0,8,0,0,0.0,0,7.6,2.6,0.32,Dropout,0,0.0,0.0,0.0,1
STD_0074,1,8,4,11,1,1,1,23,27,6,8,1,0,0,1,1,0,18,0,0,6,12,3,11.666666666666666,0,0,6,12,1,12.0,0,12.4,0.5,1.79,Dropout,4,0.5,0.16666666666666666,0.3333333333333339,1
STD_3603,1,1,4,15,1,1,1,13,14,10,8,1,0,0,1,1,0,18,0,0,6,6,6,12.833333333333334,0,0,6,8,6,12.833333333333334,0,12.4,0.5,1.79,Graduate,12,1.0,1.0,0.0,0
STD_0538,1,8,1,11,1,1,1,3,14,5,5,0,0,0,1,1,0,21,0,0,6,7,5,11.0,0,0,6,7,5,12.4,0,15.5,2.8,-4.06,Graduate,10,0.8333333333333334,0.8333333333333334,1.4000000000000004,0
STD_0855,1,8,4,7,1,1,1,13,14,6,6,1,0,1,0,1,0,18,0,0,5,12,0,0.0,0,0,5,8,0,0.0,0,9.4,-0.8,-3.12,Enrolled,0,0.0,0.0,0.0,0
STD_2001,1,12,1,11,1,1,1,1,1,10,7,1,0,1,0,0,0,24,0,0,6,14,6,11.285714285714286,0,0,6,16,3,10.333333333333334,0,8.9,1.4,3.51,Dropout,9,1.0,0.5,-0.9523809523809526,1
STD_0587,1,8,1,6,1,1,1,23,14,12,12,0,0,0,1,0,0,19,0,0,5,7,3,12.0,0,0,5,7,5,13.2,0,7.6,2.6,0.32,Graduate,8,0.6,1.0,1.1999999999999993,0
STD_1248,1,1,3,10,1,1,1,13,14,10,10,1,0,1,1,0,0,19,0,0,6,0,0,0.0,0,0,6,0,0,0.0,0,12.4,0.5,1.79,Dropout,0,0.0,0.0,0.0,1
STD_0784,1,1,3,12,1,1,1,3,3,2,4,1,0,0,1,0,0,18,0,0,8,9,6,13.345,2,0,8,9,6,13.345,2,9.4,-0.8,-3.12,Enrolled,12,0.75,0.75,0.0,0
STD_1323,1,1,5,12,1,1,1,23,28,10,10,1,0,0,1,0,1,18,0,0,8,8,8,13.76375,0,0,8,8,8,13.76375,0,9.4,-0.8,-3.12,Graduate,16,1.0,1.0,0.0,0
STD_3530,1,1,1,12,1,1,1,10,1,5,11,0,0,0,1,1,0,20,0,0,7,9,5,12.7,0,0,8,9,7,13.475,0,13.9,-0.3,0.79,Enrolled,12,0.7142857142857143,0.875,0.7750000000000004,0
STD_4385,2,1,1,10,1,1,1,22,24,10,8,0,0,0,0,0,0,27,0,0,6,12,2,11.0,0,0,6,14,4,10.5,0,9.4,-0.8,-3.12,Dropout,6,0.3333333333333333,0.6666666666666666,-0.5,1
STD_4188,2,12,1,3,0,1,1,22,28,4,8,0,0,0,1,0,0,28,0,0,6,8,5,11.833333333333334,0,0,6,6,6,13.0,0,16.2,0.3,-0.92,Graduate,11,0.8333333333333334,1.0,1.166666666666666,0
STD_2009,1,1,1,2,1,1,1,22,27,10,8,1,0,0,1,0,0,18,0,0,0,0,0,0.0,0,0,0,0,0,0.0,0,7.6,2.6,0.32,Graduate,0,0.0,0.0,0.0,0
STD_1251,1,1,1,11,1,1,1,13,29,5,9,1,0,0,1,0,0,20,0,0,6,7,6,14.833333333333334,0,0,6,6,6,16.0,0,11.1,0.6,2.02,Graduate,12,1.0,1.0,1.166666666666666,0
STD_2186,1,8,1,11,1,1,1,13,14,8,6,1,0,0,1,0,1,19,0,0,6,10,4,12.25,0,0,6,9,3,12.333333333333334,0,9.4,-0.8,-3.12,Graduate,7,0.6666666666666666,0.5,0.08333333333333393,0
STD_2281,1,14,1,4,1,1,1,1,2,5,3,0,0,0,1,1,0,28,0,9,18,36,17,13.058823529411764,1,6,12,15,12,12.307692307692308,0,15.5,2.8,-4.06,Graduate,29,0.9444444444444444,1.0,-0.7511312217194561,0
STD_1854,1,15,1,4,1,14,1,3,3,3,11,1,0,0,1,1,0,20,0,0,6,7,6,14.0,0,0,6,7,6,14.666666666666666,0,12.4,0.5,1.79,Graduate,12,1.0,1.0,0.6666666666666661,0
STD_1660,1,1,1,2,1,1,1,3,3,2,3,1,0,0,1,0,0,20,0,0,0,0,0,0.0,0,0,0,0,0,0.0,0,13.9,-0.3,0.79,Enrolled,0,0.0,0.0,0.0,0
STD_2389,1,8,4,9,1,1,1,23,14,6,6,1,0,0,1,1,1,18,0,0,5,8,4,10.8,0,0,5,10,2,12.5,0,11.1,0.6,2.02,Dropout,6,0.8,0.4,1.6999999999999993,1
STD_4213,1,8,2,15,1,1,1,1,1,5,9,1,0,0,1,0,0,19,0,0,6,6,6,13.333333333333334,0,0,6,6,6,14.666666666666666,0,12.4,0.5,1.79,Graduate,12,1.0,1.0,1.3333333333333321,0
STD_0944,1,4,1,6,1,3,1,1,14,10,11,0,0,0,1,0,0,34,0,0,6,0,0,0.0,0,0,6,0,0,0.0,0,15.5,2.8,-4.06,Dropout,0,0.0,0.0,0.0,1
STD_1017,1,8,1,9,1,1,1,22,1,10,10,1,0,1,1,0,1,19,0,0,5,5,4,11.0,0,0,5,5,0,0.0,0,11.1,0.6,2.02,Dropout,4,0.8,0.0,-11.0,1
STD_4410,2,14,1,17,0,1,1,22,27,5,2,0,0,0,1,1,0,38,0,0,5,5,5,14.6,0,0,5,6,5,14.333333333333334,0,13.9,-0.3,0.79,Graduate,10,1.0,1.0,-0.2666666666666657,0
STD_4214,1,1,1,10,1,1,1,13,27,10,10,0,0,0,0,0,1,20,0,0,6,10,5,13.4,0,0,6,9,5,11.4,0,10.8,1.4,1.74,Graduate,10,0.8333333333333334,0.8333333333333334,-2.0,0
STD_1065,1,1,1,16,1,1,1,13,1,6,11,1,0,1,1,0,0,18,0,0,6,9,5,13.6,0,0,6,10,4,11.75,0,9.4,-0.8,-3.12,Enrolled,9,0.8333333333333334,0.6666666666666666,-1.8499999999999996,0
STD_0941,1,1,3,15,1,1,1,13,14,6,6,1,0,0,1,0,0,19,0,0,6,6,6,13.0,0,0,6,8,5,12.4,0,12.4,0.5,1.79,Graduate,11,1.0,0.8333333333333334,-0.5999999999999996,0
STD_4012,1,3,1,9,1,1,1,13,28,6,7,1,0,0,1,0,0,19,0,0,5,15,3,10.8,0,0,5,6,3,10.5,0,13.9,-0.3,0.79,Enrolled,6,0.6,0.6,-0.3000000000000007,0
STD_3814,1,4,1,3,0,17,1,13,14,10,5,0,0,0,1,0,0,37,0,12,14,14,14,16.5,0,8,11,11,11,16.90909090909091,0,8.9,1.4,3.51,Graduate,25,1.0,1.0,0.40909090909091006,0
STD_1750,1,14,1,5,1,1,1,23,28,8,8,1,0,0,1,1,0,25,0,11,17,18,13,11.538461538461538,0,10,15,15,10,12.4,0,12.7,3.7,-1.7,Dropout,23,0.7647058823529411,0.6666666666666666,0.861538461538462,1
STD_2082,1,1,1,12,1,1,1,4,4,3,2,0,0,0,1,0,0,19,0,0,7,7,6,14.15,0,0,7,7,6,14.15,0,7.6,2.6,0.32,Graduate,12,0.8571428571428571,0.8571428571428571,0.0,0
STD_1986,1,8,2,11,1,1,1,22,27,10,8,1,0,0,1,0,1,20,0,0,6,10,4,11.6,0,0,6,10,4,11.75,0,12.7,3.7,-1.7,Graduate,8,0.6666666666666666,0.6666666666666666,0.15000000000000036,0
STD_2185,1,8,2,10,1,1,1,2,1,4,5,1,0,0,1,0,0,19,0,0,6,14,1,11.5,0,0,6,12,2,10.5,0,7.6,2.6,0.32,Enrolled,3,0.16666666666666666,0.3333333333333333,-1.0,0
STD_0380,1,15,1,6,1,14,1,22,28,6,7,1,0,0,1,0,0,21,0,2,6,16,5,12.666666666666666,0,1,6,15,2,13.5,0,16.2,0.3,-0.92,Enrolled,7,0.8333333333333334,0.3333333333333333,0.8333333333333339,0
STD_4061,1,3,1,8,1,1,1,5,33,3,3,1,0,0,1,0,0,18,0,0,6,6,6,15.0,0,0,6,6,6,14.833333333333334,0,8.9,1.4,3.51,Graduate,12,1.0,1.0,-0.16666666666666607,0
STD_0984,2,12,1,17,0,1,1,23,28,10,4,0,0,0,1,1,0,34,0,0,5,10,4,11.75,0,0,5,10,4,10.833333333333334,0,13.9,-0.3,0.79,Enrolled,8,0.8,0.8,-0.9166666666666661,0
STD_1067,1,1,6,12,1,1,1,23,27,6,7,1,0,0,1,0,1,19,0,0,7,7,6,13.416666666666666,0,0,7,7,6,13.416666666666666,0,7.6,2.6,0.32,Graduate,12,0.8571428571428571,0.8571428571428571,0.0,0
STD_0725,1,4,3,8,1,3,1,22,18,12,11,0,0,0,0,1,0,41,0,0,5,9,0,0.0,4,0,5,9,0,0.0,3,10.8,1.4,1.74,Dropout,0,0.0,0.0,0.0,1
STD_2986,1,8,1,5,1,1,1,22,14,10,10,1,0,0,1,0,0,19,0,0,6,6,6,14.333333333333334,0,0,6,6,6,13.5,0,12.7,3.7,-1.7,Graduate,12,1.0,1.0,-0.8333333333333339,0
STD_1377,1,8,1,9,1,1,1,1,1,10,4,1,0,0,1,1,0,18,0,0,5,6,5,12.0,0,0,5,7,4,12.5,0,15.5,2.8,-4.06,Enrolled,9,1.0,0.8,0.5,0
STD_0216,1,12,1,13,1,15,1,1,1,5,6,0,0,0,1,0,0,25,0,0,7,10,6,12.125,0,0,8,9,8,13.3125,0,15.5,2.8,-4.06,Enrolled,14,0.8571428571428571,1.0,1.1875,0
STD_2143,1,8,1,10,1,1,1,1,1,10,10,1,0,0,1,0,0,21,0,0,6,8,6,12.166666666666666,0,0,6,7,6,13.285714285714286,0,11.1,0.6,2.02,Graduate,12,1.0,1.0,1.1190476190476204,0
STD_0235,1,1,1,9,1,1,1,22,1,10,11,0,0,0,1,0,0,21,0,0,5,12,3,12.0,0,0,5,12,1,15.0,3,16.2,0.3,-0.92,Dropout,4,0.6,0.2,3.0,1
STD_4421,1,1,2,15,1,1,19,1,1,10,10,1,0,1,0,0,0,18,1,0,6,6,6,12.0,0,0,6,6,2,11.0,0,11.1,0.6,2.02,Dropout,8,1.0,0.3333333333333333,-1.0,1
STD_1886,1,1,1,12,1,1,1,13,2,10,4,1,0,0,1,0,0,19,0,0,7,7,6,12.183333333333332,0,0,7,7,6,12.183333333333332,0,7.6,2.6,0.32,Graduate,12,0.8571428571428571,0.8571428571428571,0.0,0
STD_0186,1,9,2,9,1,1,1,3,3,6,8,1,0,1,0,0,0,20,0,0,5,9,3,10.0,0,0,5,9,3,10.571428571428571,0,10.8,1.4,1.74,Dropout,6,0.6,0.6,0.5714285714285712,1
STD_0233,1,1,2,14,1,1,1,1,3,5,4,0,0,0,1,0,0,19,0,0,5,5,5,13.0,0,0,5,5,5,13.2,0,9.4,-0.8,-3.12,Graduate,10,1.0,1.0,0.1999999999999993,0
STD_2256,1,12,1,11,1,1,1,22,27,10,7,0,0,0,1,1,0,54,0,0,6,9,6,13.714285714285714,0,0,6,13,5,14.333333333333334,0,16.2,0.3,-0.92,Dropout,11,1.0,0.8333333333333334,0.6190476190476204,1
STD_3305,1,15,1,3,0,14,1,1,27,10,8,0,0,0,1,0,1,21,0,3,6,6,6,14.666666666666666,0,2,6,6,6,13.833333333333334,0,12.4,0.5,1.79,Graduate,12,1.0,1.0,-0.8333333333333321,0
STD_3295,1,14,1,12,1,1,1,23,14,10,11,0,0,0,1,0,0,23,0,0,7,11,6,12.1,0,0,7,7,6,12.616666666666667,0,16.2,0.3,-0.92,Enrolled,12,0.8571428571428571,0.8571428571428571,0.5166666666666675,0
STD_1484,1,8,1,11,1,1,1,1,1,10,10,0,0,0,1,0,1,19,0,0,6,8,6,11.166666666666666,0,0,6,7,4,13.4,0,16.2,0.3,-0.92,Graduate,10,1.0,0.6666666666666666,2.2333333333333343,0
STD_0957,1,8,1,15,1,1,1,13,27,10,10,0,0,0,1,1,1,19,0,0,6,6,6,12.0,0,0,6,7,6,11.666666666666666,0,16.2,0.3,-0.92,Graduate,12,1.0,1.0,-0.3333333333333339,0
STD_0655,1,1,1,15,1,1,1,13,28,4,6,0,0,0,1,0,0,19,0,0,6,13,4,11.75,0,0,6,10,4,11.0,0,10.8,1.4,1.74,Graduate,8,0.6666666666666666,0.6666666666666666,-0.75,0
STD_1659,1,14,3,2,1,1,1,22,27,10,10,1,0,0,1,0,1,20,0,0,0,0,0,0.0,0,0,0,0,0,0.0,0,7.6,2.6,0.32,Graduate,0,0.0,0.0,0.0,0
STD_2875,2,12,1,17,0,9,1,22,24,12,12,1,0,0,1,0,0,50,0,0,5,0,0,0.0,0,0,5,0,0,0.0,0,7.6,2.6,0.32,Dropout,0,0.0,0.0,0.0,1
STD_2360,1,8,5,11,1,1,1,1,1,3,4,1,0,0,1,1,0,21,0,0,6,10,4,11.5,0,0,6,10,2,10.5,0,9.4,-0.8,-3.12,Dropout,6,0.6666666666666666,0.3333333333333333,-1.0,1
STD_1277,1,8,5,14,1,1,1,1,14,10,8,1,0,0,1,0,0,18,0,0,6,10,4,13.6,0,0,6,7,5,12.666666666666666,0,11.1,0.6,2.02,Graduate,9,0.6666666666666666,0.8333333333333334,-0.9333333333333336,0
STD_3213,1,1,1,11,1,1,1,3,2,5,6,0,0,0,1,1,1,20,0,0,6,9,6,12.571428571428571,0,0,6,6,6,12.166666666666666,0,8.9,1.4,3.51,Graduate,12,1.0,1.0,-0.4047619047619051,0
STD_0958,1,1,3,15,1,1,1,23,1,10,5,1,0,0,1,1,0,19,0,0,6,6,6,12.5,0,0,6,7,5,13.0,0,12.4,0.5,1.79,Graduate,11,1.0,0.8333333333333334,0.5,0
STD_2823,1,15,1,10,1,1,1,1,28,5,10,0,0,0,1,0,1,19,0,3,6,6,6,15.5,0,2,6,7,6,13.571428571428571,0,13.9,-0.3,0.79,Graduate,12,1.0,1.0,-1.9285714285714288,0
STD_3888,1,1,1,10,1,1,1,13,28,10,10,0,1,0,1,0,1,19,0,0,6,12,4,10.4,0,0,6,11,4,10.75,0,12.4,0.5,1.79,Enrolled,8,0.6666666666666666,0.6666666666666666,0.34999999999999964,0
STD_0710,1,12,1,3,0,1,1,22,9,10,8,0,0,1,0,1,0,50,0,0,6,6,0,0.0,0,0,5,6,0,0.0,0,12.4,0.5,1.79,Dropout,0,0.0,0.0,0.0,1
STD_3352,2,15,1,4,1,14,1,22,27,5,8,0,0,0,1,1,0,37,0,0,6,17,1,12.0,0,0,6,23,2,10.5,1,16.2,0.3,-0.92,Dropout,3,0.16666666666666666,0.3333333333333333,-1.5,1
STD_0716,1,14,1,3,0,1,1,13,27,5,11,0,0,0,1,1,0,44,0,9,13,18,13,11.846153846153848,0,9,11,11,11,12.0,0,12.7,3.7,-1.7,Graduate,24,1.0,1.0,0.15384615384615152,0
STD_2573,1,1,1,10,1,1,1,1,1,5,11,0,0,1,1,0,0,23,0,0,6,8,6,12.625,0,0,6,6,6,14.166666666666666,0,12.7,3.7,-1.7,Graduate,12,1.0,1.0,1.541666666666666,0
STD_0827,1,8,1,16,1,1,1,1,1,6,8,1,0,0,1,0,0,18,0,0,7,8,7,11.571428571428571,0,0,7,9,6,13.166666666666666,0,11.1,0.6,2.02,Dropout,13,1.0,0.8571428571428571,1.595238095238095,1
STD_3778,1,1,1,5,1,1,1,13,2,8,4,1,0,0,1,0,0,19,0,0,6,6,6,13.166666666666666,0,0,6,6,6,12.666666666666666,0,15.5,2.8,-4.06,Graduate,12,1.0,1.0,-0.5,0
STD_3475,1,1,5,7,1,1,1,23,14,6,4,0,0,0,1,0,0,18,0,0,5,11,0,0.0,0,0,5,8,0,0.0,0,9.4,-0.8,-3.12,Dropout,0,0.0,0.0,0.0,1
STD_1096,1,1,1,16,1,1,1,22,27,10,10,1,0,1,0,0,0,21,0,0,6,8,3,13.666666666666666,0,0,6,7,3,10.666666666666666,0,15.5,2.8,-4.06,Dropout,6,0.5,0.5,-3.0,1
STD_1462,1,15,1,4,1,14,1,23,28,10,9,1,0,0,1,1,0,20,0,0,6,8,5,12.857142857142858,0,0,6,11,6,12.3,0,16.2,0.3,-0.92,Graduate,11,0.8333333333333334,1.0,-0.5571428571428569,0
STD_2527,1,1,4,5,1,1,1,1,1,10,8,1,0,0,1,0,1,18,0,0,6,6,6,14.5,0,0,6,6,6,12.833333333333334,0,12.4,0.5,1.79,Dropout,12,1.0,1.0,-1.666666666666666,1
STD_1103,1,1,2,16,1,1,1,23,28,8,6,1,0,0,1,0,0,18,0,0,6,10,3,12.0,0,0,6,8,4,10.25,0,10.8,1.4,1.74,Enrolled,7,0.5,0.6666666666666666,-1.75,0
STD_1040,1,1,1,16,1,1,1,3,1,3,6,0,0,0,1,0,0,18,0,0,6,9,5,12.333333333333334,0,0,6,10,5,10.6,0,15.5,2.8,-4.06,Enrolled,10,0.8333333333333334,0.8333333333333334,-1.7333333333333343,0
STD_0588,1,8,1,15,1,1,1,23,28,10,9,1,0,0,1,0,1,18,0,0,6,6,6,12.833333333333334,0,0,6,7,6,12.285714285714286,0,15.5,2.8,-4.06,Graduate,12,1.0,1.0,-0.5476190476190474,0
STD_2520,1,1,3,15,1,1,1,23,28,6,6,1,0,0,1,0,1,18,0,0,6,7,6,12.285714285714286,0,0,6,6,6,13.5,0,8.9,1.4,3.51,Graduate,12,1.0,1.0,1.2142857142857135,0
STD_0174,1,13,1,3,0,1,1,13,2,5,7,0,0,0,1,0,0,26,0,0,6,10,3,11.666666666666666,0,0,6,8,5,12.0,0,9.4,-0.8,-3.12,Graduate,8,0.5,0.8333333333333334,0.3333333333333339,0
STD_0967,2,12,1,17,0,1,1,13,27,10,6,0,0,0,0,1,0,28,0,0,5,5,0,0.0,0,0,5,6,0,0.0,0,12.4,0.5,1.79,Dropout,0,0.0,0.0,0.0,1
STD_2738,1,1,1,8,1,1,1,3,1,3,5,1,0,1,1,0,0,18,0,0,6,13,6,10.857142857142858,0,0,6,10,4,11.0,0,15.5,2.8,-4.06,Dropout,10,1.0,0.6666666666666666,0.14285714285714235,1
STD_0303,1,1,1,12,1,1,1,13,14,5,10,0,0,0,1,0,1,18,0,0,7,9,7,15.116666666666667,0,0,8,9,8,16.168888888888887,0,15.5,2.8,-4.06,Graduate,15,1.0,1.0,1.0522222222222197,0
STD_0501,1,8,3,6,1,1,1,22,28,10,10,1,0,0,1,0,0,20,0,0,5,13,3,11.333333333333334,2,0,5,8,5,12.6,0,9.4,-0.8,-3.12,Enrolled,8,0.6,1.0,1.2666666666666657,0
STD_0677,1,8,4,5,1,1,1,1,14,6,8,1,0,0,1,0,0,18,0,0,6,6,6,14.0,0,0,6,6,6,15.0,0,11.1,0.6,2.02,Graduate,12,1.0,1.0,1.0,0
STD_2025,2,12,1,17,0,1,1,22,27,10,11,0,0,0,1,0,0,34,0,0,5,12,2,11.5,0,0,5,9,4,11.75,0,9.4,-0.8,-3.12,Enrolled,6,0.4,0.8,0.25,0
STD_0791,1,8,1,15,1,1,1,1,14,10,10,0,0,0,1,0,1,19,0,0,6,6,6,13.166666666666666,0,0,6,6,6,13.833333333333334,0,11.1,0.6,2.02,Graduate,12,1.0,1.0,0.6666666666666679,0
STD_2332,1,12,1,4,1,1,1,13,27,10,8,1,0,0,1,1,0,31,0,0,6,8,0,0.0,0,0,6,10,0,0.0,0,16.2,0.3,-0.92,Dropout,0,0.0,0.0,0.0,1
STD_3801,1,8,1,16,1,1,1,19,14,1,4,1,0,0,1,0,1,21,0,0,6,12,0,0.0,0,0,6,12,0,0.0,0,7.6,2.6,0.32,Dropout,0,0.0,0.0,0.0,1
STD_2457,1,12,1,5,1,1,1,22,27,8,8,0,0,0,1,1,0,55,0,0,6,6,6,14.5,0,0,6,6,6,13.5,0,11.1,0.6,2.02,Graduate,12,1.0,1.0,-1.0,0
STD_1829,1,4,1,12,1,3,1,22,27,5,6,0,0,1,0,0,0,28,0,0,7,7,0,0.0,7,0,7,7,0,0.0,7,13.9,-0.3,0.79,Dropout,0,0.0,0.0,0.0,1
STD_3524,1,14,4,14,1,1,1,3,3,5,5,0,0,0,1,1,0,21,0,0,5,11,2,10.0,0,0,5,10,3,10.333333333333334,0,9.4,-0.8,-3.12,Enrolled,5,0.4,0.6,0.3333333333333339,0
STD_4133,1,15,1,6,1,14,1,3,28,3,10,1,0,0,1,0,0,21,0,7,12,18,8,12.25,0,4,12,27,8,12.2,0,12.4,0.5,1.79,Enrolled,16,0.6666666666666666,0.6666666666666666,-0.05000000000000071,0
STD_1989,1,1,2,12,1,1,1,13,27,4,4,1,0,0,1,0,1,23,0,0,7,8,6,12.993333333333334,0,0,8,9,8,12.66875,0,11.1,0.6,2.02,Graduate,14,0.8571428571428571,1.0,-0.3245833333333348,0
STD_3781,1,9,1,12,1,1,1,3,3,2,2,1,0,0,1,0,0,18,0,0,8,8,7,13.154285714285717,0,0,8,8,7,13.154285714285717,0,10.8,1.4,1.74,Graduate,14,0.875,0.875,0.0,0
STD_2894,2,14,1,3,0,1,1,19,24,1,1,0,0,0,1,0,0,45,0,10,12,12,9,12.444444444444445,3,4,7,8,6,12.0,0,9.4,-0.8,-3.12,Dropout,15,0.75,0.8571428571428571,-0.44444444444444464,1
STD_0529,1,12,1,9,1,1,1,22,27,10,10,0,0,1,0,1,0,26,0,0,5,5,0,0.0,0,0,5,9,0,0.0,0,10.8,1.4,1.74,Dropout,0,0.0,0.0,0.0,1
STD_1329,1,1,4,12,1,1,1,1,1,4,4,1,0,0,1,0,0,21,0,0,7,8,7,14.69625,0,0,8,9,8,14.622222222222224,0,12.4,0.5,1.79,Graduate,15,1.0,1.0,-0.07402777777777558,0
STD_3510,1,15,1,5,1,14,1,1,1,10,10,0,0,0,1,1,1,22,0,2,7,7,7,12.285714285714286,0,5,9,10,8,12.375,0,12.4,0.5,1.79,Graduate,15,1.0,0.8888888888888888,0.08928571428571352,0
STD_3863,1,1,1,15,1,1,1,13,28,10,10,0,0,0,1,1,1,18,0,0,6,6,5,12.0,0,0,6,6,6,12.833333333333334,0,12.7,3.7,-1.7,Graduate,11,0.8333333333333334,1.0,0.8333333333333339,0
STD_2713,1,1,2,9,1,1,1,22,28,8,10,0,0,1,1,0,1,19,0,0,5,11,2,11.5,0,0,5,10,0,0.0,0,12.7,3.7,-1.7,Dropout,2,0.4,0.0,-11.5,1
STD_0071,1,8,1,9,1,1,1,23,27,6,6,0,0,0,1,1,0,18,0,0,5,9,0,0.0,0,0,5,5,0,0.0,0,7.6,2.6,0.32,Enrolled,0,0.0,0.0,0.0,0
STD_3865,1,14,1,6,1,1,1,3,14,5,7,0,0,1,0,1,0,34,0,2,6,13,3,11.333333333333334,0,0,6,8,2,11.5,0,13.9,-0.3,0.79,Dropout,5,0.5,0.3333333333333333,0.16666666666666607,1
STD_2134,1,8,5,12,1,1,1,1,1,5,6,1,0,0,1,0,1,19,0,0,7,9,7,13.507142857142856,0,0,8,12,8,13.05,0,16.2,0.3,-0.92,Graduate,15,1.0,1.0,-0.4571428571428555,0
STD_1933,1,8,2,10,1,1,1,13,14,4,4,1,0,0,1,0,0,18,0,0,6,9,5,11.0,0,0,6,9,4,11.25,0,8.9,1.4,3.51,Graduate,9,0.8333333333333334,0.6666666666666666,0.25,0
STD_4183,1,12,1,13,1,1,1,29,30,3,3,0,0,0,1,0,0,36,0,0,7,13,5,12.2,0,0,7,14,3,11.4,0,11.1,0.6,2.02,Dropout,8,0.7142857142857143,0.42857142857142855,-0.7999999999999989,1
STD_2521,1,1,6,11,1,1,1,23,27,6,8,1,0,0,1,0,1,18,0,0,6,7,6,13.0,0,0,6,6,6,13.0,0,12.4,0.5,1.79,Graduate,12,1.0,1.0,0.0,0
STD_3741,1,16,1,14,1,1,1,3,1,4,11,0,0,0,1,1,0,24,0,0,6,11,5,12.857142857142858,0,0,6,12,5,13.666666666666666,0,11.1,0.6,2.02,Dropout,10,0.8333333333333334,0.8333333333333334,0.8095238095238084,1
STD_0318,1,1,1,12,1,1,1,26,14,4,6,0,0,0,1,0,0,19,0,0,7,7,7,13.694285714285714,0,0,8,9,8,14.355555555555554,0,11.1,0.6,2.02,Graduate,15,1.0,1.0,0.6612698412698403,0
STD_1666,1,1,1,15,1,1,1,1,1,5,5,1,0,0,1,0,0,19,0,0,6,7,6,14.0,0,0,6,7,5,15.0,0,11.1,0.6,2.02,Enrolled,11,1.0,0.8333333333333334,1.0,0
STD_2382,1,1,3,5,1,1,1,13,28,6,8,1,0,0,1,1,1,19,0,0,6,6,6,15.166666666666666,0,0,6,6,6,12.333333333333334,0,12.4,0.5,1.79,Graduate,12,1.0,1.0,-2.833333333333332,0
STD_1200,1,4,1,6,1,15,1,1,14,6,6,1,0,0,1,0,0,23,0,0,6,7,6,15.571428571428571,0,0,6,8,6,16.375,0,12.4,0.5,1.79,Graduate,12,1.0,1.0,0.8035714285714288,0
STD_2481,1,14,1,2,1,1,1,3,3,3,3,1,0,0,1,1,0,22,0,0,0,0,0,0.0,0,0,0,0,0,0.0,0,7.6,2.6,0.32,Enrolled,0,0.0,0.0,0.0,0
STD_0132,1,8,2,5,1,1,1,22,27,10,10,1,0,0,1,0,0,18,0,0,6,6,6,12.333333333333334,0,0,6,6,6,13.0,0,7.6,2.6,0.32,Graduate,12,1.0,1.0,0.6666666666666661,0
STD_2990,1,1,2,11,1,1,1,23,14,10,8,1,0,0,1,0,0,18,0,0,6,10,4,11.75,0,0,6,9,5,11.2,0,7.6,2.6,0.32,Enrolled,9,0.6666666666666666,0.8333333333333334,-0.5500000000000007,0
STD_3775,1,1,1,10,1,1,1,1,14,5,8,1,0,0,1,0,1,18,0,0,6,6,6,13.166666666666666,0,0,6,7,6,14.142857142857142,0,11.1,0.6,2.02,Graduate,12,1.0,1.0,0.9761904761904763,0
STD_1157,1,8,1,11,1,1,1,23,27,10,8,1,0,0,0,0,0,19,0,0,6,9,3,11.666666666666666,0,0,6,15,1,10.0,0,10.8,1.4,1.74,Dropout,4,0.5,0.16666666666666666,-1.666666666666666,1
STD_3786,1,15,1,4,1,14,1,1,28,5,10,0,0,0,1,1,1,20,0,0,6,18,3,12.0,0,0,6,17,3,11.666666666666666,0,15.5,2.8,-4.06,Enrolled,6,0.5,0.5,-0.3333333333333339,0
STD_2289,1,13,1,7,1,1,1,1,27,6,6,0,0,0,1,1,0,19,0,2,5,6,4,11.8,0,0,5,7,2,11.5,0,15.5,2.8,-4.06,Enrolled,6,0.8,0.4,-0.3000000000000007,0
STD_2509,1,8,1,2,1,1,1,13,28,10,8,0,0,0,1,1,1,23,0,0,0,0,0,0.0,0,0,0,0,0,0.0,0,9.4,-0.8,-3.12,Graduate,0,0.0,0.0,0.0,0
STD_0204,1,15,1,10,1,14,1,23,28,6,11,0,0,1,1,0,0,21,0,3,6,6,6,12.166666666666666,0,2,6,7,6,11.714285714285714,0,13.9,-0.3,0.79,Graduate,12,1.0,1.0,-0.45238095238095255,0
STD_0847,2,12,1,17,0,1,1,1,1,32,23,0,0,0,1,0,0,34,0,0,5,12,5,10.4,0,0,5,11,5,12.0,0,12.4,0.5,1.79,Graduate,10,1.0,1.0,1.5999999999999996,0
STD_4103,1,8,1,6,1,1,1,22,27,10,10,1,0,0,1,0,1,23,0,0,6,6,6,14.666666666666666,0,0,6,8,6,12.428571428571429,0,8.9,1.4,3.51,Graduate,12,1.0,1.0,-2.2380952380952372,0
STD_1091,1,8,1,8,1,1,1,1,1,5,6,0,0,0,1,0,0,18,0,0,5,7,4,12.0,0,0,5,6,5,12.0,0,7.6,2.6,0.32,Graduate,9,0.8,1.0,0.0,0
STD_2240,1,12,1,6,1,9,1,23,14,10,9,1,0,1,0,1,0,25,0,0,6,6,0,0.0,0,0,6,6,0,0.0,0,8.9,1.4,3.51,Enrolled,0,0.0,0.0,0.0,0
STD_3746,1,1,1,2,1,1,1,3,1,5,4,1,0,0,0,0,0,19,0,0,0,0,0,0.0,0,0,0,0,0,0.0,0,16.2,0.3,-0.92,Graduate,0,0.0,0.0,0.0,0
STD_3438,1,14,1,17,0,1,1,22,27,10,9,1,0,0,1,0,0,29,0,8,13,16,8,10.5,0,8,12,19,9,10.333333333333334,0,9.4,-0.8,-3.12,Enrolled,17,0.6153846153846154,0.75,-0.16666666666666607,0
STD_0889,1,1,1,12,1,1,1,13,14,5,8,0,0,0,1,0,1,19,0,0,7,7,7,14.014285714285714,0,0,8,8,8,15.35,0,13.9,-0.3,0.79,Graduate,15,1.0,1.0,1.3357142857142854,0
STD_1733,2,12,1,7,1,1,1,22,28,10,11,0,0,1,1,1,0,40,0,0,5,11,3,10.666666666666666,0,0,5,5,2,12.5,0,16.2,0.3,-0.92,Dropout,5,0.6,0.4,1.833333333333334,1
STD_0179,1,1,5,16,1,1,1,22,14,10,6,1,0,0,1,0,0,18,0,0,6,8,5,12.4,0,0,6,12,5,10.4,0,9.4,-0.8,-3.12,Dropout,10,0.8333333333333334,0.8333333333333334,-2.0,1
STD_0066,4,13,1,12,1,12,1,1,1,6,6,1,0,0,1,1,0,29,0,2,7,10,5,11.9,0,1,8,10,5,11.0,0,13.9,-0.3,0.79,Dropout,10,0.7142857142857143,0.625,-0.9000000000000004,1
STD_1297,1,12,2,14,1,1,1,19,24,1,1,1,0,0,1,1,0,26,0,0,5,5,0,0.0,0,0,5,5,0,0.0,0,7.6,2.6,0.32,Dropout,0,0.0,0.0,0.0,1
STD_2959,2,12,1,16,1,12,1,22,14,4,8,0,0,0,1,0,0,45,0,0,6,11,3,12.333333333333334,0,0,6,13,2,11.0,0,7.6,2.6,0.32,Dropout,5,0.5,0.3333333333333333,-1.333333333333334,1
STD_2115,1,8,1,16,1,1,1,23,27,6,6,1,0,0,1,0,0,18,0,0,6,9,5,11.0,0,0,6,9,4,11.25,0,10.8,1.4,1.74,Dropout,9,0.8333333333333334,0.6666666666666666,0.25,1
STD_0293,1,15,1,4,1,14,1,22,27,10,5,0,0,0,1,0,0,24,0,0,6,10,6,11.428571428571429,0,0,6,12,5,13.0,0,12.4,0.5,1.79,Enrolled,11,1.0,0.8333333333333334,1.5714285714285712,0
STD_1220,1,9,2,9,1,1,1,13,28,10,8,1,0,0,1,0,1,18,0,0,5,8,5,13.75,0,0,5,6,5,12.166666666666666,0,13.9,-0.3,0.79,Graduate,10,1.0,1.0,-1.583333333333334,0
STD_3451,1,12,1,17,0,1,1,22,27,10,10,0,0,0,1,0,0,24,0,0,5,9,5,12.285714285714286,0,0,5,8,5,12.125,0,16.2,0.3,-0.92,Enrolled,10,1.0,1.0,-0.16071428571428648,0
STD_4182,1,14,1,16,1,1,1,22,27,10,10,0,0,1,0,0,0,28,0,0,6,0,0,0.0,0,0,5,10,0,0.0,0,10.8,1.4,1.74,Dropout,0,0.0,0.0,0.0,1
STD_0180,1,4,1,12,1,3,1,1,1,10,6,0,0,0,1,0,0,33,0,2,7,8,6,14.35,0,3,8,10,6,14.583333333333334,0,16.2,0.3,-0.92,Dropout,12,0.8571428571428571,0.75,0.23333333333333428,1
STD_0227,2,4,1,9,1,3,1,1,4,4,11,0,0,0,1,0,0,45,0,0,5,6,5,11.0,0,0,5,5,5,13.8,0,12.4,0.5,1.79,Graduate,10,1.0,1.0,2.8000000000000007,0
STD_4380,1,12,1,17,0,1,1,22,27,8,8,0,0,0,1,0,0,30,0,0,5,7,5,11.4,0,0,5,6,5,13.666666666666666,0,10.8,1.4,1.74,Dropout,10,1.0,1.0,2.2666666666666657,1
STD_2898,1,14,1,12,1,1,1,3,3,3,3,0,0,0,1,0,0,18,0,0,7,8,7,13.6125,0,0,8,8,8,14.575,0,13.9,-0.3,0.79,Graduate,15,1.0,1.0,0.9624999999999986,0
STD_0978,2,1,1,6,1,1,1,13,14,30,29,0,0,0,1,1,1,23,0,0,5,6,5,11.8,0,0,5,7,4,13.25,1,10.8,1.4,1.74,Graduate,9,1.0,0.8,1.4499999999999993,0
STD_2861,4,14,1,10,1,1,1,22,27,10,10,0,0,1,1,0,0,34,0,0,6,13,4,11.25,0,0,6,8,4,13.75,0,13.9,-0.3,0.79,Graduate,8,0.6666666666666666,0.6666666666666666,2.5,0
STD_2280,2,14,1,3,0,1,1,22,27,6,6,0,0,0,1,1,0,47,0,0,6,9,6,12.142857142857142,0,0,6,6,0,0.0,0,16.2,0.3,-0.92,Dropout,6,1.0,0.0,-12.142857142857142,1
STD_2978,1,13,1,16,1,9,1,1,3,4,3,0,0,0,1,0,0,28,0,14,18,23,14,12.785714285714286,2,16,17,18,16,13.875,0,16.2,0.3,-0.92,Dropout,30,0.7777777777777778,0.9411764705882353,1.0892857142857135,1
STD_2363,1,1,5,9,1,1,1,13,14,10,10,1,0,0,1,1,0,20,0,0,5,9,3,10.333333333333334,0,0,5,6,5,12.8,0,12.4,0.5,1.79,Graduate,8,0.6,1.0,2.466666666666667,0
STD_2200,1,12,2,13,1,1,1,1,1,10,11,0,0,0,1,1,0,24,0,0,7,18,0,0.0,0,0,7,13,0,0.0,1,11.1,0.6,2.02,Dropout,0,0.0,0.0,0.0,1
STD_3656,1,15,1,10,1,14,1,1,1,4,6,0,0,0,1,0,1,20,0,3,6,6,6,12.833333333333334,0,2,6,6,6,12.833333333333334,0,13.9,-0.3,0.79,Graduate,12,1.0,1.0,0.0,0
STD_0832,1,12,1,10,1,7,1,19,24,1,1,0,0,0,1,0,0,47,0,0,6,12,0,0.0,0,0,5,10,0,0.0,0,7.6,2.6,0.32,Dropout,0,0.0,0.0,0.0,1
STD_3489,1,12,1,8,1,1,1,1,1,5,11,0,0,1,1,1,0,24,0,0,5,13,2,12.5,2,0,5,8,3,12.333333333333334,0,9.4,-0.8,-3.12,Dropout,5,0.4,0.6,-0.16666666666666607,1
STD_2012,2,12,1,17,0,1,1,22,27,10,5,0,0,0,1,0,0,44,0,0,5,5,5,11.8,0,0,5,5,5,12.4,0,15.5,2.8,-4.06,Graduate,10,1.0,1.0,0.5999999999999996,0
STD_3515,1,12,1,14,1,1,1,9,9,12,5,1,0,0,1,1,0,29,0,0,5,10,3,11.666666666666666,0,0,5,8,4,11.25,0,7.6,2.6,0.32,Dropout,7,0.6,0.8,-0.4166666666666661,1
STD_3138,1,12,1,6,1,3,1,2,3,5,8,1,0,0,1,0,0,25,0,1,6,7,6,16.857142857142858,0,1,6,6,6,16.5,0,13.9,-0.3,0.79,Graduate,12,1.0,1.0,-0.35714285714285765,0
STD_1326,1,1,2,12,1,1,1,22,27,10,10,1,0,0,1,0,0,18,0,0,7,7,6,14.333333333333334,0,0,7,7,6,14.333333333333334,0,7.6,2.6,0.32,Graduate,12,0.8571428571428571,0.8571428571428571,0.0,0
STD_4282,1,1,1,6,1,1,1,3,1,5,10,1,0,0,1,1,0,21,0,0,6,15,3,11.25,0,0,6,9,0,0.0,0,12.4,0.5,1.79,Enrolled,3,0.5,0.0,-11.25,0
STD_3456,1,1,1,10,1,1,1,13,1,7,6,1,0,0,1,0,0,19,0,0,6,7,6,13.714285714285714,0,0,6,6,6,13.166666666666666,0,12.7,3.7,-1.7,Graduate,12,1.0,1.0,-0.5476190476190474,0
STD_1853,1,1,1,9,1,1,1,3,14,4,4,0,0,0,1,1,0,19,0,0,5,6,5,12.6,0,0,5,13,5,11.8,5,16.2,0.3,-0.92,Graduate,10,1.0,1.0,-0.7999999999999989,0
STD_0341,1,1,1,6,1,1,1,1,2,4,2,1,0,0,1,0,0,19,0,0,5,13,4,12.0,2,0,5,8,3,12.0,0,9.4,-0.8,-3.12,Enrolled,7,0.8,0.6,0.0,0
STD_3158,1,1,1,9,1,1,1,13,14,6,6,1,0,0,1,0,0,22,0,0,5,8,3,10.333333333333334,0,0,5,11,2,10.0,0,7.6,2.6,0.32,Dropout,5,0.6,0.4,-0.3333333333333339,1
STD_1184,1,17,1,6,1,16,1,13,28,10,10,0,0,1,0,0,0,21,0,7,10,15,8,13.75,0,4,9,17,5,13.2,0,8.9,1.4,3.51,Dropout,13,0.8,0.5555555555555556,-0.5500000000000007,1
STD_2965,1,1,1,5,1,1,1,13,14,10,10,1,0,1,1,0,1,19,0,1,6,8,6,13.285714285714286,1,0,6,8,6,12.5,0,13.9,-0.3,0.79,Dropout,12,1.0,1.0,-0.7857142857142865,1
STD_0485,1,1,3,12,1,1,1,1,14,10,6,1,0,0,1,0,1,20,0,0,7,9,6,12.766666666666666,0,0,8,10,7,12.128571428571428,0,12.4,0.5,1.79,Graduate,13,0.8571428571428571,0.875,-0.6380952380952376,0
STD_0961,1,12,1,14,1,1,1,19,24,1,1,1,0,0,0,1,0,28,0,0,5,7,3,11.666666666666666,0,0,5,8,2,11.5,1,7.6,2.6,0.32,Dropout,5,0.6,0.4,-0.16666666666666607,1
STD_3540,1,1,1,5,1,1,1,1,14,4,10,1,0,0,1,1,0,20,0,0,6,7,6,13.666666666666666,0,0,6,7,6,12.166666666666666,1,16.2,0.3,-0.92,Graduate,12,1.0,1.0,-1.5,0
STD_3436,1,1,2,5,1,1,1,1,1,5,8,1,0,0,1,0,0,19,0,0,6,6,6,11.833333333333334,0,0,6,7,6,13.0,0,9.4,-0.8,-3.12,Graduate,12,1.0,1.0,1.166666666666666,0
STD_0059,1,8,1,12,1,1,1,23,28,8,11,1,0,0,1,0,0,18,0,0,8,8,8,14.935,0,0,8,8,8,14.935,0,9.4,-0.8,-3.12,Graduate,16,1.0,1.0,0.0,0
STD_1459,1,1,1,14,1,1,1,2,28,21,35,1,0,0,1,1,0,19,0,0,6,10,4,12.5,0,0,6,12,1,10.0,3,16.2,0.3,-0.92,Enrolled,5,0.6666666666666666,0.16666666666666666,-2.5,0
STD_3549,1,12,1,14,1,1,1,22,27,10,10,1,0,0,0,1,0,31,0,0,6,14,0,0.0,0,0,6,6,0,0.0,0,12.7,3.7,-1.7,Dropout,0,0.0,0.0,0.0,1
STD_4096,1,1,4,12,1,1,1,23,27,10,9,1,0,0,1,0,1,19,0,0,7,7,6,15.433333333333332,0,0,7,7,6,15.433333333333332,0,7.6,2.6,0.32,Graduate,12,0.8571428571428571,0.8571428571428571,0.0,0
STD_2470,2,12,2,9,1,1,1,22,27,10,10,1,0,0,1,1,0,36,0,0,4,4,0,0.0,0,0,5,9,0,0.0,0,10.8,1.4,1.74,Dropout,0,0.0,0.0,0.0,1
STD_3739,1,8,4,7,1,1,1,3,1,10,4,1,0,0,1,1,0,18,0,0,5,5,5,13.6,0,0,5,6,5,14.6,0,8.9,1.4,3.51,Graduate,10,1.0,1.0,1.0,0
STD_2785,1,1,1,5,1,1,1,22,27,6,8,0,0,0,1,0,1,18,0,1,6,8,6,13.571428571428571,1,0,6,11,6,12.375,0,13.9,-0.3,0.79,Graduate,12,1.0,1.0,-1.1964285714285712,0
STD_3323,1,8,4,9,1,1,1,13,1,1,5,1,0,0,1,1,0,22,0,0,5,8,2,10.5,0,0,5,10,0,0.0,0,7.6,2.6,0.32,Dropout,2,0.4,0.0,-10.5,1
STD_2905,1,12,1,3,0,1,1,22,27,10,8,0,0,0,1,0,0,37,0,0,6,13,4,12.0,0,0,6,10,3,12.0,0,16.2,0.3,-0.92,Dropout,7,0.6666666666666666,0.5,0.0,1
STD_4413,1,14,1,5,1,1,1,13,14,8,9,1,0,0,1,1,1,19,0,4,6,6,4,13.0,0,2,6,7,5,12.2,0,13.9,-0.3,0.79,Enrolled,9,0.6666666666666666,0.8333333333333334,-0.8000000000000007,0
STD_0611,1,1,2,16,1,1,1,22,27,29,41,1,0,1,1,0,1,20,0,0,7,7,7,13.857142857142858,0,0,7,8,7,12.571428571428571,0,8.9,1.4,3.51,Graduate,14,1.0,1.0,-1.2857142857142865,0
STD_1503,2,12,1,17,0,1,1,22,14,6,4,1,0,0,1,1,0,33,0,0,5,5,5,14.2,0,0,5,6,5,13.833333333333334,0,10.8,1.4,1.74,Graduate,10,1.0,1.0,-0.36666666666666536,0
STD_2844,4,1,1,17,0,1,1,22,27,10,10,0,0,1,0,0,0,37,0,0,5,0,0,0.0,0,0,5,0,0,0.0,0,12.7,3.7,-1.7,Dropout,0,0.0,0.0,0.0,1
STD_2438,1,1,4,7,1,1,1,22,27,10,6,1,0,0,1,1,1,22,0,0,5,9,3,12.333333333333334,0,0,6,14,3,12.5,0,11.1,0.6,2.02,Dropout,6,0.6,0.5,0.16666666666666607,1
STD_3259,1,15,1,9,1,14,1,13,1,10,4,0,0,0,1,0,1,20,0,4,7,8,7,13.0,0,2,5,5,5,13.4,0,11.1,0.6,2.02,Graduate,12,1.0,1.0,0.40000000000000036,0
STD_1399,2,12,1,13,1,12,1,22,28,10,10,0,0,0,1,0,0,31,0,0,7,13,6,11.833333333333334,0,0,7,8,7,12.228571428571428,0,12.4,0.5,1.79,Graduate,13,0.8571428571428571,1.0,0.39523809523809383,0
STD_0355,1,1,1,11,1,1,1,13,14,5,7,0,0,1,0,0,0,22,0,0,6,10,5,11.0,0,0,6,12,0,0.0,0,10.8,1.4,1.74,Dropout,5,0.8333333333333334,0.0,-11.0,1
STD_2564,1,1,1,10,1,1,1,23,1,3,5,0,0,0,1,0,0,20,0,0,6,11,1,12.0,0,0,5,10,0,0.0,0,9.4,-0.8,-3.12,Enrolled,1,0.16666666666666666,0.0,-12.0,0
STD_0366,1,1,1,6,1,1,1,22,28,8,6,1,0,0,1,0,1,21,0,0,6,13,6,16.153846153846153,0,0,6,10,6,15.75,0,15.5,2.8,-4.06,Graduate,12,1.0,1.0,-0.4038461538461533,0
STD_2241,1,12,1,11,1,1,1,3,1,4,5,0,0,0,1,1,0,28,0,0,6,10,6,13.0,0,0,6,8,5,12.2,0,13.9,-0.3,0.79,Graduate,11,1.0,0.8333333333333334,-0.8000000000000007,0
STD_2552,1,8,3,5,1,1,1,3,3,5,5,1,0,0,1,0,1,20,0,0,6,6,6,12.5,0,0,6,6,6,14.333333333333334,0,12.7,3.7,-1.7,Enrolled,12,1.0,1.0,1.833333333333334,0
STD_1701,1,1,1,12,1,1,1,23,27,10,10,0,0,0,1,1,1,18,0,0,8,8,8,15.63375,0,0,8,8,8,15.63375,0,9.4,-0.8,-3.12,Graduate,16,1.0,1.0,0.0,0
STD_3913,1,1,4,11,1,1,1,1,14,10,7,1,0,0,1,0,0,20,0,0,6,8,5,11.0,0,0,6,9,5,11.4,0,13.9,-0.3,0.79,Graduate,10,0.8333333333333334,0.8333333333333334,0.40000000000000036,0
STD_2397,1,12,1,4,1,1,1,1,3,5,6,0,0,0,1,1,0,25,0,0,6,8,0,0.0,0,0,6,10,0,0.0,0,16.2,0.3,-0.92,Dropout,0,0.0,0.0,0.0,1
STD_3946,1,8,1,15,1,1,1,22,27,10,9,1,0,0,1,0,1,18,0,0,6,7,6,13.857142857142858,0,0,6,7,6,14.285714285714286,0,13.9,-0.3,0.79,Graduate,12,1.0,1.0,0.4285714285714288,0
STD_2264,1,12,1,4,1,1,1,23,28,10,10,0,0,1,0,1,0,28,0,5,11,14,11,15.090909090909092,0,5,10,11,10,15.0,0,11.1,0.6,2.02,Dropout,21,1.0,1.0,-0.09090909090909172,1
STD_3324,1,8,3,7,1,1,1,3,1,4,4,1,0,0,0,1,0,18,0,0,5,8,5,12.5,0,0,5,7,5,13.571428571428571,0,12.4,0.5,1.79,Dropout,10,1.0,1.0,1.0714285714285712,1
STD_1535,1,1,1,6,1,1,1,1,28,10,10,1,0,0,1,0,0,18,0,0,5,7,5,14.4,1,0,5,5,5,13.6,0,12.7,3.7,-1.7,Graduate,10,1.0,1.0,-0.8000000000000007,0
STD_3926,1,14,1,9,1,1,11,1,5,10,11,1,0,0,1,1,0,23,1,0,5,6,1,10.0,0,0,5,5,0,0.0,0,15.5,2.8,-4.06,Enrolled,1,0.2,0.0,-10.0,0
STD_4010,1,8,5,11,1,1,1,23,1,6,10,0,0,0,1,1,0,19,0,0,5,5,0,0.0,0,0,5,10,0,0.0,0,10.8,1.4,1.74,Dropout,0,0.0,0.0,0.0,1
STD_0375,2,12,1,6,1,12,1,23,28,5,8,0,0,0,1,0,0,31,0,0,6,0,0,0.0,0,0,6,0,0,0.0,0,12.7,3.7,-1.7,Dropout,0,0.0,0.0,0.0,1
STD_0115,1,8,2,12,1,1,1,22,27,10,10,1,0,0,1,0,0,18,0,0,7,7,6,12.516666666666666,1,0,7,7,6,12.516666666666666,1,7.6,2.6,0.32,Dropout,12,0.8571428571428571,0.8571428571428571,0.0,1
STD_1994,1,1,1,9,1,1,1,22,28,31,40,0,0,0,1,0,0,21,0,0,5,7,5,12.2,0,0,5,7,5,11.8,0,11.1,0.6,2.02,Graduate,10,1.0,1.0,-0.3999999999999986,0
STD_2277,2,12,1,3,0,12,1,22,27,7,7,0,0,0,1,1,0,49,0,0,6,8,6,12.166666666666666,0,0,6,8,6,14.428571428571429,0,12.4,0.5,1.79,Graduate,12,1.0,1.0,2.2619047619047628,0
STD_2858,1,1,1,2,1,1,1,1,1,5,4,1,0,0,1,0,1,18,0,0,0,0,0,0.0,0,0,0,0,0,0.0,0,13.9,-0.3,0.79,Dropout,0,0.0,0.0,0.0,1
STD_2582,1,12,1,4,1,1,1,23,28,5,8,1,0,0,0,0,0,27,0,0,6,8,0,0.0,0,0,6,8,0,0.0,0,15.5,2.8,-4.06,Dropout,0,0.0,0.0,0.0,1
STD_1408,1,1,2,15,1,1,1,23,1,10,10,1,0,0,1,0,0,19,0,0,6,6,5,12.2,0,0,6,7,5,10.8,0,10.8,1.4,1.74,Enrolled,10,0.8333333333333334,0.8333333333333334,-1.3999999999999986,0
STD_2303,1,1,1,9,1,1,1,22,27,10,10,0,0,1,1,1,1,22,0,0,5,8,5,10.666666666666666,0,0,5,11,2,11.0,0,15.5,2.8,-4.06,Enrolled,7,1.0,0.4,0.3333333333333339,0
STD_0118,1,8,1,9,1,1,1,13,14,4,4,0,0,0,1,0,0,20,0,0,5,11,3,10.333333333333334,0,0,5,10,3,10.666666666666666,0,12.4,0.5,1.79,Enrolled,6,0.6,0.6,0.33333333333333215,0
STD_3940,1,1,5,12,1,1,1,3,1,6,11,1,0,0,1,0,0,20,0,0,7,7,7,14.30714285714286,0,0,8,8,8,15.0125,0,12.4,0.5,1.79,Graduate,15,1.0,1.0,0.7053571428571388,0
STD_1747,1,14,1,8,1,1,1,13,1,10,5,0,0,1,0,1,0,24,0,0,6,11,5,11.833333333333334,0,0,6,11,4,11.5,0,15.5,2.8,-4.06,Dropout,9,0.8333333333333334,0.6666666666666666,-0.3333333333333339,1
STD_0251,1,1,3,5,1,1,1,13,28,10,10,1,0,0,1,0,0,19,0,0,6,7,5,12.4,0,0,6,6,5,12.4,0,9.4,-0.8,-3.12,Enrolled,10,0.8333333333333334,0.8333333333333334,0.0,0
STD_2691,1,8,1,9,1,1,1,13,14,10,8,0,0,0,1,1,0,21,0,0,5,7,4,10.75,0,0,5,10,2,11.0,3,16.2,0.3,-0.92,Dropout,6,0.8,0.4,0.25,1
STD_3864,1,1,2,10,1,1,1,23,14,10,8,1,0,0,1,1,0,19,0,0,6,10,6,11.125,0,0,6,7,6,11.857142857142858,0,7.6,2.6,0.32,Graduate,12,1.0,1.0,0.7321428571428577,0
STD_3212,1,1,1,2,1,1,1,2,2,4,3,1,0,0,1,1,0,18,0,0,0,0,0,0.0,0,0,0,0,0,0.0,0,7.6,2.6,0.32,Enrolled,0,0.0,0.0,0.0,0
STD_3577,1,8,3,9,1,1,1,1,1,4,4,1,0,0,1,1,0,19,0,0,5,7,5,10.2,0,0,5,6,4,10.5,0,12.4,0.5,1.79,Graduate,9,1.0,0.8,0.3000000000000007,0
STD_2762,1,14,1,3,0,1,1,22,27,10,6,0,0,0,1,0,0,45,0,5,9,13,8,11.0,0,3,7,10,6,10.833333333333334,0,12.7,3.7,-1.7,Enrolled,14,0.8888888888888888,0.8571428571428571,-0.16666666666666607,0
STD_3882,1,1,2,11,1,1,1,1,14,6,8,1,0,0,1,0,1,20,0,0,6,6,6,13.833333333333334,0,0,6,6,6,15.0,0,11.1,0.6,2.02,Graduate,12,1.0,1.0,1.166666666666666,0
STD_2023,1,8,4,2,1,1,1,23,28,10,10,1,0,0,1,1,0,21,0,0,0,0,0,0.0,0,0,0,0,0,0.0,0,10.8,1.4,1.74,Dropout,0,0.0,0.0,0.0,1
STD_2059,1,1,1,9,1,1,1,1,14,6,8,1,0,0,1,0,1,21,0,0,5,6,5,12.8,1,0,5,7,4,11.25,0,9.4,-0.8,-3.12,Graduate,9,1.0,0.8,-1.5500000000000007,0
STD_3119,1,8,1,11,1,1,1,13,14,4,11,0,0,0,1,0,0,20,0,0,6,8,5,10.8,0,0,6,9,4,11.5,0,9.4,-0.8,-3.12,Graduate,9,0.8333333333333334,0.6666666666666666,0.6999999999999993,0
STD_3276,5,4,1,9,1,15,1,22,27,10,10,0,0,0,1,0,0,23,0,10,15,15,13,10.923076923076923,0,5,10,10,7,11.142857142857142,0,15.5,2.8,-4.06,Graduate,20,0.8666666666666667,0.7,0.219780219780219,0
STD_2609,1,8,4,11,1,1,1,23,28,6,6,1,0,0,1,0,0,20,0,0,6,6,6,11.0,0,0,6,8,4,12.75,0,9.4,-0.8,-3.12,Graduate,10,1.0,0.6666666666666666,1.75,0
STD_2746,1,1,2,16,1,1,1,22,14,10,9,1,0,0,1,0,0,21,0,0,6,7,6,13.428571428571429,0,0,6,8,6,13.142857142857142,0,7.6,2.6,0.32,Graduate,12,1.0,1.0,-0.2857142857142865,0
STD_2604,1,1,5,6,1,1,1,23,27,10,9,1,0,0,0,0,0,19,0,0,5,12,0,0.0,4,0,5,8,0,0.0,1,9.4,-0.8,-3.12,Dropout,0,0.0,0.0,0.0,1
STD_3270,1,14,2,15,1,1,1,19,24,1,1,1,0,0,1,0,0,27,0,4,8,11,7,13.285714285714286,0,4,7,13,5,11.6,0,9.4,-0.8,-3.12,Dropout,12,0.875,0.7142857142857143,-1.6857142857142868,1
STD_1572,1,12,1,4,1,12,1,22,27,10,11,0,0,1,0,1,0,38,0,0,6,8,0,0.0,0,0,6,10,0,0.0,0,16.2,0.3,-0.92,Dropout,0,0.0,0.0,0.0,1
STD_1011,1,1,2,12,1,1,1,13,14,10,11,1,0,0,1,0,0,18,0,0,7,10,7,13.128,0,0,8,13,6,13.193333333333332,0,15.5,2.8,-4.06,Graduate,13,1.0,0.75,0.06533333333333147,0
STD_2206,1,15,1,7,1,14,1,1,1,10,9,0,0,0,1,1,1,20,0,3,7,12,6,14.142857142857142,0,1,6,10,6,14.125,0,12.4,0.5,1.79,Enrolled,12,0.8571428571428571,1.0,-0.01785714285714235,0
STD_4063,1,17,1,6,1,16,1,1,14,5,8,0,0,0,1,0,0,20,0,7,11,13,11,15.692307692307692,0,4,9,9,9,15.555555555555555,0,8.9,1.4,3.51,Graduate,20,1.0,1.0,-0.13675213675213627,0
STD_2638,1,7,2,2,1,1,1,3,3,3,3,1,0,0,1,1,0,18,0,0,0,0,0,0.0,0,0,0,0,0,0.0,0,12.4,0.5,1.79,Graduate,0,0.0,0.0,0.0,0
STD_4396,1,8,3,15,1,1,1,19,24,13,13,1,0,1,1,0,1,19,0,0,6,8,6,12.166666666666666,0,0,6,8,5,12.4,0,9.4,-0.8,-3.12,Dropout,11,1.0,0.8333333333333334,0.23333333333333428,1
STD_2301,1,15,1,7,1,14,1,5,31,4,3,0,0,0,1,1,0,23,0,3,7,12,3,14.0,0,1,6,12,1,14.0,0,12.4,0.5,1.79,Enrolled,4,0.42857142857142855,0.16666666666666666,0.0,0
STD_3241,4,12,1,17,0,1,1,22,27,10,10,0,0,0,1,0,0,30,0,0,5,10,3,10.666666666666666,0,0,5,8,5,10.4,0,12.7,3.7,-1.7,Enrolled,8,0.6,1.0,-0.2666666666666657,0
STD_1358,1,12,1,11,1,12,1,13,1,10,6,0,0,1,0,1,0,36,0,0,5,10,0,0.0,0,0,5,5,0,0.0,0,15.5,2.8,-4.06,Dropout,0,0.0,0.0,0.0,1
STD_1743,1,1,1,8,1,1,1,3,14,3,10,1,0,0,1,1,0,18,0,0,6,8,6,13.714285714285714,0,0,6,7,5,13.333333333333334,0,15.5,2.8,-4.06,Dropout,11,1.0,0.8333333333333334,-0.3809523809523796,1
STD_0599,1,8,1,14,1,1,1,13,27,8,5,0,1,0,1,0,0,20,0,0,6,7,6,12.666666666666666,0,0,6,9,6,13.77777777777778,0,10.8,1.4,1.74,Graduate,12,1.0,1.0,1.1111111111111143,0
STD_1078,1,8,1,11,1,1,1,22,27,6,10,1,0,0,1,0,0,19,0,0,6,8,4,12.5,0,0,6,11,1,14.0,0,7.6,2.6,0.32,Dropout,5,0.6666666666666666,0.16666666666666666,1.5,1
STD_3426,2,14,2,9,1,1,1,22,27,10,10,0,0,0,0,0,0,29,0,3,5,7,3,12.333333333333334,0,0,5,8,0,0.0,0,10.8,1.4,1.74,Dropout,3,0.6,0.0,-12.333333333333334,1
STD_3120,1,1,1,6,1,1,1,23,27,2,2,1,0,0,1,0,0,21,0,0,5,8,3,11.333333333333334,1,0,5,8,3,13.333333333333334,0,12.7,3.7,-1.7,Enrolled,6,0.6,0.6,2.0,0
STD_3065,1,8,2,10,1,1,1,23,1,8,8,1,0,0,1,0,1,19,0,0,6,8,5,12.2,0,0,6,7,6,11.5,0,9.4,-0.8,-3.12,Graduate,11,0.8333333333333334,1.0,-0.6999999999999993,0
STD_2830,1,8,1,2,1,1,1,3,1,10,10,1,0,0,1,0,0,20,0,0,0,0,0,0.0,0,0,0,0,0,0.0,0,12.7,3.7,-1.7,Dropout,0,0.0,0.0,0.0,1
STD_3128,1,9,1,9,1,1,1,13,14,10,6,1,0,0,1,0,0,19,0,0,5,8,5,11.0,0,0,5,6,5,15.4,0,12.4,0.5,1.79,Graduate,10,1.0,1.0,4.4,0
STD_3623,1,1,2,10,1,1,1,13,27,10,10,1,0,0,1,0,1,18,0,0,6,6,6,13.166666666666666,0,0,6,6,6,16.0,0,10.8,1.4,1.74,Graduate,12,1.0,1.0,2.833333333333334,0
STD_3306,1,1,3,15,1,1,1,1,1,4,6,1,0,0,1,0,0,18,0,0,6,6,6,13.666666666666666,0,0,6,7,6,13.0,0,15.5,2.8,-4.06,Graduate,12,1.0,1.0,-0.6666666666666661,0
STD_2485,2,12,1,9,1,1,1,22,27,10,6,0,0,0,1,1,0,45,0,0,5,6,5,14.833333333333334,0,0,5,5,5,14.8,0,15.5,2.8,-4.06,Graduate,10,1.0,1.0,-0.033333333333333215,0
STD_1892,1,1,5,12,1,1,1,23,27,8,8,1,0,0,1,0,1,18,0,0,8,8,8,13.435,0,0,8,8,8,13.435,0,9.4,-0.8,-3.12,Graduate,16,1.0,1.0,0.0,0
STD_2169,1,9,2,12,1,1,1,1,3,4,3,1,0,0,1,0,0,18,0,0,7,8,7,12.4,0,0,8,9,8,12.8,0,16.2,0.3,-0.92,Graduate,15,1.0,1.0,0.40000000000000036,0
STD_1214,1,1,1,14,1,1,1,22,27,1,1,1,0,0,1,0,0,21,0,0,5,8,3,13.0,0,0,5,7,4,11.5,1,7.6,2.6,0.32,Graduate,7,0.6,0.8,-1.5,0
STD_1285,1,1,1,14,1,1,1,13,27,6,8,0,0,0,1,1,1,20,0,0,5,7,4,11.0,0,0,5,7,4,11.5,0,9.4,-0.8,-3.12,Graduate,8,0.8,0.8,0.5,0
STD_2873,2,14,1,17,0,1,1,23,27,6,7,0,0,0,1,0,0,28,0,6,10,15,6,10.666666666666666,0,5,10,17,9,11.333333333333334,1,7.6,2.6,0.32,Enrolled,15,0.6,0.9,0.6666666666666679,0
STD_1689,1,1,1,2,1,1,1,13,1,10,10,1,0,0,1,1,0,20,0,0,0,0,0,0.0,0,0,0,0,0,0.0,0,10.8,1.4,1.74,Enrolled,0,0.0,0.0,0.0,0
STD_1211,1,14,1,13,1,1,1,22,27,10,10,1,0,0,0,0,0,32,0,0,7,7,0,0.0,7,0,8,8,0,0.0,7,10.8,1.4,1.74,Dropout,0,0.0,0.0,0.0,1
STD_2855,1,1,1,12,1,1,1,13,14,10,11,1,0,1,1,0,0,19,0,0,7,0,0,0.0,0,0,8,0,0,0.0,0,11.1,0.6,2.02,Dropout,0,0.0,0.0,0.0,1
STD_0537,1,12,1,7,1,1,1,3,3,5,5,1,0,0,1,1,0,27,0,0,5,10,1,14.0,0,0,5,0,0,0.0,0,8.9,1.4,3.51,Dropout,1,0.2,0.0,-14.0,1
STD_2777,1,8,2,2,1,1,1,13,27,10,10,1,0,0,1,0,1,18,0,0,0,0,0,0.0,0,0,0,0,0,0.0,0,12.7,3.7,-1.7,Enrolled,0,0.0,0.0,0.0,0
STD_1709,1,12,1,13,1,12,1,13,1,8,11,0,0,0,1,1,0,25,0,0,7,14,4,12.95,1,0,7,11,4,13.125,1,15.5,2.8,-4.06,Dropout,8,0.5714285714285714,0.5714285714285714,0.1750000000000007,1
STD_1968,1,1,3,6,1,1,1,3,2,5,4,1,0,0,1,0,0,18,0,0,5,14,3,12.333333333333334,2,0,5,8,5,11.6,0,9.4,-0.8,-3.12,Enrolled,8,0.6,1.0,-0.7333333333333343,0
STD_1022,1,15,1,9,1,14,1,13,1,5,10,1,0,0,1,0,0,21,0,4,7,10,6,11.333333333333334,0,1,5,6,5,11.2,0,11.1,0.6,2.02,Graduate,11,0.8571428571428571,1.0,-0.13333333333333464,0
STD_1873,1,16,1,12,1,1,1,1,1,5,11,0,0,0,1,1,0,20,0,0,7,7,7,15.66,0,7,10,11,9,15.011111111111113,0,11.1,0.6,2.02,Graduate,16,1.0,0.9,-0.6488888888888873,0
STD_2561,1,8,5,16,1,1,1,3,14,3,8,1,0,0,1,0,0,18,0,0,6,7,6,13.5,0,0,6,8,5,12.6,0,7.6,2.6,0.32,Graduate,11,1.0,0.8333333333333334,-0.9000000000000004,0
STD_3089,5,12,1,12,1,3,1,22,28,10,10,0,0,0,1,0,0,27,0,0,8,8,7,15.94285714285714,0,0,8,8,7,15.94285714285714,0,12.7,3.7,-1.7,Graduate,14,0.875,0.875,0.0,0
STD_2780,1,1,2,10,1,1,1,13,14,5,8,1,0,0,1,0,1,21,0,0,6,9,5,12.333333333333334,0,0,6,7,5,11.8,0,13.9,-0.3,0.79,Graduate,10,0.8333333333333334,0.8333333333333334,-0.5333333333333332,0
STD_1918,1,1,4,12,1,1,1,13,28,10,11,1,0,0,1,0,0,20,0,0,7,7,7,12.485714285714286,0,0,8,12,8,12.9375,0,16.2,0.3,-0.92,Graduate,15,1.0,1.0,0.45178571428571423,0
STD_1236,1,12,1,17,0,1,1,13,28,8,5,0,0,0,1,0,0,26,0,0,5,9,2,12.0,0,0,5,9,3,11.0,0,10.8,1.4,1.74,Dropout,5,0.4,0.6,-1.0,1
STD_2218,1,7,2,9,1,1,1,13,14,5,10,1,0,0,1,1,0,19,0,0,5,8,5,11.6,0,0,5,9,3,11.0,0,10.8,1.4,1.74,Dropout,8,1.0,0.6,-0.5999999999999996,1
STD_2654,2,12,2,9,1,1,1,22,27,6,8,0,0,0,1,1,0,43,0,0,5,14,0,0.0,1,0,5,5,0,0.0,0,9.4,-0.8,-3.12,Dropout,0,0.0,0.0,0.0,1
STD_3633,1,15,1,10,1,14,1,22,14,29,15,1,0,1,1,0,0,21,0,3,6,8,3,12.0,0,2,6,6,2,12.5,0,12.4,0.5,1.79,Enrolled,5,0.5,0.3333333333333333,0.5,0
STD_0756,1,1,4,2,1,1,1,1,14,5,6,1,0,1,0,1,0,19,0,0,0,0,0,0.0,0,0,0,0,0,0.0,0,15.5,2.8,-4.06,Dropout,0,0.0,0.0,0.0,1
STD_1262,1,13,1,7,1,1,1,13,27,10,4,0,0,1,1,1,0,25,0,0,5,5,0,0.0,0,2,6,7,2,14.0,0,13.9,-0.3,0.79,Dropout,2,0.0,0.3333333333333333,14.0,1
STD_1863,1,1,1,11,1,1,1,1,1,6,5,1,0,0,0,1,0,20,0,0,6,14,2,10.5,0,0,6,16,0,0.0,0,10.8,1.4,1.74,Dropout,2,0.3333333333333333,0.0,-10.5,1
STD_3385,1,1,1,6,1,1,1,22,27,10,10,1,0,0,1,0,0,19,0,0,5,10,2,14.5,1,0,5,9,3,11.333333333333334,0,12.7,3.7,-1.7,Enrolled,5,0.4,0.6,-3.166666666666666,0
STD_1799,1,12,1,4,1,12,1,22,28,5,10,0,0,1,0,0,0,40,0,0,6,12,5,12.8,0,0,6,16,3,13.333333333333334,0,11.1,0.6,2.02,Dropout,8,0.8333333333333334,0.5,0.5333333333333332,1
STD_1418,1,8,1,14,1,1,1,3,14,6,6,0,0,0,1,0,0,18,0,0,6,6,6,13.666666666666666,0,0,6,8,5,13.6,0,8.9,1.4,3.51,Graduate,11,1.0,0.8333333333333334,-0.06666666666666643,0
STD_3545,1,12,1,17,0,9,1,22,27,10,10,0,0,0,1,1,0,38,0,0,5,11,2,10.5,0,0,5,9,3,11.333333333333334,1,7.6,2.6,0.32,Enrolled,5,0.4,0.6,0.8333333333333339,0
STD_1218,1,15,1,3,0,14,1,13,27,8,7,1,0,0,1,0,0,22,0,3,6,6,6,12.5,0,2,6,7,6,13.285714285714286,0,12.4,0.5,1.79,Graduate,12,1.0,1.0,0.7857142857142865,0
STD_4124,1,1,3,12,1,1,3,22,27,10,10,1,0,0,1,0,0,18,1,0,7,7,6,14.716666666666669,0,0,7,7,6,14.716666666666669,0,7.6,2.6,0.32,Graduate,12,0.8571428571428571,0.8571428571428571,0.0,0
STD_3706,1,16,1,9,1,1,1,1,14,10,7,1,0,0,1,1,0,30,0,0,5,7,5,13.4,0,0,5,7,4,13.25,0,8.9,1.4,3.51,Dropout,9,1.0,0.8,-0.15000000000000036,1
STD_0378,1,1,1,12,1,1,1,1,1,5,5,1,0,0,1,0,1,18,0,0,7,7,7,15.135714285714286,0,0,8,8,8,15.287499999999998,0,12.4,0.5,1.79,Graduate,15,1.0,1.0,0.15178571428571175,0
STD_2997,1,8,1,10,1,1,1,13,1,1,6,1,0,0,1,0,0,18,0,0,6,9,5,11.833333333333334,0,0,6,7,5,13.8,0,13.9,-0.3,0.79,Graduate,10,0.8333333333333334,0.8333333333333334,1.9666666666666668,0
STD_2123,1,1,1,9,1,1,1,22,27,10,8,1,0,0,1,0,1,19,0,0,5,5,5,12.8,0,0,5,8,5,11.6,0,9.4,-0.8,-3.12,Graduate,10,1.0,1.0,-1.200000000000001,0
STD_1513,1,8,1,2,1,1,1,13,27,6,10,1,0,0,1,1,1,19,0,0,0,0,0,0.0,0,0,0,0,0,0.0,0,11.1,0.6,2.02,Graduate,0,0.0,0.0,0.0,0
STD_0676,1,8,1,16,1,1,1,22,27,10,10,1,0,0,1,0,0,23,0,0,6,11,2,10.0,0,0,6,15,2,11.0,0,7.6,2.6,0.32,Dropout,4,0.3333333333333333,0.3333333333333333,1.0,1
STD_3879,1,14,4,12,1,6,1,23,27,6,10,1,0,0,1,0,1,19,0,0,7,7,6,13.55,0,0,7,7,6,13.55,0,7.6,2.6,0.32,Graduate,12,0.8571428571428571,0.8571428571428571,0.0,0
STD_4050,1,17,1,13,1,16,1,1,14,5,6,0,0,0,1,0,1,22,0,1,7,10,6,13.314285714285717,0,2,8,10,7,12.875,0,8.9,1.4,3.51,Graduate,13,0.8571428571428571,0.875,-0.4392857142857167,0
STD_0902,1,14,2,10,1,1,1,23,28,6,6,0,0,0,1,0,1,19,0,0,6,8,6,11.428571428571429,0,0,6,11,5,11.2,0,10.8,1.4,1.74,Graduate,11,1.0,0.8333333333333334,-0.22857142857142954,0
STD_1292,1,1,1,12,1,1,1,23,28,10,10,0,0,0,1,1,0,19,0,0,8,8,7,14.285714285714286,0,0,8,8,7,14.285714285714286,0,12.7,3.7,-1.7,Graduate,14,0.875,0.875,0.0,0
STD_0739,1,1,1,2,1,1,1,1,3,4,8,1,0,1,1,1,0,19,0,6,12,13,11,12.0,0,4,11,15,10,11.181818181818182,0,8.9,1.4,3.51,Enrolled,21,0.9166666666666666,0.9090909090909091,-0.8181818181818183,0
STD_3033,1,9,2,12,1,1,1,13,1,6,6,1,0,0,1,0,1,19,0,0,7,8,6,12.648333333333332,0,0,8,9,8,12.205555555555556,0,11.1,0.6,2.02,Graduate,14,0.8571428571428571,1.0,-0.44277777777777594,0
STD_2314,1,15,1,8,1,14,1,22,27,7,7,1,0,0,1,1,0,22,0,0,5,7,4,14.5,0,0,5,5,5,14.6,0,10.8,1.4,1.74,Graduate,9,0.8,1.0,0.09999999999999964,0
STD_2717,2,12,2,13,1,1,1,13,28,10,10,0,0,0,1,0,1,26,0,0,7,7,0,0.0,0,0,8,8,0,0.0,6,10.8,1.4,1.74,Enrolled,0,0.0,0.0,0.0,0
STD_1325,1,8,3,9,1,1,1,3,28,3,11,1,0,0,1,0,0,18,0,0,5,16,4,10.666666666666666,0,0,5,11,2,12.0,0,13.9,-0.3,0.79,Enrolled,6,0.8,0.4,1.333333333333334,0
STD_2939,2,12,1,17,0,1,1,22,27,10,4,0,0,0,1,0,0,34,0,0,5,9,4,11.0,0,0,5,10,4,10.75,1,7.6,2.6,0.32,Enrolled,8,0.8,0.8,-0.25,0
STD_4020,1,1,2,12,1,1,1,1,1,6,10,1,0,0,1,0,1,19,0,0,8,8,8,13.9475,0,0,8,8,8,13.9475,0,9.4,-0.8,-3.12,Graduate,16,1.0,1.0,0.0,0
STD_1413,1,14,1,14,1,1,9,22,27,10,10,1,0,0,1,1,0,23,1,3,9,11,6,10.5,0,4,10,10,10,11.7,0,9.4,-0.8,-3.12,Graduate,16,0.6666666666666666,1.0,1.1999999999999993,0
STD_3161,1,1,2,2,1,1,1,23,14,10,10,1,0,0,1,1,1,21,0,0,0,0,0,0.0,0,0,0,0,0,0.0,0,10.8,1.4,1.74,Graduate,0,0.0,0.0,0.0,0
STD_3523,1,1,1,14,1,1,1,1,1,10,9,1,0,0,1,1,1,17,0,0,6,8,6,14.875,0,0,6,8,6,13.428571428571429,0,11.1,0.6,2.02,Graduate,12,1.0,1.0,-1.4464285714285712,0
STD_3332,1,14,1,11,1,1,1,10,14,10,10,0,0,0,0,1,0,31,0,3,8,19,5,12.166666666666666,0,3,7,12,5,12.0,0,7.6,2.6,0.32,Dropout,10,0.625,0.7142857142857143,-0.16666666666666607,1
STD_1388,1,1,3,9,1,1,1,22,27,10,6,1,0,0,1,1,0,19,0,0,5,8,5,13.25,0,0,5,6,5,11.833333333333334,0,13.9,-0.3,0.79,Graduate,10,1.0,1.0,-1.416666666666666,0
STD_2097,1,4,1,12,1,3,1,3,1,5,5,0,0,0,1,0,0,26,0,0,7,0,0,0.0,0,0,8,0,0,0.0,0,13.9,-0.3,0.79,Dropout,0,0.0,0.0,0.0,1
STD_1250,1,1,2,16,1,1,1,23,27,6,4,1,0,0,0,0,0,18,0,0,6,11,3,13.0,0,0,6,10,5,11.8,0,9.4,-0.8,-3.12,Dropout,8,0.5,0.8333333333333334,-1.1999999999999993,1
STD_0472,1,1,1,11,1,1,1,13,28,10,8,0,0,0,1,0,1,20,0,0,6,6,6,12.333333333333334,0,0,6,7,6,11.833333333333334,0,13.9,-0.3,0.79,Graduate,12,1.0,1.0,-0.5,0
STD_2846,1,15,1,4,1,14,1,23,28,10,7,1,0,0,1,0,0,20,0,0,6,7,6,13.571428571428571,0,0,6,9,6,12.714285714285714,0,12.4,0.5,1.79,Graduate,12,1.0,1.0,-0.8571428571428577,0
STD_1771,1,7,3,16,1,1,1,22,14,10,6,1,0,0,1,0,1,23,0,0,6,10,4,14.25,1,0,6,8,5,12.0,0,7.6,2.6,0.32,Enrolled,9,0.6666666666666666,0.8333333333333334,-2.25,0
STD_1345,1,8,1,5,1,1,1,1,1,5,9,1,0,1,0,0,1,18,0,0,6,6,6,11.833333333333334,0,0,6,8,6,11.0,0,12.7,3.7,-1.7,Dropout,12,1.0,1.0,-0.8333333333333339,1
STD_2948,1,8,6,14,1,1,1,4,1,4,11,0,0,0,1,0,0,20,0,0,6,9,6,12.375,0,0,6,7,6,13.142857142857142,0,11.1,0.6,2.02,Graduate,12,1.0,1.0,0.7678571428571423,0
STD_0292,1,15,1,4,1,14,1,13,27,7,7,0,0,1,1,0,1,19,0,0,6,9,6,14.333333333333334,0,0,6,7,6,13.833333333333334,0,13.9,-0.3,0.79,Graduate,12,1.0,1.0,-0.5,0
STD_1478,1,16,1,2,1,1,1,2,1,4,4,1,0,0,1,1,0,21,0,6,12,12,12,13.666666666666666,0,4,11,16,11,13.0,0,8.9,1.4,3.51,Graduate,23,1.0,1.0,-0.6666666666666661,0
STD_4053,1,1,1,11,1,1,1,22,27,10,10,1,0,0,0,0,1,20,0,0,6,12,4,11.25,0,0,6,12,3,11.333333333333334,0,7.6,2.6,0.32,Dropout,7,0.6666666666666666,0.5,0.08333333333333393,1
STD_1209,1,4,1,3,0,3,1,22,28,1,6,0,0,0,0,0,0,28,0,0,6,12,1,11.0,0,0,6,0,0,0.0,0,12.7,3.7,-1.7,Dropout,1,0.16666666666666666,0.0,-11.0,1
STD_0948,1,8,2,15,1,1,1,3,5,1,3,1,0,0,0,1,1,22,0,0,4,8,0,0.0,0,0,4,8,0,0.0,0,7.6,2.6,0.32,Dropout,0,0.0,0.0,0.0,1
STD_0428,1,8,1,9,1,1,1,23,2,10,3,1,0,0,1,0,0,20,0,0,5,8,3,11.333333333333334,0,0,5,12,2,10.666666666666666,0,10.8,1.4,1.74,Enrolled,5,0.6,0.4,-0.6666666666666679,0
STD_2223,1,14,1,7,1,1,1,3,1,3,4,0,0,0,1,1,0,18,0,0,5,9,4,12.25,0,0,5,11,3,11.666666666666666,0,13.9,-0.3,0.79,Enrolled,7,0.8,0.6,-0.5833333333333339,0
STD_3443,1,8,4,11,1,1,1,22,14,10,8,1,0,0,1,0,0,20,0,0,6,7,6,11.5,0,0,6,8,5,12.4,0,11.1,0.6,2.02,Graduate,11,1.0,0.8333333333333334,0.9000000000000004,0
STD_1171,1,1,1,9,1,1,1,23,14,6,8,0,0,0,1,1,0,19,0,0,5,6,5,11.2,0,0,5,5,5,13.2,0,12.4,0.5,1.79,Graduate,10,1.0,1.0,2.0,0
STD_0044,1,8,1,15,1,1,1,1,28,6,6,0,0,0,0,0,0,20,0,0,6,7,4,13.0,0,0,6,7,5,13.8,0,12.4,0.5,1.79,Dropout,9,0.6666666666666666,0.8333333333333334,0.8000000000000007,1
STD_1883,1,8,1,11,1,1,1,13,28,10,10,0,0,0,1,0,0,19,0,0,5,5,0,0.0,0,0,6,0,0,0.0,0,8.9,1.4,3.51,Dropout,0,0.0,0.0,0.0,1
STD_1680,1,12,1,12,1,1,1,1,27,10,10,0,0,0,1,1,0,28,0,0,7,11,3,11.916666666666666,1,0,7,17,0,0.0,0,16.2,0.3,-0.92,Dropout,3,0.42857142857142855,0.0,-11.916666666666666,1
STD_4070,1,8,2,10,1,1,1,2,3,4,4,1,0,0,1,0,0,19,0,0,6,7,6,11.166666666666666,0,0,6,9,6,11.666666666666666,0,9.4,-0.8,-3.12,Graduate,12,1.0,1.0,0.5,0
STD_1769,1,4,1,12,1,3,1,3,14,3,7,0,0,0,1,1,0,27,0,0,7,0,0,0.0,0,0,8,0,0,0.0,0,12.4,0.5,1.79,Dropout,0,0.0,0.0,0.0,1
STD_4353,1,1,6,16,1,1,1,23,28,10,8,1,0,0,1,0,0,18,0,0,6,7,6,11.666666666666666,0,0,6,7,6,12.333333333333334,0,10.8,1.4,1.74,Dropout,12,1.0,1.0,0.6666666666666679,1
STD_1386,1,1,1,8,1,1,1,13,27,2,10,1,0,0,1,1,0,22,0,0,5,9,2,10.5,0,0,5,5,0,0.0,0,12.7,3.7,-1.7,Dropout,2,0.4,0.0,-10.5,1
STD_3986,1,8,1,5,1,1,1,22,28,10,9,1,0,0,1,0,0,20,0,0,6,6,6,12.5,0,0,6,6,6,12.666666666666666,0,7.6,2.6,0.32,Graduate,12,1.0,1.0,0.16666666666666607,0
STD_3129,1,1,6,9,1,1,1,1,27,5,10,1,0,1,1,0,0,22,0,0,5,5,5,13.8,0,0,5,5,5,13.0,0,7.6,2.6,0.32,Graduate,10,1.0,1.0,-0.8000000000000007,0
STD_1141,1,1,6,12,1,1,1,23,14,6,7,1,0,0,1,0,0,18,0,0,7,11,7,13.37,0,0,8,13,7,12.833333333333334,0,15.5,2.8,-4.06,Graduate,14,1.0,0.875,-0.5366666666666653,0
STD_2196,1,1,2,15,1,1,1,23,14,5,8,1,0,0,1,1,1,19,0,0,6,8,4,12.0,0,0,6,8,6,12.285714285714286,0,15.5,2.8,-4.06,Enrolled,10,0.6666666666666666,1.0,0.2857142857142865,0
STD_0490,1,1,3,12,1,1,1,23,28,6,6,1,0,0,1,0,1,19,0,0,7,9,6,11.814285714285717,0,0,8,8,7,13.542857142857144,0,13.9,-0.3,0.79,Graduate,13,0.8571428571428571,0.875,1.7285714285714278,0
STD_3570,1,12,1,6,1,12,1,3,1,3,6,0,0,0,1,1,0,25,0,0,6,0,0,0.0,0,0,6,0,0,0.0,0,10.8,1.4,1.74,Dropout,0,0.0,0.0,0.0,1
STD_1885,2,12,1,12,1,1,1,22,27,29,37,0,0,0,1,0,0,48,0,0,7,11,4,11.75,0,0,7,14,3,11.725,0,11.1,0.6,2.02,Enrolled,7,0.5714285714285714,0.42857142857142855,-0.025000000000000355,0
STD_1921,1,15,1,6,1,14,1,1,1,4,8,1,0,0,1,0,0,20,0,2,6,11,5,14.2,0,0,6,12,2,13.5,0,13.9,-0.3,0.79,Enrolled,7,0.8333333333333334,0.3333333333333333,-0.6999999999999993,0
STD_1523,1,8,1,6,1,1,1,13,1,10,5,1,0,0,1,1,0,20,0,0,6,12,4,12.8,0,0,6,17,0,0.0,0,12.4,0.5,1.79,Dropout,4,0.6666666666666666,0.0,-12.8,1
STD_1849,1,1,2,12,1,1,1,5,5,3,3,0,0,0,1,1,0,19,0,0,7,10,6,13.492857142857144,0,0,8,9,8,12.68888888888889,0,12.4,0.5,1.79,Graduate,14,0.8571428571428571,1.0,-0.8039682539682538,0
STD_0502,1,8,2,11,1,1,1,23,28,10,10,1,0,0,1,0,0,18,0,0,6,6,6,12.666666666666666,0,0,6,7,5,14.6,0,11.1,0.6,2.02,Graduate,11,1.0,0.8333333333333334,1.9333333333333336,0
STD_2354,1,8,1,14,1,1,1,22,27,10,10,1,0,0,1,1,1,21,0,0,6,8,4,14.75,0,0,6,6,5,11.8,0,12.7,3.7,-1.7,Graduate,9,0.6666666666666666,0.8333333333333334,-2.9499999999999993,0
STD_2530,1,8,1,9,1,1,1,13,28,5,9,0,0,0,1,0,1,18,0,0,5,5,5,11.6,0,0,5,12,4,12.625,0,10.8,1.4,1.74,Graduate,9,1.0,0.8,1.0250000000000004,0
STD_3529,1,9,3,7,1,1,1,1,14,10,9,1,0,0,1,1,0,18,0,0,5,10,4,11.6,0,0,5,9,3,14.2,0,12.4,0.5,1.79,Dropout,7,0.8,0.6,2.5999999999999996,1
STD_0908,1,8,2,10,1,1,1,13,28,8,7,1,0,0,1,0,1,19,0,0,6,12,5,11.714285714285714,0,0,6,11,6,11.0,0,12.7,3.7,-1.7,Graduate,11,0.8333333333333334,1.0,-0.7142857142857135,0
STD_2789,1,12,1,14,1,1,1,13,14,8,8,0,0,1,0,1,0,24,0,0,6,12,0,0.0,0,0,6,9,0,0.0,0,10.8,1.4,1.74,Dropout,0,0.0,0.0,0.0,1
STD_1597,1,1,2,12,1,1,1,22,27,10,10,1,0,0,1,1,0,22,0,0,7,9,6,12.833333333333334,0,0,8,12,6,12.5,0,16.2,0.3,-0.92,Enrolled,12,0.8571428571428571,0.75,-0.3333333333333339,0
STD_1746,1,15,1,6,1,14,1,1,1,5,5,1,1,0,1,1,0,26,0,2,6,20,4,12.5,0,1,6,16,3,10.0,0,15.5,2.8,-4.06,Dropout,7,0.6666666666666666,0.5,-2.5,1
STD_3006,1,1,4,12,1,1,1,13,28,8,8,1,0,0,1,0,1,18,0,0,7,7,7,14.572857142857142,0,0,8,9,8,14.955555555555556,0,12.4,0.5,1.79,Graduate,15,1.0,1.0,0.38269841269841365,0
STD_1322,1,1,2,16,1,1,1,13,1,32,16,1,0,0,1,0,0,20,0,0,7,8,6,13.5,0,0,7,8,6,14.0,0,11.1,0.6,2.02,Enrolled,12,0.8571428571428571,0.8571428571428571,0.5,0
STD_4225,1,14,1,12,1,1,1,23,14,6,9,0,0,0,1,0,1,19,0,0,7,9,6,13.0,0,0,8,11,8,13.927272727272726,0,16.2,0.3,-0.92,Graduate,14,0.8571428571428571,1.0,0.9272727272727259,0
STD_0595,1,8,1,4,1,1,1,22,27,5,7,0,0,1,1,0,0,20,0,0,6,8,6,13.333333333333334,0,0,6,8,5,14.0,0,11.1,0.6,2.02,Enrolled,11,1.0,0.8333333333333334,0.6666666666666661,0
STD_0929,1,12,1,6,1,1,1,22,14,29,35,1,0,1,1,0,0,28,0,0,6,17,0,0.0,0,0,6,6,0,0.0,0,8.9,1.4,3.51,Enrolled,0,0.0,0.0,0.0,0
STD_3130,1,1,1,15,1,1,1,1,28,5,10,0,0,0,1,0,1,18,0,0,6,6,6,12.666666666666666,0,0,6,6,6,12.833333333333334,0,11.1,0.6,2.02,Graduate,12,1.0,1.0,0.16666666666666785,0
STD_3902,1,8,3,11,1,1,1,22,27,10,7,1,0,0,1,0,1,20,0,0,6,11,4,11.5,0,0,6,12,3,11.0,0,7.6,2.6,0.32,Enrolled,7,0.6666666666666666,0.5,-0.5,0
STD_0561,1,17,1,4,1,16,1,3,28,20,30,0,0,0,1,1,0,21,0,7,12,18,11,12.090909090909092,0,5,12,14,11,12.0,0,8.9,1.4,3.51,Graduate,22,0.9166666666666666,0.9166666666666666,-0.09090909090909172,0
STD_3318,1,1,1,2,1,1,1,1,1,5,10,0,0,0,1,1,1,18,0,0,0,0,0,0.0,0,0,0,0,0,0.0,0,16.2,0.3,-0.92,Graduate,0,0.0,0.0,0.0,0
STD_1518,1,8,1,2,1,1,1,13,1,5,2,1,0,0,1,1,0,19,0,6,12,12,12,13.583333333333334,0,4,11,12,11,13.583333333333334,0,8.9,1.4,3.51,Graduate,23,1.0,1.0,0.0,0
STD_3009,1,1,1,8,1,1,1,25,14,3,10,1,0,0,1,0,0,18,0,0,6,8,5,14.4,0,0,6,11,4,14.6,0,8.9,1.4,3.51,Dropout,9,0.8333333333333334,0.6666666666666666,0.1999999999999993,1
STD_3627,1,8,1,3,0,1,1,19,24,1,1,1,0,0,1,0,0,26,0,4,7,15,7,11.571428571428571,0,2,6,14,2,11.0,0,7.6,2.6,0.32,Dropout,9,1.0,0.3333333333333333,-0.5714285714285712,1
STD_1132,1,13,1,12,1,1,1,1,2,10,4,1,0,0,1,0,0,22,0,4,8,8,7,13.285714285714286,0,4,8,8,7,13.285714285714286,0,12.7,3.7,-1.7,Graduate,14,0.875,0.875,0.0,0
STD_0459,2,12,1,4,1,1,1,1,14,5,10,1,0,0,1,0,0,36,0,4,12,14,12,13.846153846153848,0,5,12,18,11,14.090909090909092,0,8.9,1.4,3.51,Graduate,23,1.0,0.9166666666666666,0.24475524475524324,0
STD_3996,2,12,1,17,0,1,1,22,27,10,10,0,0,0,1,0,0,27,0,0,5,5,2,10.5,0,0,5,5,0,0.0,0,7.6,2.6,0.32,Dropout,2,0.4,0.0,-10.5,1
STD_2701,1,1,1,2,1,1,1,1,1,5,4,1,0,1,1,1,0,21,0,0,0,0,0,0.0,0,0,0,0,0,0.0,0,16.2,0.3,-0.92,Dropout,0,0.0,0.0,0.0,1
STD_2877,1,12,1,13,1,1,3,3,3,5,5,0,0,1,0,0,0,54,1,0,7,7,0,0.0,0,0,5,10,0,0.0,0,12.4,0.5,1.79,Dropout,0,0.0,0.0,0.0,1
STD_2628,1,1,1,12,1,1,1,1,14,5,5,0,0,0,1,1,0,19,0,0,7,7,7,12.2,0,0,7,7,7,12.2,0,7.6,2.6,0.32,Enrolled,14,1.0,1.0,0.0,0
STD_3611,1,15,1,7,1,14,1,23,14,10,6,1,0,0,1,1,0,19,0,0,5,9,2,12.5,0,0,5,10,3,11.6,0,12.4,0.5,1.79,Enrolled,5,0.4,0.6,-0.9000000000000004,0
STD_2455,1,9,1,7,1,1,1,3,14,4,6,0,0,0,1,1,1,18,0,0,5,5,0,0.0,0,0,5,5,0,0.0,0,9.4,-0.8,-3.12,Dropout,0,0.0,0.0,0.0,1
STD_0060,1,1,3,2,1,1,1,23,27,5,10,1,0,0,1,0,0,18,0,0,0,0,0,0.0,0,0,0,0,0,0.0,0,7.6,2.6,0.32,Enrolled,0,0.0,0.0,0.0,0
STD_4148,4,12,1,6,1,1,1,22,27,10,10,0,0,0,0,0,1,44,0,0,6,12,4,12.75,0,0,6,15,2,10.0,0,8.9,1.4,3.51,Enrolled,6,0.6666666666666666,0.3333333333333333,-2.75,0
STD_3590,1,4,1,17,0,15,1,1,3,5,3,0,0,0,1,1,0,27,0,0,5,0,0,0.0,0,0,5,0,0,0.0,0,8.9,1.4,3.51,Dropout,0,0.0,0.0,0.0,1
STD_2581,1,1,1,10,1,1,1,13,27,5,8,1,0,0,1,0,1,18,0,0,6,6,6,13.666666666666666,0,0,6,6,6,13.0,0,10.8,1.4,1.74,Graduate,12,1.0,1.0,-0.6666666666666661,0
STD_2212,1,1,1,5,1,1,1,22,27,10,10,1,0,0,1,1,0,19,0,0,6,6,6,13.5,0,0,6,6,6,13.166666666666666,0,9.4,-0.8,-3.12,Graduate,12,1.0,1.0,-0.3333333333333339,0
STD_2447,1,4,1,17,0,15,1,22,27,7,7,1,0,0,1,1,0,44,0,3,7,9,7,13.5,0,0,5,6,5,16.2,0,8.9,1.4,3.51,Dropout,12,1.0,1.0,2.6999999999999993,1
STD_3559,1,1,4,5,1,1,1,4,14,3,11,1,0,0,1,1,0,19,0,0,6,7,6,12.666666666666666,0,0,6,8,6,12.142857142857142,0,9.4,-0.8,-3.12,Enrolled,12,1.0,1.0,-0.5238095238095237,0
STD_3921,1,1,5,10,1,1,1,23,1,10,6,1,0,0,1,0,1,19,0,0,6,8,6,11.0,0,0,6,13,3,11.0,0,9.4,-0.8,-3.12,Graduate,9,1.0,0.5,0.0,0
STD_2422,2,12,1,17,0,12,1,22,27,6,6,1,0,0,1,1,0,41,0,0,5,5,0,0.0,0,0,5,5,0,0.0,0,7.6,2.6,0.32,Dropout,0,0.0,0.0,0.0,1
STD_4194,1,8,2,11,1,1,1,1,4,5,5,0,0,0,1,0,1,18,0,0,6,7,6,11.285714285714286,0,0,6,9,4,13.5,0,16.2,0.3,-0.92,Graduate,10,1.0,0.6666666666666666,2.2142857142857135,0
STD_3956,1,12,1,12,1,12,1,1,14,5,11,1,0,0,1,0,0,27,0,0,7,0,0,0.0,0,0,8,0,0,0.0,0,11.1,0.6,2.02,Dropout,0,0.0,0.0,0.0,1
STD_3803,4,14,1,3,0,1,1,23,27,10,10,0,0,0,1,0,1,39,0,3,9,9,9,13.11111111111111,0,2,7,10,7,11.714285714285714,0,12.7,3.7,-1.7,Graduate,16,1.0,1.0,-1.3968253968253972,0
STD_2577,1,15,1,6,1,14,1,22,27,10,10,1,0,1,1,0,0,32,0,0,6,14,4,11.5,0,0,6,14,3,11.0,0,16.2,0.3,-0.92,Dropout,7,0.6666666666666666,0.5,-0.5,1
STD_0868,1,12,1,7,1,12,1,22,28,4,8,0,0,0,1,1,1,29,0,0,5,6,0,0.0,0,0,5,7,0,0.0,0,12.4,0.5,1.79,Dropout,0,0.0,0.0,0.0,1
STD_0850,1,8,6,12,1,1,1,1,14,5,5,0,0,0,1,0,1,20,0,3,7,7,7,13.914285714285713,0,5,8,8,8,14.10625,0,11.1,0.6,2.02,Graduate,15,1.0,1.0,0.19196428571428648,0
STD_0527,1,12,1,7,1,12,1,13,14,6,4,1,0,0,1,1,0,24,0,0,5,9,1,12.0,0,0,5,6,3,10.5,0,10.8,1.4,1.74,Enrolled,4,0.2,0.6,-1.5,0
STD_0319,1,1,1,10,1,1,1,13,28,6,10,0,0,0,1,0,1,18,0,0,6,8,6,11.285714285714286,0,0,6,10,6,11.857142857142858,0,12.4,0.5,1.79,Graduate,12,1.0,1.0,0.5714285714285712,0
STD_4195,1,1,5,9,1,1,1,23,28,10,10,1,0,1,0,0,0,22,0,0,5,12,2,11.5,0,0,5,12,0,0.0,0,12.7,3.7,-1.7,Dropout,2,0.4,0.0,-11.5,1
STD_1006,1,8,1,6,1,1,1,3,14,6,6,1,0,0,1,0,0,18,0,0,5,9,3,13.666666666666666,1,0,5,5,5,12.0,0,12.7,3.7,-1.7,Graduate,8,0.6,1.0,-1.666666666666666,0
STD_3521,1,14,1,17,0,4,1,3,3,3,2,0,0,0,1,1,0,26,0,0,5,7,5,12.6,0,0,5,7,5,13.714285714285714,0,13.9,-0.3,0.79,Graduate,10,1.0,1.0,1.1142857142857139,0
STD_0830,1,14,1,14,1,1,1,3,14,4,6,0,0,0,1,0,0,19,0,0,6,0,0,0.0,0,0,6,0,0,0.0,0,15.5,2.8,-4.06,Dropout,0,0.0,0.0,0.0,1
STD_1460,1,9,1,9,1,1,1,22,27,8,8,1,0,0,0,1,0,20,0,0,5,5,0,0.0,0,0,5,0,0,0.0,0,9.4,-0.8,-3.12,Dropout,0,0.0,0.0,0.0,1
STD_0754,2,12,1,17,0,12,1,13,27,8,10,0,0,1,0,0,0,32,0,0,5,5,0,0.0,0,0,5,6,0,0.0,0,10.8,1.4,1.74,Dropout,0,0.0,0.0,0.0,1
STD_2722,1,8,2,9,1,1,1,2,3,3,3,1,0,0,1,0,0,19,0,0,5,10,3,11.0,0,0,5,9,4,11.75,0,12.7,3.7,-1.7,Enrolled,7,0.6,0.8,0.75,0
STD_1711,1,15,1,17,0,14,1,22,27,10,10,0,0,0,1,0,0,31,0,2,6,12,4,12.25,0,3,7,9,7,12.0,0,9.4,-0.8,-3.12,Enrolled,11,0.6666666666666666,1.0,-0.25,0
STD_2037,1,8,1,9,1,1,1,1,27,6,10,1,0,0,1,1,0,22,0,0,5,8,2,10.0,0,0,5,7,1,10.0,0,7.6,2.6,0.32,Dropout,3,0.4,0.2,0.0,1
STD_0294,1,8,4,10,1,1,1,13,14,29,29,1,0,0,1,0,1,18,0,0,6,9,6,11.666666666666666,0,0,6,8,6,11.666666666666666,0,8.9,1.4,3.51,Graduate,12,1.0,1.0,0.0,0
STD_3859,1,1,1,14,1,1,1,23,14,1,3,1,0,0,1,1,0,21,0,0,5,8,0,0.0,0,0,5,5,0,0.0,0,9.4,-0.8,-3.12,Dropout,0,0.0,0.0,0.0,1
STD_3480,1,1,1,11,1,1,1,23,27,10,8,0,0,0,1,1,1,19,0,0,6,6,6,13.0,0,0,6,6,6,13.166666666666666,0,12.4,0.5,1.79,Graduate,12,1.0,1.0,0.16666666666666607,0
STD_2357,1,1,1,2,1,1,1,1,1,5,4,0,0,0,1,1,0,19,0,0,0,0,0,0.0,0,0,0,0,0,0.0,0,7.6,2.6,0.32,Graduate,0,0.0,0.0,0.0,0
STD_3589,1,9,1,15,1,1,1,23,27,10,9,0,0,0,1,1,1,21,0,0,6,8,5,13.833333333333334,0,0,6,6,4,14.0,0,13.9,-0.3,0.79,Graduate,9,0.8333333333333334,0.6666666666666666,0.16666666666666607,0
STD_3932,1,1,1,8,1,1,1,3,1,5,10,1,0,0,1,0,0,18,0,0,6,8,6,14.5,0,0,6,9,6,12.857142857142858,0,13.9,-0.3,0.79,Graduate,12,1.0,1.0,-1.6428571428571423,0
STD_2901,2,14,1,17,0,2,1,22,27,10,9,0,0,0,1,0,0,36,0,8,12,21,11,11.5,0,7,12,22,12,11.4375,0,9.4,-0.8,-3.12,Enrolled,23,0.9166666666666666,1.0,-0.0625,0
STD_0324,1,14,4,9,1,1,1,22,27,10,10,0,0,0,1,0,0,19,0,3,10,15,5,11.8,0,4,10,14,8,12.0,0,7.6,2.6,0.32,Graduate,13,0.5,0.8,0.1999999999999993,0
STD_3939,1,1,2,12,1,1,1,13,1,6,6,1,0,0,1,0,0,19,0,0,7,7,7,14.20857142857143,0,0,8,9,8,15.127777777777778,0,11.1,0.6,2.02,Graduate,15,1.0,1.0,0.9192063492063482,0
STD_2580,1,1,1,10,1,1,1,22,27,10,10,0,0,0,1,0,0,18,0,0,6,6,6,13.0,0,0,6,6,6,12.833333333333334,0,10.8,1.4,1.74,Graduate,12,1.0,1.0,-0.16666666666666607,0
STD_3693,1,12,1,14,1,1,1,23,27,8,8,0,0,0,1,1,0,29,0,0,6,7,1,14.0,0,0,6,6,0,0.0,0,16.2,0.3,-0.92,Dropout,1,0.16666666666666666,0.0,-14.0,1
STD_0346,1,1,1,15,1,1,1,13,14,8,6,1,0,0,1,0,0,18,0,0,6,7,6,13.5,0,0,6,8,6,12.5,0,9.4,-0.8,-3.12,Graduate,12,1.0,1.0,-1.0,0
STD_2355,1,1,2,6,1,1,1,22,14,12,12,0,0,0,1,1,0,18,0,0,6,0,0,0.0,0,0,6,0,0,0.0,0,7.6,2.6,0.32,Dropout,0,0.0,0.0,0.0,1
STD_2182,1,8,1,10,1,1,1,13,14,6,5,0,0,0,1,0,1,18,0,0,6,8,5,10.8,0,0,6,9,6,10.5,0,12.4,0.5,1.79,Graduate,11,0.8333333333333334,1.0,-0.3000000000000007,0
STD_0651,1,8,1,10,1,1,1,13,1,6,1,1,0,0,1,0,0,18,0,0,6,8,6,15.375,0,0,6,7,6,16.428571428571427,0,16.2,0.3,-0.92,Graduate,12,1.0,1.0,1.053571428571427,0
STD_3923,1,1,1,10,1,1,1,13,14,6,6,1,0,0,1,0,1,18,0,0,6,10,4,12.4,0,0,6,8,6,12.5,0,12.4,0.5,1.79,Graduate,10,0.6666666666666666,1.0,0.09999999999999964,0
STD_0169,1,12,1,12,1,3,1,2,2,2,2,0,0,0,1,0,0,29,0,1,8,8,7,14.257142857142856,0,1,8,8,7,14.257142857142856,0,12.7,3.7,-1.7,Graduate,14,0.875,0.875,0.0,0
STD_3111,1,13,1,2,1,1,1,1,1,2,5,1,0,0,1,0,0,19,0,0,0,0,0,0.0,0,0,0,0,0,0.0,0,12.7,3.7,-1.7,Dropout,0,0.0,0.0,0.0,1
STD_1108,1,1,3,12,1,1,1,23,14,9,9,1,0,1,1,0,1,18,0,0,7,8,7,12.65,0,0,8,9,8,12.445555555555554,0,15.5,2.8,-4.06,Graduate,15,1.0,1.0,-0.2044444444444462,0
STD_3780,1,14,1,13,1,1,1,2,3,4,3,0,0,0,1,0,0,25,0,2,7,10,3,13.0,0,1,8,10,3,11.666666666666666,4,10.8,1.4,1.74,Enrolled,6,0.42857142857142855,0.375,-1.333333333333334,0
STD_3234,1,8,3,6,1,1,1,22,28,10,10,0,0,0,1,0,0,20,0,0,6,0,0,0.0,0,0,6,0,0,0.0,0,11.1,0.6,2.02,Dropout,0,0.0,0.0,0.0,1
STD_2285,1,1,1,5,1,1,1,13,28,5,5,0,0,0,1,1,0,20,0,1,6,8,6,13.428571428571429,1,0,6,12,4,11.5,0,13.9,-0.3,0.79,Enrolled,10,1.0,0.6666666666666666,-1.9285714285714288,0
STD_1124,1,15,1,4,1,14,1,22,28,10,10,0,0,1,1,0,1,19,0,0,6,8,6,13.0,0,0,6,11,5,13.0,0,15.5,2.8,-4.06,Graduate,11,1.0,0.8333333333333334,0.0,0
STD_3356,2,12,2,4,1,12,1,23,14,5,2,0,0,0,0,1,0,32,0,2,8,12,2,11.5,2,0,7,9,0,0.0,0,15.5,2.8,-4.06,Dropout,2,0.25,0.0,-11.5,1
STD_0605,1,1,1,12,1,1,1,1,27,4,9,0,0,0,1,0,1,18,0,0,7,9,7,13.055555555555555,0,0,8,8,8,15.8125,0,13.9,-0.3,0.79,Graduate,15,1.0,1.0,2.7569444444444446,0
STD_1080,1,1,2,12,1,1,1,1,27,5,10,1,0,0,1,0,1,19,0,0,7,8,6,13.533333333333331,0,0,8,9,7,13.614285714285714,0,12.4,0.5,1.79,Graduate,13,0.8571428571428571,0.875,0.08095238095238244,0
STD_1110,1,8,4,6,1,1,1,13,26,12,8,1,0,0,1,0,0,20,0,0,5,7,4,12.4,0,0,5,9,5,12.666666666666666,0,7.6,2.6,0.32,Graduate,9,0.8,1.0,0.2666666666666657,0
STD_1359,1,8,1,2,1,1,1,1,1,5,11,0,0,0,0,1,0,19,0,0,0,0,0,0.0,0,0,0,0,0,0.0,0,10.8,1.4,1.74,Dropout,0,0.0,0.0,0.0,1
STD_2321,4,12,1,10,1,1,1,13,3,10,3,0,0,0,1,1,0,50,0,0,6,7,4,12.25,0,0,6,7,0,0.0,0,8.9,1.4,3.51,Dropout,4,0.6666666666666666,0.0,-12.25,1
STD_2210,1,1,5,15,1,1,1,1,28,10,6,1,0,1,0,1,0,18,0,0,6,6,0,0.0,0,0,6,0,0,0.0,0,11.1,0.6,2.02,Dropout,0,0.0,0.0,0.0,1
STD_0339,1,8,1,10,1,1,1,3,1,10,11,0,0,0,1,0,0,19,0,0,6,9,5,12.166666666666666,0,0,6,8,6,12.428571428571429,0,13.9,-0.3,0.79,Graduate,11,0.8333333333333334,1.0,0.26190476190476275,0
STD_4018,4,12,1,3,0,1,1,22,27,10,8,0,0,0,1,0,1,43,0,0,6,6,0,0.0,0,0,5,5,0,0.0,0,8.9,1.4,3.51,Dropout,0,0.0,0.0,0.0,1
STD_1961,1,1,1,10,1,1,1,1,1,5,10,1,0,1,1,0,1,19,0,0,6,6,6,12.833333333333334,0,0,6,6,6,12.666666666666666,0,9.4,-0.8,-3.12,Graduate,12,1.0,1.0,-0.16666666666666785,0
STD_2592,1,1,1,16,1,1,1,13,27,10,10,1,0,1,0,0,0,22,0,0,7,10,6,11.5,0,0,7,8,6,13.166666666666666,0,11.1,0.6,2.02,Enrolled,12,0.8571428571428571,0.8571428571428571,1.666666666666666,0
STD_2249,1,15,1,7,1,1,1,22,10,10,9,1,0,1,0,1,0,23,0,0,5,6,0,0.0,0,0,5,7,0,0.0,0,13.9,-0.3,0.79,Dropout,0,0.0,0.0,0.0,1
STD_3353,1,12,1,7,1,1,1,1,10,5,4,0,0,0,1,1,0,27,0,1,6,7,3,12.0,0,2,6,7,2,11.0,0,13.9,-0.3,0.79,Dropout,5,0.5,0.3333333333333333,-1.0,1
STD_1590,1,8,2,3,0,1,1,1,14,5,13,1,0,0,1,1,0,22,0,0,6,7,6,12.666666666666666,0,0,6,6,6,12.166666666666666,0,7.6,2.6,0.32,Graduate,12,1.0,1.0,-0.5,0
STD_2154,1,13,1,10,1,1,1,1,14,5,10,0,0,0,1,0,0,21,0,10,13,21,11,13.272727272727272,0,6,11,13,9,13.0,0,7.6,2.6,0.32,Graduate,20,0.8461538461538461,0.8181818181818182,-0.2727272727272716,0
STD_2476,2,12,1,3,0,12,1,13,27,10,10,0,0,1,0,1,0,45,0,0,6,7,0,0.0,0,0,5,5,0,0.0,0,16.2,0.3,-0.92,Dropout,0,0.0,0.0,0.0,1
STD_3008,1,8,5,9,1,1,1,1,28,5,6,1,0,0,1,0,1,19,0,0,5,12,2,10.0,0,0,5,11,4,11.75,0,11.1,0.6,2.02,Enrolled,6,0.4,0.8,1.75,0
STD_4296,1,12,1,4,1,1,1,23,14,10,7,1,0,0,1,1,0,28,0,7,13,19,8,11.625,0,5,10,17,6,11.0,0,15.5,2.8,-4.06,Enrolled,14,0.6153846153846154,0.6,-0.625,0
STD_1780,1,1,1,12,1,1,1,22,14,10,10,1,0,0,1,1,0,19,0,0,7,7,7,13.725714285714286,0,0,8,8,8,14.5,0,11.1,0.6,2.02,Graduate,15,1.0,1.0,0.774285714285714,0
STD_1116,1,9,1,12,1,1,1,23,27,10,8,1,0,0,1,0,0,19,0,0,8,8,8,13.11625,0,0,8,8,8,13.11625,0,9.4,-0.8,-3.12,Graduate,16,1.0,1.0,0.0,0
STD_3812,1,12,1,3,0,1,1,22,27,10,9,0,0,1,0,0,0,44,0,2,8,12,4,12.0,2,2,7,9,4,12.0,2,8.9,1.4,3.51,Dropout,8,0.5,0.5714285714285714,0.0,1
STD_3598,1,7,2,10,1,1,1,13,28,5,6,1,0,0,1,0,0,18,0,0,6,6,6,13.5,0,0,6,6,6,12.166666666666666,0,10.8,1.4,1.74,Graduate,12,1.0,1.0,-1.333333333333334,0
STD_3579,1,8,4,6,1,1,1,1,3,6,6,1,0,0,1,1,0,21,0,0,6,0,0,0.0,0,0,6,0,0,0.0,0,10.8,1.4,1.74,Dropout,0,0.0,0.0,0.0,1
STD_1903,1,1,1,8,1,1,1,1,1,5,5,1,0,0,1,0,0,18,0,0,6,9,6,15.125,0,0,6,9,6,14.0,0,13.9,-0.3,0.79,Graduate,12,1.0,1.0,-1.125,0
STD_0395,1,8,2,6,1,1,1,1,14,5,4,0,0,0,1,0,0,18,0,0,6,7,6,14.857142857142858,0,0,6,7,6,14.0,0,11.1,0.6,2.02,Graduate,12,1.0,1.0,-0.8571428571428577,0
STD_3832,1,8,1,14,1,1,1,22,27,10,10,1,0,0,1,1,0,19,0,0,6,7,5,13.2,0,0,6,10,5,13.25,0,10.8,1.4,1.74,Enrolled,10,0.8333333333333334,0.8333333333333334,0.05000000000000071,0
STD_0966,1,15,1,4,1,14,1,4,1,3,9,0,0,0,1,1,0,21,0,0,6,9,5,13.4,0,0,6,9,5,12.4,0,8.9,1.4,3.51,Graduate,10,0.8333333333333334,0.8333333333333334,-1.0,0
STD_1599,1,8,1,10,1,1,1,22,27,8,8,1,0,0,1,1,0,18,0,0,6,10,4,12.0,0,0,6,7,5,11.8,0,9.4,-0.8,-3.12,Dropout,9,0.6666666666666666,0.8333333333333334,-0.1999999999999993,1
STD_3136,1,1,1,2,1,1,1,1,30,5,4,1,0,0,1,0,0,20,0,0,0,0,0,0.0,0,0,0,0,0,0.0,0,11.1,0.6,2.02,Graduate,0,0.0,0.0,0.0,0
STD_1686,1,1,5,5,1,1,1,3,3,3,3,1,0,0,1,1,0,22,0,0,6,6,6,14.666666666666666,0,0,6,6,6,15.0,0,9.4,-0.8,-3.12,Graduate,12,1.0,1.0,0.3333333333333339,0
STD_1361,1,1,4,7,1,1,1,3,1,15,31,0,0,0,1,1,0,18,0,0,5,9,1,13.0,0,0,5,5,0,0.0,0,8.9,1.4,3.51,Dropout,1,0.2,0.0,-13.0,1
STD_2336,1,8,4,5,1,1,1,1,1,4,4,1,0,0,1,1,1,19,0,0,6,6,6,12.833333333333334,0,0,6,7,6,11.166666666666666,0,11.1,0.6,2.02,Graduate,12,1.0,1.0,-1.6666666666666679,0
STD_1455,1,1,1,7,1,1,1,3,1,3,4,0,0,0,1,1,0,20,0,0,5,9,4,11.6,0,0,5,7,4,12.25,2,7.6,2.6,0.32,Enrolled,8,0.8,0.8,0.6500000000000004,0
STD_2686,1,1,2,7,1,1,1,1,28,20,43,1,0,0,1,1,0,20,0,0,5,7,5,10.8,0,0,5,9,3,12.0,0,8.9,1.4,3.51,Enrolled,8,1.0,0.6,1.1999999999999993,0
STD_1587,1,1,1,9,1,1,1,23,27,8,8,1,0,0,1,0,0,18,0,0,5,8,4,12.0,0,0,5,8,4,12.25,0,9.4,-0.8,-3.12,Enrolled,8,0.8,0.8,0.25,0
STD_1173,1,13,1,7,1,1,1,19,24,1,1,0,0,0,1,1,0,18,0,0,5,6,1,10.0,0,0,5,7,1,12.0,0,10.8,1.4,1.74,Dropout,2,0.2,0.2,2.0,1
STD_3245,1,8,3,16,1,1,1,23,28,6,8,1,0,0,1,0,0,19,0,0,6,9,5,12.4,0,0,6,10,3,10.666666666666666,0,10.8,1.4,1.74,Dropout,8,0.8333333333333334,0.5,-1.7333333333333343,1
STD_2146,1,8,1,8,1,1,1,3,3,3,3,1,0,1,0,0,0,18,0,0,6,9,5,12.4,0,0,6,12,5,14.166666666666666,0,8.9,1.4,3.51,Enrolled,10,0.8333333333333334,0.8333333333333334,1.7666666666666657,0
STD_3898,1,8,1,12,1,1,1,23,1,10,7,1,0,0,1,1,1,20,0,0,7,8,7,11.9725,0,0,8,8,8,12.65125,0,15.5,2.8,-4.06,Graduate,15,1.0,1.0,0.6787499999999991,0
STD_3749,1,1,3,12,1,1,1,1,14,5,6,1,0,1,1,0,0,18,0,0,7,0,0,0.0,0,0,8,0,0,0.0,0,13.9,-0.3,0.79,Dropout,0,0.0,0.0,0.0,1
STD_3827,1,12,1,11,1,12,1,22,27,10,5,0,0,0,1,1,0,27,0,0,6,11,3,11.333333333333334,0,0,6,10,3,14.75,0,16.2,0.3,-0.92,Dropout,6,0.5,0.5,3.416666666666666,1
STD_1122,1,1,3,14,1,1,1,1,1,6,6,0,0,0,1,0,0,20,0,0,5,6,5,13.333333333333334,0,0,5,6,5,13.2,0,7.6,2.6,0.32,Graduate,10,1.0,1.0,-0.13333333333333464,0
STD_1699,1,1,1,12,1,1,1,1,1,6,6,1,0,0,1,1,0,18,0,0,7,7,7,16.142857142857142,0,0,8,9,0,0.0,0,16.2,0.3,-0.92,Dropout,7,1.0,0.0,-16.142857142857142,1
STD_0802,1,1,2,10,1,1,1,13,1,10,9,1,0,1,0,0,0,18,0,0,6,0,0,0.0,0,0,6,0,0,0.0,0,11.1,0.6,2.02,Dropout,0,0.0,0.0,0.0,1
STD_0976,1,8,3,7,1,1,1,1,14,10,4,1,0,1,0,1,0,18,0,0,5,10,3,12.0,0,0,5,8,3,10.333333333333334,0,8.9,1.4,3.51,Enrolled,6,0.6,0.6,-1.666666666666666,0
STD_4046,1,1,1,12,1,1,1,13,28,8,9,0,0,0,1,0,0,19,0,0,7,0,0,0.0,0,0,8,0,0,0.0,0,16.2,0.3,-0.92,Dropout,0,0.0,0.0,0.0,1
STD_3662,1,1,1,15,1,1,1,3,3,15,20,0,0,0,1,0,0,18,0,0,6,7,6,14.285714285714286,0,0,6,8,6,13.25,0,8.9,1.4,3.51,Graduate,12,1.0,1.0,-1.0357142857142865,0
STD_4246,1,9,4,16,1,1,1,13,27,10,7,1,0,1,0,0,0,20,0,0,7,9,0,0.0,0,0,6,6,0,0.0,0,11.1,0.6,2.02,Dropout,0,0.0,0.0,0.0,1
STD_2719,1,1,1,12,1,1,1,1,1,4,5,1,0,0,1,0,0,18,0,0,8,8,7,14.115714285714288,0,0,8,8,7,14.115714285714288,0,10.8,1.4,1.74,Graduate,14,0.875,0.875,0.0,0
STD_2019,1,1,1,11,1,1,1,13,14,6,6,1,0,0,1,0,0,21,0,0,6,8,5,11.6,0,0,6,6,5,13.0,0,12.4,0.5,1.79,Enrolled,10,0.8333333333333334,0.8333333333333334,1.4000000000000004,0
STD_0899,1,1,1,11,1,1,1,23,14,10,6,1,0,0,1,0,0,21,0,0,6,10,6,10.833333333333334,0,0,6,10,4,11.0,0,7.6,2.6,0.32,Enrolled,10,1.0,0.6666666666666666,0.16666666666666607,0
STD_2435,2,14,1,6,1,1,1,22,27,10,8,0,0,0,1,1,0,21,0,0,5,11,0,0.0,2,0,5,11,3,11.666666666666666,1,9.4,-0.8,-3.12,Enrolled,3,0.0,0.6,11.666666666666666,0
STD_0926,1,12,1,12,1,1,1,22,27,10,8,1,0,0,1,0,1,26,0,0,7,7,6,13.7,0,0,7,7,6,13.7,0,7.6,2.6,0.32,Graduate,12,0.8571428571428571,0.8571428571428571,0.0,0
STD_4095,2,4,1,10,1,3,1,22,14,5,6,0,0,0,1,0,0,38,0,0,6,17,4,13.75,0,0,6,15,6,14.5,0,16.2,0.3,-0.92,Graduate,10,0.6666666666666666,1.0,0.75,0
STD_3581,1,15,1,4,1,14,1,13,1,10,9,1,0,0,1,1,0,21,0,0,6,12,5,13.625,0,0,6,6,5,12.6,0,13.9,-0.3,0.79,Graduate,10,0.8333333333333334,0.8333333333333334,-1.0250000000000004,0
STD_3799,1,1,1,14,1,1,1,13,28,10,10,0,0,0,1,1,0,19,0,0,6,8,6,14.25,0,0,6,7,6,13.857142857142858,0,11.1,0.6,2.02,Graduate,12,1.0,1.0,-0.39285714285714235,0
STD_2078,1,8,1,12,1,1,1,13,27,5,9,1,0,0,1,0,0,18,0,0,8,9,8,14.3775,1,0,8,9,8,14.3775,1,9.4,-0.8,-3.12,Graduate,16,1.0,1.0,0.0,0
STD_1584,1,8,1,16,1,1,1,22,28,10,10,1,0,0,1,0,1,21,0,0,6,9,5,12.0,0,0,6,8,5,11.2,0,10.8,1.4,1.74,Dropout,10,0.8333333333333334,0.8333333333333334,-0.8000000000000007,1
STD_1977,1,1,4,12,1,1,1,13,14,4,4,1,0,0,1,0,0,19,0,0,7,12,4,12.85,0,0,7,7,7,12.62142857142857,0,11.1,0.6,2.02,Enrolled,11,0.5714285714285714,1.0,-0.22857142857142954,0
STD_3547,1,8,4,12,1,1,1,13,28,10,7,1,0,0,1,1,1,18,0,0,7,8,7,12.5125,0,0,8,8,8,14.1875,0,13.9,-0.3,0.79,Graduate,15,1.0,1.0,1.6750000000000007,0
STD_0212,1,1,1,12,1,1,1,22,27,10,10,0,0,0,1,0,1,18,0,0,7,7,6,12.916666666666666,0,0,7,7,6,12.916666666666666,0,7.6,2.6,0.32,Graduate,12,0.8571428571428571,0.8571428571428571,0.0,0
STD_3594,1,1,3,15,1,1,1,13,28,9,4,1,0,1,1,1,0,18,0,0,6,6,6,13.0,0,0,6,7,5,11.8,0,12.7,3.7,-1.7,Dropout,11,1.0,0.8333333333333334,-1.1999999999999993,1
STD_0806,1,8,2,9,1,1,1,13,1,10,4,1,0,1,1,0,0,20,0,0,5,10,2,11.5,0,0,5,8,3,10.0,0,11.1,0.6,2.02,Enrolled,5,0.4,0.6,-1.5,0
STD_0489,1,8,3,12,1,1,1,22,27,10,8,1,0,0,1,0,1,19,0,0,7,8,7,14.70625,0,0,8,8,8,14.4775,0,15.5,2.8,-4.06,Graduate,15,1.0,1.0,-0.22875000000000156,0
STD_1294,1,8,5,7,1,1,4,4,10,3,10,1,0,0,1,1,0,20,1,0,5,5,5,14.8,0,0,5,5,5,17.6,0,8.9,1.4,3.51,Graduate,10,1.0,1.0,2.8000000000000007,0
STD_4404,1,8,3,12,1,1,1,1,1,5,11,1,0,0,1,1,1,19,0,0,7,11,6,12.4125,0,0,8,12,7,11.2625,0,15.5,2.8,-4.06,Graduate,13,0.8571428571428571,0.875,-1.1500000000000004,0
STD_1628,1,15,1,17,0,14,1,22,27,6,6,1,0,0,1,1,0,32,0,2,6,9,4,12.5,0,3,7,7,4,11.0,0,9.4,-0.8,-3.12,Dropout,8,0.6666666666666666,0.5714285714285714,-1.5,1
STD_4417,1,14,2,12,1,1,1,23,28,10,6,0,0,0,1,0,0,23,0,11,14,15,12,12.625,1,11,14,15,12,12.625,1,7.6,2.6,0.32,Graduate,24,0.8571428571428571,0.8571428571428571,0.0,0
STD_2560,1,1,1,15,1,1,1,13,1,6,11,1,0,0,1,0,0,18,0,0,6,6,6,14.0,0,0,6,6,6,13.5,0,11.1,0.6,2.02,Dropout,12,1.0,1.0,-0.5,1
STD_3535,1,12,1,17,0,1,1,19,24,1,1,1,0,0,1,1,0,30,0,0,5,5,2,11.0,0,0,5,5,0,0.0,0,7.6,2.6,0.32,Dropout,2,0.4,0.0,-11.0,1
STD_0447,1,1,1,12,1,1,1,3,1,3,2,0,0,0,1,0,1,19,0,0,7,8,7,14.4125,0,0,8,8,8,16.05,0,13.9,-0.3,0.79,Graduate,15,1.0,1.0,1.637500000000001,0
STD_1130,5,8,5,12,1,1,1,22,28,6,9,1,0,0,1,0,1,18,0,0,8,8,7,12.114285714285714,0,0,8,8,7,12.114285714285714,0,12.7,3.7,-1.7,Graduate,14,0.875,0.875,0.0,0
STD_4250,2,14,1,17,0,3,1,22,27,10,10,0,0,0,1,0,0,41,0,5,10,11,10,14.3,0,5,10,10,10,14.2,0,12.7,3.7,-1.7,Graduate,20,1.0,1.0,-0.10000000000000142,0
STD_0017,1,9,1,10,1,1,1,13,28,6,9,1,0,0,1,0,0,18,0,0,6,10,1,12.0,0,0,6,14,2,11.0,0,10.8,1.4,1.74,Enrolled,3,0.16666666666666666,0.3333333333333333,-1.0,0
STD_4308,1,12,1,2,1,1,1,19,24,1,1,1,0,0,1,1,0,38,0,0,0,0,0,0.0,0,0,0,0,0,0.0,0,7.6,2.6,0.32,Dropout,0,0.0,0.0,0.0,1
STD_2745,1,12,1,11,1,1,1,13,14,5,8,0,0,1,0,0,1,28,0,0,6,6,6,10.833333333333334,0,0,6,7,5,11.0,0,13.9,-0.3,0.79,Dropout,11,1.0,0.8333333333333334,0.16666666666666607,1
STD_0296,2,1,1,12,1,1,1,3,28,3,5,0,0,0,1,0,1,19,0,0,8,8,7,14.725714285714288,0,0,8,8,7,14.725714285714288,0,10.8,1.4,1.74,Graduate,14,0.875,0.875,0.0,0
STD_1952,1,14,2,11,1,1,1,13,14,10,10,1,0,0,1,0,0,19,0,0,6,0,0,0.0,0,0,6,12,0,0.0,0,10.8,1.4,1.74,Dropout,0,0.0,0.0,0.0,1
STD_1100,1,1,2,12,1,1,1,13,27,2,10,1,0,0,1,0,1,19,0,0,8,8,8,14.07125,0,0,8,8,8,14.07125,0,9.4,-0.8,-3.12,Graduate,16,1.0,1.0,0.0,0
STD_1304,1,16,1,14,1,1,1,3,3,2,11,0,0,1,1,1,0,21,0,5,11,12,10,12.1,0,2,8,9,8,13.333333333333334,0,11.1,0.6,2.02,Graduate,18,0.9090909090909091,1.0,1.2333333333333343,0
STD_2525,1,8,4,10,1,1,1,1,14,10,6,1,0,0,1,0,1,19,0,0,6,12,6,11.666666666666666,0,0,6,7,0,0.0,0,15.5,2.8,-4.06,Dropout,6,1.0,0.0,-11.666666666666666,1
STD_4301,1,15,1,4,1,14,1,1,27,7,7,1,0,0,1,1,0,20,0,0,6,14,5,11.714285714285714,0,0,6,15,5,12.0,0,16.2,0.3,-0.92,Graduate,10,0.8333333333333334,0.8333333333333334,0.2857142857142865,0
STD_0694,1,12,1,1,1,1,14,23,27,10,9,0,0,1,0,1,0,35,1,0,7,18,3,11.25,0,0,7,7,0,0.0,0,16.2,0.3,-0.92,Dropout,3,0.42857142857142855,0.0,-11.25,1
STD_3150,4,12,1,14,1,1,1,22,27,5,11,0,0,1,1,0,1,39,0,0,5,6,5,10.6,0,0,5,7,4,10.75,0,9.4,-0.8,-3.12,Graduate,9,1.0,0.8,0.15000000000000036,0
STD_0604,1,12,1,3,0,1,1,1,1,5,5,0,0,0,1,0,0,27,0,0,6,6,6,12.5,0,1,6,6,6,12.333333333333334,0,15.5,2.8,-4.06,Graduate,12,1.0,1.0,-0.16666666666666607,0
STD_0003,1,1,5,5,1,1,1,22,27,10,10,1,0,0,0,1,0,19,0,0,6,0,0,0.0,0,0,6,0,0,0.0,0,10.8,1.4,1.74,Dropout,0,0.0,0.0,0.0,1
STD_0427,1,1,4,14,1,1,1,23,28,4,8,1,0,0,1,0,0,19,0,0,6,8,6,13.5,0,0,6,9,6,13.571428571428571,0,11.1,0.6,2.02,Graduate,12,1.0,1.0,0.07142857142857117,0
STD_3400,1,8,1,5,1,1,1,23,14,6,6,0,0,0,1,0,1,21,0,0,6,6,6,11.5,0,0,6,6,6,12.333333333333334,0,9.4,-0.8,-3.12,Graduate,12,1.0,1.0,0.8333333333333339,0
STD_4313,1,4,1,17,0,3,1,13,14,4,10,0,0,0,0,1,0,32,0,0,5,12,4,14.75,0,0,5,9,2,15.0,0,16.2,0.3,-0.92,Dropout,6,0.8,0.4,0.25,1
STD_0435,1,1,1,15,1,1,1,1,14,5,9,1,0,0,1,0,0,19,0,0,6,7,5,14.2,0,0,6,7,6,14.571428571428571,0,15.5,2.8,-4.06,Graduate,11,0.8333333333333334,1.0,0.3714285714285719,0
STD_4212,1,1,1,10,1,1,1,13,27,6,5,1,0,0,1,0,1,18,0,0,6,6,6,14.666666666666666,0,0,6,6,6,15.166666666666666,0,9.4,-0.8,-3.12,Graduate,12,1.0,1.0,0.5,0
STD_3901,1,1,3,12,1,1,1,22,28,10,10,1,0,0,1,0,1,22,0,0,7,7,6,13.9,0,0,7,7,6,13.9,0,7.6,2.6,0.32,Graduate,12,0.8571428571428571,0.8571428571428571,0.0,0
STD_4259,1,1,2,12,1,1,1,13,14,8,8,1,0,0,1,0,0,19,0,0,8,11,7,12.545714285714286,0,0,8,11,7,12.545714285714286,0,10.8,1.4,1.74,Graduate,14,0.875,0.875,0.0,0
STD_3195,1,16,1,17,0,1,1,23,3,6,4,0,0,1,1,1,0,24,0,3,10,15,7,10.714285714285714,0,3,10,11,9,12.555555555555555,0,12.4,0.5,1.79,Enrolled,16,0.7,0.9,1.8412698412698418,0
STD_1846,1,1,1,8,1,1,1,3,14,3,5,1,0,0,1,1,0,19,0,0,6,8,4,11.6,0,0,6,14,2,13.0,0,11.1,0.6,2.02,Dropout,6,0.6666666666666666,0.3333333333333333,1.4000000000000004,1
STD_4161,1,15,1,17,0,14,1,22,27,8,8,1,0,0,1,0,1,23,0,2,6,8,5,11.8,0,2,6,8,6,12.333333333333334,0,9.4,-0.8,-3.12,Graduate,11,0.8333333333333334,1.0,0.5333333333333332,0
STD_1330,1,1,1,6,1,1,1,4,1,3,10,0,0,0,1,0,0,18,0,0,6,14,4,11.5,0,0,6,17,3,13.75,0,11.1,0.6,2.02,Enrolled,7,0.6666666666666666,0.5,2.25,0
STD_2966,1,8,1,9,1,1,1,1,3,8,4,1,0,1,1,0,1,19,0,0,5,7,5,13.6,0,0,5,5,5,12.6,0,8.9,1.4,3.51,Graduate,10,1.0,1.0,-1.0,0
STD_2814,1,1,1,10,1,1,1,1,14,10,10,0,0,1,1,0,1,19,0,0,6,11,3,11.0,0,0,6,9,4,11.25,0,10.8,1.4,1.74,Graduate,7,0.5,0.6666666666666666,0.25,0
STD_0597,1,8,1,16,1,1,1,23,10,8,1,0,0,0,0,0,1,20,0,0,6,10,4,12.0,0,0,6,14,3,10.0,0,7.6,2.6,0.32,Dropout,7,0.6666666666666666,0.5,-2.0,1
STD_0804,1,1,1,15,1,1,1,23,28,10,10,1,0,0,1,0,0,18,0,0,6,6,6,15.5,0,0,6,6,6,14.0,0,11.1,0.6,2.02,Graduate,12,1.0,1.0,-1.5,0
STD_4100,1,9,1,10,1,1,1,23,24,5,1,0,0,0,1,0,0,18,0,0,1,1,0,0.0,1,0,6,0,0,0.0,0,10.8,1.4,1.74,Dropout,0,0.0,0.0,0.0,1
STD_0715,2,12,1,6,1,1,1,22,27,7,7,0,0,0,1,1,0,43,0,0,5,8,5,13.5,2,0,5,5,5,14.4,0,9.4,-0.8,-3.12,Graduate,10,1.0,1.0,0.9000000000000004,0
STD_0971,1,14,1,14,1,1,1,19,24,1,1,0,0,0,1,1,0,25,0,0,5,5,4,13.75,0,0,5,5,4,14.75,0,7.6,2.6,0.32,Graduate,8,0.8,0.8,1.0,0
STD_1693,1,1,1,12,1,1,1,22,28,10,10,1,0,0,1,1,1,19,0,0,7,7,7,13.7,0,0,8,9,8,14.022222222222222,0,16.2,0.3,-0.92,Graduate,15,1.0,1.0,0.32222222222222285,0
STD_0302,1,1,2,6,1,1,1,23,27,10,10,1,0,0,1,0,1,21,0,0,5,7,4,12.0,0,0,5,5,5,12.2,0,10.8,1.4,1.74,Graduate,9,0.8,1.0,0.1999999999999993,0
STD_4272,1,8,4,7,1,1,1,1,3,2,5,1,0,0,1,1,0,19,0,0,5,6,5,14.6,0,0,5,5,5,15.2,0,8.9,1.4,3.51,Dropout,10,1.0,1.0,0.5999999999999996,1
STD_3644,1,8,1,6,1,1,1,1,27,5,10,1,0,0,1,0,1,19,0,0,5,6,4,12.0,0,0,5,8,5,13.333333333333334,1,10.8,1.4,1.74,Graduate,9,0.8,1.0,1.333333333333334,0
STD_3051,2,12,1,13,1,1,1,22,27,10,7,0,0,0,1,0,0,31,0,0,7,21,5,10.9,3,0,8,21,3,11.7,1,12.7,3.7,-1.7,Dropout,8,0.7142857142857143,0.375,0.7999999999999989,1
STD_3646,1,8,3,10,1,1,1,26,1,3,4,1,0,0,1,0,0,21,0,0,6,8,6,12.666666666666666,0,0,6,7,6,12.428571428571429,0,11.1,0.6,2.02,Graduate,12,1.0,1.0,-0.23809523809523725,0
STD_2139,1,8,2,13,1,1,1,13,28,5,9,1,0,0,1,0,1,19,0,0,7,7,7,11.971428571428572,0,0,8,8,8,14.4375,0,15.5,2.8,-4.06,Graduate,15,1.0,1.0,2.4660714285714285,0
STD_1111,1,15,1,4,1,14,1,23,28,7,7,0,0,0,1,0,0,19,0,0,6,7,6,12.0,0,0,6,7,6,12.666666666666666,0,12.4,0.5,1.79,Graduate,12,1.0,1.0,0.6666666666666661,0
STD_2101,1,8,1,15,1,1,1,23,28,10,6,0,0,0,1,0,0,21,0,0,6,8,5,11.8,0,0,6,8,5,11.833333333333334,0,15.5,2.8,-4.06,Enrolled,10,0.8333333333333334,0.8333333333333334,0.033333333333333215,0
STD_1161,1,12,1,17,0,12,1,22,27,10,10,0,0,0,1,0,0,41,0,0,5,8,5,11.0,0,0,5,6,5,11.8,1,7.6,2.6,0.32,Graduate,10,1.0,1.0,0.8000000000000007,0
STD_2407,2,12,1,2,1,9,1,22,27,8,8,1,0,0,1,1,0,36,0,0,0,0,0,0.0,0,0,0,0,0,0.0,0,7.6,2.6,0.32,Graduate,0,0.0,0.0,0.0,0
STD_3635,1,1,2,6,1,1,1,3,28,5,7,0,0,0,1,0,0,18,0,0,5,7,4,12.75,0,0,5,6,4,12.75,0,7.6,2.6,0.32,Graduate,8,0.8,0.8,0.0,0
STD_1180,1,9,1,13,1,1,1,23,27,10,10,0,0,0,1,0,1,19,0,0,7,11,7,12.625,0,0,8,11,8,12.5125,0,12.7,3.7,-1.7,Graduate,15,1.0,1.0,-0.11250000000000071,0
STD_0859,1,3,4,7,1,1,1,13,27,5,7,1,0,0,1,1,0,23,0,0,5,7,0,0.0,0,0,5,5,0,0.0,0,7.6,2.6,0.32,Dropout,0,0.0,0.0,0.0,1
STD_1827,1,1,1,10,1,1,1,23,1,6,8,0,0,0,1,0,1,18,0,0,6,7,6,13.285714285714286,0,0,6,6,6,14.333333333333334,0,12.4,0.5,1.79,Graduate,12,1.0,1.0,1.0476190476190474,0
STD_2733,1,1,1,12,1,1,1,13,14,5,5,1,0,0,1,0,0,20,0,0,8,8,7,14.014285714285714,0,0,8,8,7,14.014285714285714,0,12.7,3.7,-1.7,Enrolled,14,0.875,0.875,0.0,0
STD_2886,1,12,1,3,0,2,1,22,27,6,8,0,0,0,1,0,0,39,0,7,11,13,11,14.454545454545457,0,6,8,8,8,13.5,0,12.7,3.7,-1.7,Graduate,19,1.0,1.0,-0.9545454545454568,0
STD_1187,2,4,1,12,1,3,1,22,14,10,8,1,0,0,1,0,0,45,0,7,11,11,11,12.7,0,6,10,12,10,12.96818181818182,0,13.9,-0.3,0.79,Enrolled,21,1.0,1.0,0.2681818181818212,0
STD_1306,1,1,3,15,1,1,1,13,14,10,10,1,0,0,1,0,0,18,0,0,6,6,6,12.666666666666666,0,0,6,7,6,12.833333333333334,0,12.7,3.7,-1.7,Graduate,12,1.0,1.0,0.16666666666666785,0
STD_0466,1,14,1,3,0,1,1,3,3,3,4,0,0,0,1,0,0,27,0,7,10,10,9,11.444444444444445,0,4,11,11,5,10.8,0,10.8,1.4,1.74,Dropout,14,0.9,0.45454545454545453,-0.6444444444444439,1
STD_2689,1,1,1,7,1,1,1,22,14,10,10,1,0,1,1,1,0,20,0,0,5,7,0,0.0,0,0,5,5,0,0.0,0,9.4,-0.8,-3.12,Enrolled,0,0.0,0.0,0.0,0
STD_3954,1,1,1,6,1,1,1,22,9,12,12,0,0,0,1,0,0,18,0,0,5,5,5,13.0,0,0,5,5,5,12.4,0,7.6,2.6,0.32,Graduate,10,1.0,1.0,-0.5999999999999996,0
STD_3154,1,1,1,2,1,1,1,3,3,3,3,1,0,0,1,0,0,21,0,6,12,12,12,15.333333333333334,0,4,11,15,11,15.0,0,8.9,1.4,3.51,Graduate,23,1.0,1.0,-0.3333333333333339,0
STD_2854,1,9,3,5,1,1,1,1,1,6,4,1,0,0,1,0,0,18,0,1,6,8,6,13.714285714285714,1,0,6,8,6,14.375,0,13.9,-0.3,0.79,Graduate,12,1.0,1.0,0.6607142857142865,0
STD_0245,1,1,1,9,1,1,1,23,14,10,11,0,0,0,1,0,1,20,0,5,10,13,9,12.9,0,4,10,12,10,12.363636363636363,0,8.9,1.4,3.51,Graduate,19,0.9,1.0,-0.536363636363637,0
STD_4038,1,8,1,10,1,1,1,22,27,10,10,1,0,0,1,0,1,21,0,0,6,8,1,10.0,0,0,6,13,5,11.4,0,12.7,3.7,-1.7,Enrolled,6,0.16666666666666666,0.8333333333333334,1.4000000000000004,0
STD_3673,1,15,1,6,1,14,1,13,27,5,8,1,0,0,1,0,0,19,0,2,6,8,6,14.142857142857142,0,1,6,7,6,13.0,0,13.9,-0.3,0.79,Graduate,12,1.0,1.0,-1.1428571428571423,0
STD_3817,1,1,1,10,1,1,1,13,14,10,10,1,0,0,1,1,0,19,0,0,6,9,4,11.5,0,0,6,12,3,11.0,0,8.9,1.4,3.51,Dropout,7,0.6666666666666666,0.5,-0.5,1
STD_4059,1,1,1,6,1,1,1,1,3,10,2,1,0,0,1,0,0,19,0,1,6,14,6,15.538461538461538,0,0,6,9,6,12.625,0,15.5,2.8,-4.06,Graduate,12,1.0,1.0,-2.9134615384615383,0
STD_3567,2,14,1,5,1,2,1,22,27,7,7,1,0,0,1,1,0,38,0,14,18,18,18,14.5,0,13,18,18,18,14.5,0,16.2,0.3,-0.92,Graduate,36,1.0,1.0,0.0,0
STD_1316,1,8,2,12,1,1,1,13,27,10,8,1,0,0,1,0,0,20,0,0,7,8,6,14.37,0,0,8,10,7,14.65,0,12.4,0.5,1.79,Graduate,13,0.8571428571428571,0.875,0.28000000000000114,0
STD_3640,1,1,1,14,1,1,1,1,14,5,5,0,0,0,1,0,1,18,0,0,6,8,6,14.0,0,0,6,7,6,13.285714285714286,0,11.1,0.6,2.02,Graduate,12,1.0,1.0,-0.7142857142857135,0
STD_0885,1,7,2,12,1,1,1,2,28,5,10,1,0,0,1,0,1,19,0,0,8,12,7,12.599999999999998,0,0,8,12,7,12.599999999999998,0,10.8,1.4,1.74,Graduate,14,0.875,0.875,0.0,0
STD_3085,1,1,1,5,1,1,1,22,14,10,4,1,0,0,1,0,0,20,0,0,6,8,5,12.2,0,0,6,6,6,11.5,0,16.2,0.3,-0.92,Graduate,11,0.8333333333333334,1.0,-0.6999999999999993,0
STD_1375,1,4,1,13,1,3,1,1,27,5,9,0,0,0,0,1,0,23,0,3,7,7,3,13.666666666666666,0,3,8,8,3,11.333333333333334,4,10.8,1.4,1.74,Dropout,6,0.42857142857142855,0.375,-2.333333333333332,1
STD_1035,1,8,1,5,1,1,1,23,14,8,8,1,0,0,1,0,0,18,0,0,6,6,2,13.0,0,0,6,6,0,0.0,0,12.4,0.5,1.79,Dropout,2,0.3333333333333333,0.0,-13.0,1
STD_1785,1,4,2,12,1,3,1,22,28,10,10,0,0,0,1,1,0,28,0,0,7,7,7,14.114285714285714,0,0,8,9,8,15.91111111111111,0,16.2,0.3,-0.92,Dropout,15,1.0,1.0,1.7968253968253958,1
STD_3998,4,12,2,13,1,12,1,13,14,5,7,0,0,0,1,0,1,37,0,0,7,10,7,10.985714285714286,0,0,8,11,8,12.3,0,10.8,1.4,1.74,Graduate,15,1.0,1.0,1.314285714285715,0
STD_1581,1,1,1,15,1,1,1,22,27,10,8,1,0,0,1,1,1,21,0,0,6,6,6,13.5,0,0,6,6,6,14.166666666666666,0,12.7,3.7,-1.7,Graduate,12,1.0,1.0,0.6666666666666661,0
STD_2731,1,1,1,10,1,1,1,4,1,6,6,0,0,0,1,0,0,18,0,0,6,7,6,13.833333333333334,0,0,6,7,6,13.714285714285714,0,11.1,0.6,2.02,Graduate,12,1.0,1.0,-0.1190476190476204,0
STD_1789,1,1,1,5,1,1,1,3,3,1,2,1,0,0,1,1,0,23,0,0,6,9,4,11.25,1,0,6,10,0,0.0,4,7.6,2.6,0.32,Dropout,4,0.6666666666666666,0.0,-11.25,1
STD_4108,1,1,6,12,1,1,1,22,14,10,8,1,0,0,1,0,0,19,0,0,8,10,6,13.78,1,0,8,10,6,13.78,1,9.4,-0.8,-3.12,Dropout,12,0.75,0.75,0.0,1
STD_3013,1,7,1,12,1,1,1,22,27,10,10,1,0,0,1,0,0,20,0,0,7,7,6,13.755,0,0,8,9,7,13.571428571428571,0,12.4,0.5,1.79,Graduate,13,0.8571428571428571,0.875,-0.1835714285714296,0
STD_2162,1,8,2,14,1,1,1,19,27,1,1,1,0,1,0,0,0,18,0,0,5,8,3,12.0,0,0,5,6,4,10.75,0,7.6,2.6,0.32,Dropout,7,0.6,0.8,-1.25,1
STD_4202,1,8,1,3,0,1,1,22,27,6,7,1,0,1,1,0,0,19,0,0,6,6,6,12.166666666666666,0,0,6,7,6,11.666666666666666,0,10.8,1.4,1.74,Graduate,12,1.0,1.0,-0.5,0
STD_3920,1,8,1,12,1,1,1,1,1,5,4,1,0,0,1,0,0,21,0,0,8,8,7,12.91,0,0,8,8,7,12.91,0,10.8,1.4,1.74,Graduate,14,0.875,0.875,0.0,0
STD_0280,1,1,1,12,1,1,1,13,14,6,6,1,0,0,1,0,1,20,0,0,7,8,7,14.00375,0,0,8,11,7,13.812857142857142,0,15.5,2.8,-4.06,Graduate,14,1.0,0.875,-0.19089285714285786,0
STD_1646,1,1,2,2,1,1,1,3,14,5,8,1,0,0,1,0,0,21,0,0,0,0,0,0.0,0,0,0,0,0,0.0,0,8.9,1.4,3.51,Dropout,0,0.0,0.0,0.0,1
STD_2616,1,1,1,8,1,1,1,1,1,10,10,0,0,0,0,1,0,18,0,0,6,8,5,11.6,0,0,6,11,4,13.0,0,8.9,1.4,3.51,Dropout,9,0.8333333333333334,0.6666666666666666,1.4000000000000004,1
STD_3664,1,8,1,12,1,1,1,23,27,10,9,1,0,0,1,0,1,19,0,0,7,10,6,12.583333333333334,0,0,8,8,7,12.671428571428573,0,13.9,-0.3,0.79,Graduate,13,0.8571428571428571,0.875,0.08809523809523867,0
STD_3615,1,6,1,7,1,1,14,2,2,3,3,0,0,1,1,1,0,24,1,2,8,8,7,13.142857142857142,0,1,6,8,6,11.833333333333334,0,8.9,1.4,3.51,Enrolled,13,0.875,1.0,-1.3095238095238084,0
STD_4254,1,9,2,16,1,1,1,13,27,10,5,1,0,1,0,0,0,19,0,0,7,11,5,12.2,0,0,7,13,0,0.0,0,12.4,0.5,1.79,Dropout,5,0.7142857142857143,0.0,-12.2,1
STD_1778,2,12,1,17,0,1,1,22,10,10,10,0,0,1,1,1,0,35,0,0,5,6,5,10.8,0,0,5,7,5,12.0,2,9.4,-0.8,-3.12,Dropout,10,1.0,1.0,1.1999999999999993,1
STD_2339,1,8,5,7,1,1,1,23,28,6,10,1,0,1,1,1,0,20,0,0,5,5,4,14.5,0,0,6,8,3,13.333333333333334,0,11.1,0.6,2.02,Dropout,7,0.8,0.5,-1.166666666666666,1
STD_2943,1,1,1,2,1,1,1,25,1,3,5,0,0,0,1,0,1,19,0,6,12,12,12,14.5,0,4,11,15,11,13.583333333333334,0,8.9,1.4,3.51,Graduate,23,1.0,1.0,-0.9166666666666661,0
STD_3011,1,8,1,6,1,1,1,3,2,3,4,1,0,0,1,0,0,20,0,0,6,14,6,15.75,0,0,6,8,6,13.0,0,15.5,2.8,-4.06,Graduate,12,1.0,1.0,-2.75,0
STD_2707,1,1,1,8,1,1,1,3,3,3,3,0,0,0,1,1,0,20,0,0,5,7,4,11.75,0,0,5,5,5,13.4,0,7.6,2.6,0.32,Graduate,9,0.8,1.0,1.6500000000000004,0
STD_1730,2,14,1,17,0,1,1,22,27,10,10,0,0,0,1,1,0,37,0,7,12,13,12,12.25,0,8,13,13,13,12.846153846153848,0,9.4,-0.8,-3.12,Graduate,25,1.0,1.0,0.5961538461538485,0
STD_3425,1,1,1,6,1,1,1,7,14,5,2,1,0,0,1,0,0,20,0,0,5,13,0,0.0,5,0,5,5,0,0.0,5,9.4,-0.8,-3.12,Dropout,0,0.0,0.0,0.0,1
STD_3657,1,1,2,6,1,1,1,1,14,5,11,1,0,0,1,0,1,19,0,0,5,10,3,12.666666666666666,1,0,5,7,3,13.0,0,12.7,3.7,-1.7,Graduate,6,0.6,0.6,0.3333333333333339,0
STD_0842,1,8,1,9,1,1,1,3,1,4,5,0,0,0,0,1,0,22,0,0,5,10,4,11.5,0,0,5,11,4,14.0,0,8.9,1.4,3.51,Enrolled,8,0.8,0.8,2.5,0
STD_3833,1,14,1,5,1,1,1,22,27,10,10,1,0,0,1,1,0,34,0,7,12,12,7,11.428571428571429,0,4,12,12,7,11.857142857142858,0,7.6,2.6,0.32,Enrolled,14,0.5833333333333334,0.5833333333333334,0.4285714285714288,0
STD_4049,1,1,1,12,1,1,1,23,27,10,8,1,0,0,1,0,1,20,0,0,8,8,7,13.817142857142857,0,0,8,8,7,13.817142857142857,0,10.8,1.4,1.74,Graduate,14,0.875,0.875,0.0,0
STD_3652,1,14,1,14,1,14,1,13,3,8,11,0,0,0,1,0,0,21,0,0,6,8,5,11.833333333333334,0,0,6,8,4,13.25,2,16.2,0.3,-0.92,Enrolled,9,0.8333333333333334,0.6666666666666666,1.416666666666666,0
STD_2960,5,12,1,11,1,1,1,2,2,3,3,0,0,0,1,0,0,62,0,0,6,7,6,15.0,0,0,6,10,6,12.833333333333334,0,10.8,1.4,1.74,Graduate,12,1.0,1.0,-2.166666666666666,0
STD_4128,1,1,1,3,0,1,1,23,28,6,3,0,0,0,1,0,0,34,0,0,6,7,6,12.333333333333334,0,0,6,6,6,11.666666666666666,0,10.8,1.4,1.74,Graduate,12,1.0,1.0,-0.6666666666666679,0
STD_1629,1,1,1,14,1,1,1,13,3,5,1,1,0,0,0,1,0,20,0,0,5,6,3,12.0,0,0,5,5,4,12.75,0,7.6,2.6,0.32,Dropout,7,0.6,0.8,0.75,1
STD_2324,1,12,1,12,1,1,1,1,27,10,10,1,0,0,1,1,0,27,0,0,7,7,7,14.085714285714284,0,0,7,7,7,14.085714285714284,0,7.6,2.6,0.32,Enrolled,14,1.0,1.0,0.0,0
STD_3320,1,7,2,5,1,1,1,1,1,4,2,1,0,1,1,1,0,19,0,0,6,11,5,11.2,0,0,6,7,6,12.0,0,9.4,-0.8,-3.12,Graduate,11,0.8333333333333334,1.0,0.8000000000000007,0
STD_3452,1,12,1,12,1,1,1,13,14,6,7,0,0,1,1,0,0,28,0,0,7,12,4,13.375,0,0,7,7,5,13.5,0,13.9,-0.3,0.79,Enrolled,9,0.5714285714285714,0.7142857142857143,0.125,0
STD_4239,1,1,1,6,1,1,1,23,14,5,12,0,0,1,0,1,0,20,0,0,5,7,3,11.333333333333334,0,0,5,8,2,11.5,0,7.6,2.6,0.32,Dropout,5,0.6,0.4,0.16666666666666607,1
STD_2151,1,1,1,16,1,1,1,1,14,4,4,1,0,0,1,0,0,20,0,0,7,7,7,13.857142857142858,0,0,7,7,7,13.285714285714286,0,11.1,0.6,2.02,Graduate,14,1.0,1.0,-0.5714285714285712,0
STD_1960,1,17,1,6,1,16,1,13,1,10,10,1,0,1,0,0,0,24,0,7,9,9,8,13.125,0,4,9,13,6,13.0,0,8.9,1.4,3.51,Enrolled,14,0.8888888888888888,0.6666666666666666,-0.125,0
STD_0723,1,1,1,2,1,1,1,13,28,10,6,1,0,0,1,1,0,22,0,0,0,0,0,0.0,0,0,0,0,0,0.0,0,7.6,2.6,0.32,Graduate,0,0.0,0.0,0.0,0
STD_1255,1,14,1,6,1,1,1,13,14,6,2,1,0,0,1,0,0,19,0,0,5,5,0,0.0,5,0,5,7,4,14.75,1,12.7,3.7,-1.7,Enrolled,4,0.0,0.8,14.75,0
STD_3601,1,9,4,2,1,1,1,1,4,10,6,1,0,1,0,1,0,20,0,0,0,0,0,0.0,0,0,0,0,0,0.0,0,9.4,-0.8,-3.12,Dropout,0,0.0,0.0,0.0,1
STD_1716,1,8,2,12,1,1,1,1,14,5,11,1,0,0,1,0,0,19,0,0,8,8,8,13.3425,0,0,8,8,8,13.3425,0,9.4,-0.8,-3.12,Graduate,16,1.0,1.0,0.0,0
STD_0013,1,1,2,16,1,1,1,13,27,5,10,1,0,0,1,0,0,19,0,0,6,6,0,0.0,0,0,6,0,0,0.0,0,12.7,3.7,-1.7,Dropout,0,0.0,0.0,0.0,1
STD_1341,1,15,1,10,1,1,1,22,27,7,10,0,0,0,1,0,1,21,0,3,6,6,6,12.333333333333334,0,2,6,8,6,11.333333333333334,0,13.9,-0.3,0.79,Graduate,12,1.0,1.0,-1.0,0
STD_3286,4,14,1,17,0,1,1,22,27,6,6,0,0,0,1,1,0,36,0,0,5,5,5,13.8,0,0,5,6,5,13.8,0,12.7,3.7,-1.7,Graduate,10,1.0,1.0,0.0,0
STD_2351,1,9,1,12,1,1,1,13,3,5,10,0,0,0,1,1,0,19,0,0,8,8,7,13.614285714285714,0,0,8,8,7,13.614285714285714,0,12.7,3.7,-1.7,Graduate,14,0.875,0.875,0.0,0
STD_3987,1,1,2,15,1,1,1,22,27,10,10,1,0,0,1,0,0,18,0,0,6,14,4,11.25,0,0,6,9,5,13.0,0,9.4,-0.8,-3.12,Graduate,9,0.6666666666666666,0.8333333333333334,1.75,0
STD_3944,5,12,1,9,1,1,1,1,1,5,9,0,0,1,0,0,0,24,0,0,5,0,0,0.0,0,0,5,0,0,0.0,0,13.9,-0.3,0.79,Dropout,0,0.0,0.0,0.0,1
STD_0554,1,8,3,7,1,1,1,1,2,4,3,1,0,0,1,1,0,19,0,0,5,10,2,11.0,0,0,6,10,0,0.0,0,11.1,0.6,2.02,Dropout,2,0.4,0.0,-11.0,1
STD_4056,1,12,1,6,1,1,1,3,14,3,10,0,0,0,1,0,0,28,0,0,6,15,4,12.0,0,0,6,14,4,12.0,0,11.1,0.6,2.02,Dropout,8,0.6666666666666666,0.6666666666666666,0.0,1
STD_0671,1,1,1,10,1,1,1,22,1,10,10,1,0,0,1,0,1,20,0,0,6,8,6,14.25,0,0,6,8,6,11.0,0,12.7,3.7,-1.7,Graduate,12,1.0,1.0,-3.25,0
STD_1937,1,8,1,8,1,1,1,4,1,3,11,1,0,0,1,0,0,19,0,0,6,8,6,13.0,0,0,6,9,4,12.8,0,13.9,-0.3,0.79,Graduate,10,1.0,0.6666666666666666,-0.1999999999999993,0
STD_3247,1,8,1,15,1,1,1,2,3,3,3,1,0,0,1,0,1,18,0,0,6,6,6,14.833333333333334,0,0,6,6,6,13.5,0,11.1,0.6,2.02,Graduate,12,1.0,1.0,-1.333333333333334,0
STD_0869,1,9,1,11,1,1,1,13,14,5,6,0,0,0,1,1,0,20,0,0,6,7,6,13.857142857142858,0,0,6,7,5,12.8,0,16.2,0.3,-0.92,Graduate,11,1.0,0.8333333333333334,-1.057142857142857,0
STD_4110,1,1,2,10,1,1,1,1,14,5,6,0,0,0,1,0,0,18,0,0,6,10,4,11.0,0,0,6,8,5,11.2,0,10.8,1.4,1.74,Graduate,9,0.6666666666666666,0.8333333333333334,0.1999999999999993,0
STD_3507,1,8,1,11,1,1,1,22,27,6,2,0,0,0,0,1,0,29,0,0,6,12,0,0.0,0,0,6,6,0,0.0,6,9.4,-0.8,-3.12,Dropout,0,0.0,0.0,0.0,1
STD_0464,1,12,1,9,1,12,1,3,1,4,6,1,0,1,1,0,0,24,0,0,5,8,5,10.2,0,0,5,6,5,12.2,0,12.4,0.5,1.79,Graduate,10,1.0,1.0,2.0,0
STD_0943,2,12,1,10,1,12,1,22,27,10,10,1,0,0,1,0,0,31,0,0,6,11,0,0.0,0,0,5,10,0,0.0,0,9.4,-0.8,-3.12,Enrolled,0,0.0,0.0,0.0,0
STD_4350,1,1,5,12,1,1,1,23,14,10,7,1,0,0,1,0,0,20,0,0,8,12,7,12.471428571428572,0,0,8,12,7,12.471428571428572,0,12.7,3.7,-1.7,Graduate,14,0.875,0.875,0.0,0
STD_3163,1,1,4,12,1,1,1,13,28,10,10,1,0,0,1,0,0,19,0,0,8,8,7,14.328571428571427,0,0,8,8,7,14.328571428571427,0,10.8,1.4,1.74,Graduate,14,0.875,0.875,0.0,0
STD_3518,1,1,1,7,1,1,1,23,28,10,10,1,0,0,1,1,0,18,0,0,5,10,0,0.0,0,0,5,11,1,12.0,3,7.6,2.6,0.32,Dropout,1,0.0,0.2,12.0,1
STD_1517,1,4,1,12,1,5,1,13,1,5,2,1,0,0,0,0,0,39,0,0,7,0,0,0.0,0,0,8,0,0,0.0,0,12.4,0.5,1.79,Dropout,0,0.0,0.0,0.0,1
STD_0982,2,12,1,17,0,1,1,13,14,5,5,0,0,0,1,1,1,41,0,0,5,9,4,11.0,0,0,5,6,5,11.4,0,8.9,1.4,3.51,Enrolled,9,0.8,1.0,0.40000000000000036,0
STD_4105,1,1,1,10,1,1,1,22,28,10,11,0,0,0,1,0,0,18,0,0,6,9,6,13.714285714285714,0,0,6,6,6,14.166666666666666,0,13.9,-0.3,0.79,Graduate,12,1.0,1.0,0.45238095238095255,0
STD_0333,1,1,1,10,1,1,1,23,28,8,8,1,0,0,1,0,0,20,0,0,6,7,6,12.0,0,0,6,7,6,13.0,0,12.4,0.5,1.79,Graduate,12,1.0,1.0,1.0,0
STD_0461,1,1,1,8,1,1,1,3,3,4,3,1,0,0,1,0,0,20,0,0,5,5,5,16.4,0,0,5,5,5,14.6,0,12.7,3.7,-1.7,Graduate,10,1.0,1.0,-1.799999999999999,0
STD_4271,1,8,1,5,1,1,1,22,28,10,8,0,0,0,1,1,1,18,0,0,6,6,6,13.666666666666666,0,0,6,6,6,12.0,0,12.4,0.5,1.79,Graduate,12,1.0,1.0,-1.666666666666666,0
STD_4399,1,12,1,9,1,1,1,23,28,8,10,0,1,0,1,0,1,26,0,0,5,8,4,13.0,0,0,5,10,4,12.25,2,16.2,0.3,-0.92,Graduate,8,0.8,0.8,-0.75,0
STD_3313,1,16,1,5,1,9,1,22,14,4,8,0,0,1,1,0,0,31,0,2,6,8,5,11.0,0,4,6,12,6,10.166666666666666,0,8.9,1.4,3.51,Enrolled,11,0.8333333333333334,1.0,-0.8333333333333339,0
STD_0241,1,1,3,12,1,1,1,3,1,5,5,1,0,0,1,0,0,19,0,0,7,10,6,12.471428571428572,0,0,7,8,7,11.4625,0,12.4,0.5,1.79,Enrolled,13,0.8571428571428571,1.0,-1.0089285714285712,0
STD_3881,1,8,5,15,1,1,1,13,10,8,4,1,0,0,1,0,0,22,0,0,6,7,6,13.571428571428571,0,0,6,7,6,15.285714285714286,0,13.9,-0.3,0.79,Graduate,12,1.0,1.0,1.7142857142857153,0
STD_3080,1,15,1,6,1,14,1,10,28,5,9,1,0,0,1,1,0,23,0,1,6,10,5,12.5,0,1,6,8,2,13.5,0,12.4,0.5,1.79,Dropout,7,0.8333333333333334,0.3333333333333333,1.0,1
STD_1856,4,12,2,14,1,12,1,13,1,12,12,0,0,0,0,1,0,34,0,0,6,6,0,0.0,0,0,6,9,0,0.0,0,10.8,1.4,1.74,Dropout,0,0.0,0.0,0.0,1
STD_1097,1,8,1,14,1,3,1,10,3,6,9,1,0,1,0,0,0,20,0,0,6,6,0,0.0,0,0,6,9,0,0.0,0,10.8,1.4,1.74,Dropout,0,0.0,0.0,0.0,1
STD_2083,1,1,2,12,1,1,1,22,27,10,9,1,0,0,1,0,0,21,0,0,7,11,7,14.072222222222225,0,0,8,8,8,14.0475,0,15.5,2.8,-4.06,Graduate,15,1.0,1.0,-0.0247222222222252,0
STD_0858,1,12,1,4,1,9,1,22,1,10,11,0,0,0,1,1,0,28,0,0,6,6,0,0.0,0,0,6,6,0,0.0,0,11.1,0.6,2.02,Dropout,0,0.0,0.0,0.0,1
STD_1520,1,12,1,9,1,9,1,1,1,10,5,1,0,1,0,1,0,24,0,0,5,5,0,0.0,0,0,5,5,0,0.0,0,12.7,3.7,-1.7,Dropout,0,0.0,0.0,0.0,1
STD_3602,1,8,3,15,1,1,1,2,1,4,4,1,0,0,1,1,0,18,0,0,6,7,6,13.166666666666666,0,0,6,7,6,12.666666666666666,0,16.2,0.3,-0.92,Graduate,12,1.0,1.0,-0.5,0
STD_0275,1,1,1,10,1,1,1,1,28,5,6,0,0,0,1,0,0,20,0,0,6,8,6,14.5,0,0,6,7,6,15.428571428571429,0,16.2,0.3,-0.92,Graduate,12,1.0,1.0,0.9285714285714288,0
STD_3914,1,1,2,14,1,1,1,15,21,1,6,1,0,1,1,0,0,19,0,0,5,8,4,12.25,0,0,5,7,4,12.75,2,7.6,2.6,0.32,Graduate,8,0.8,0.8,0.5,0
STD_1033,1,1,1,15,1,1,1,22,27,9,9,0,0,0,1,0,0,18,0,0,6,7,6,13.428571428571429,0,0,6,7,6,14.142857142857142,0,13.9,-0.3,0.79,Graduate,12,1.0,1.0,0.7142857142857135,0
STD_4040,1,1,1,16,1,1,1,3,14,3,4,0,0,0,1,0,0,18,0,0,7,9,7,11.857142857142858,0,0,7,7,7,11.857142857142858,0,16.2,0.3,-0.92,Graduate,14,1.0,1.0,0.0,0
STD_2015,2,12,1,4,1,1,1,13,14,5,5,0,0,0,0,0,0,35,0,0,6,0,0,0.0,0,0,6,0,0,0.0,0,15.5,2.8,-4.06,Dropout,0,0.0,0.0,0.0,1
STD_2402,2,12,1,17,0,1,1,22,27,10,10,0,0,0,1,1,0,52,0,0,5,7,5,11.2,0,0,5,6,5,12.8,1,7.6,2.6,0.32,Graduate,10,1.0,1.0,1.6000000000000014,0
STD_2702,2,13,1,4,1,1,1,3,1,3,3,0,0,0,1,1,0,26,0,0,6,9,1,10.0,0,0,6,6,0,0.0,0,12.4,0.5,1.79,Dropout,1,0.16666666666666666,0.0,-10.0,1
STD_0688,1,8,3,12,1,1,1,23,14,10,9,1,0,0,1,1,0,18,0,0,7,8,7,11.8375,0,0,8,9,8,12.48125,0,13.9,-0.3,0.79,Graduate,15,1.0,1.0,0.6437499999999989,0
STD_3372,1,1,6,12,1,1,1,22,1,6,5,1,0,0,1,0,0,19,0,6,14,22,7,12.192307692307692,5,6,14,22,7,12.192307692307692,5,7.6,2.6,0.32,Graduate,14,0.5,0.5,0.0,0
STD_1313,1,1,1,15,1,1,1,23,27,10,6,1,0,0,1,0,1,24,0,0,6,7,6,13.666666666666666,0,0,6,6,6,12.833333333333334,0,10.8,1.4,1.74,Graduate,12,1.0,1.0,-0.8333333333333321,0
STD_0702,2,12,1,9,1,12,1,22,14,10,4,0,0,0,1,1,0,49,0,0,5,9,3,14.0,0,0,5,8,3,13.666666666666666,0,8.9,1.4,3.51,Dropout,6,0.6,0.6,-0.3333333333333339,1
STD_2020,1,1,2,15,1,1,1,1,1,5,10,1,0,0,1,1,1,19,0,0,6,7,6,13.666666666666666,0,0,6,6,6,13.833333333333334,0,12.7,3.7,-1.7,Graduate,12,1.0,1.0,0.16666666666666785,0
STD_3407,1,7,3,16,1,1,1,13,27,10,10,1,0,0,1,0,0,19,0,0,6,8,5,12.2,0,0,6,8,5,11.8,0,10.8,1.4,1.74,Enrolled,10,0.8333333333333334,0.8333333333333334,-0.3999999999999986,0
STD_2608,1,1,1,15,1,1,1,22,1,10,8,1,0,0,1,0,0,18,0,0,6,8,5,13.0,0,0,6,7,6,13.142857142857142,0,15.5,2.8,-4.06,Dropout,11,0.8333333333333334,1.0,0.14285714285714235,1
STD_3229,1,1,2,12,1,1,1,23,28,10,9,1,0,0,1,0,1,20,0,0,7,8,7,11.9625,0,0,8,9,8,13.044444444444444,0,13.9,-0.3,0.79,Graduate,15,1.0,1.0,1.081944444444444,0
STD_4415,1,1,1,8,1,1,1,3,28,4,6,1,0,0,1,0,0,18,0,0,5,6,5,11.8,1,0,5,8,5,11.6,0,9.4,-0.8,-3.12,Graduate,10,1.0,1.0,-0.20000000000000107,0
STD_1698,1,12,1,6,1,1,1,19,1,1,3,0,0,0,1,1,0,25,0,0,5,5,0,0.0,0,0,5,5,0,0.0,0,7.6,2.6,0.32,Dropout,0,0.0,0.0,0.0,1
STD_1592,1,8,4,2,1,1,1,3,1,3,11,1,0,0,1,1,0,19,0,0,0,0,0,0.0,0,0,0,0,0,0.0,0,9.4,-0.8,-3.12,Dropout,0,0.0,0.0,0.0,1
STD_3966,1,1,3,12,1,1,1,13,14,6,6,1,0,0,1,0,1,18,0,0,8,8,8,13.01125,0,0,8,8,8,13.01125,0,9.4,-0.8,-3.12,Graduate,16,1.0,1.0,0.0,0
STD_1726,2,12,1,17,0,1,1,22,27,6,2,1,0,0,1,0,0,38,0,0,5,11,3,11.333333333333334,0,0,5,9,4,12.0,0,9.4,-0.8,-3.12,Dropout,7,0.6,0.8,0.6666666666666661,1
STD_3118,1,1,4,15,1,1,1,13,14,10,8,1,0,0,1,0,0,20,0,0,6,7,6,13.571428571428571,0,0,6,6,6,13.333333333333334,0,13.9,-0.3,0.79,Graduate,12,1.0,1.0,-0.23809523809523725,0
STD_1045,1,1,5,11,1,1,1,13,14,5,8,1,0,0,1,0,0,19,0,0,6,9,5,11.6,0,0,6,12,5,12.2,0,13.9,-0.3,0.79,Graduate,10,0.8333333333333334,0.8333333333333334,0.5999999999999996,0
STD_2337,1,14,1,17,0,1,1,22,14,10,5,0,0,0,1,1,0,40,0,1,5,6,4,10.25,0,3,8,18,5,11.2,5,15.5,2.8,-4.06,Dropout,9,0.8,0.625,0.9499999999999993,1
STD_4359,1,14,1,11,1,1,1,22,27,10,10,1,0,1,1,0,0,19,0,0,6,13,2,11.5,0,0,6,13,1,11.0,0,7.6,2.6,0.32,Dropout,3,0.3333333333333333,0.16666666666666666,-0.5,1
STD_0890,1,1,3,15,1,1,1,23,28,10,6,0,0,0,1,0,1,20,0,0,6,9,4,13.0,0,0,6,13,4,11.25,0,10.8,1.4,1.74,Graduate,8,0.6666666666666666,0.6666666666666666,-1.75,0
STD_3955,1,1,1,15,1,1,1,3,2,3,2,1,0,0,1,0,0,22,0,0,6,13,2,12.0,0,0,6,14,1,10.0,0,9.4,-0.8,-3.12,Dropout,3,0.3333333333333333,0.16666666666666666,-2.0,1
STD_2493,1,16,1,3,0,1,1,1,1,5,5,0,0,1,0,1,0,26,0,2,8,13,4,10.5,0,5,10,16,7,10.428571428571429,0,12.4,0.5,1.79,Dropout,11,0.5,0.7,-0.07142857142857117,1
STD_0517,2,12,1,4,1,1,1,22,14,10,5,0,0,0,1,0,0,50,0,0,6,7,6,12.5,0,0,6,15,5,12.4,0,8.9,1.4,3.51,Graduate,11,1.0,0.8333333333333334,-0.09999999999999964,0
STD_1702,1,1,1,15,1,1,1,1,1,6,6,1,0,0,1,1,0,18,0,0,6,6,6,13.666666666666666,0,0,6,6,6,14.5,0,12.7,3.7,-1.7,Graduate,12,1.0,1.0,0.8333333333333339,0
STD_2229,2,12,1,15,1,1,1,22,28,10,4,0,0,0,1,1,0,47,0,0,6,12,5,13.8,0,0,6,13,4,14.0,0,12.7,3.7,-1.7,Dropout,9,0.8333333333333334,0.6666666666666666,0.1999999999999993,1
STD_2187,1,1,1,5,1,1,1,13,27,5,5,0,0,0,1,0,1,18,0,1,6,8,6,12.0,1,0,6,12,5,11.142857142857142,0,13.9,-0.3,0.79,Enrolled,11,1.0,0.8333333333333334,-0.8571428571428577,0
STD_3809,4,11,1,5,1,2,1,19,24,1,1,0,0,0,1,0,0,53,0,15,18,18,17,13.176470588235292,0,13,18,18,16,13.0,0,7.6,2.6,0.32,Dropout,33,0.9444444444444444,0.8888888888888888,-0.17647058823529171,1
STD_1579,1,1,3,6,1,1,1,22,14,10,9,1,0,1,0,0,0,18,0,0,5,7,3,13.0,0,0,5,8,3,12.0,0,7.6,2.6,0.32,Dropout,6,0.6,0.6,-1.0,1
STD_1736,1,15,1,5,1,14,1,2,14,4,9,0,0,0,1,1,0,21,0,2,7,10,6,13.428571428571429,0,5,9,9,8,13.125,0,16.2,0.3,-0.92,Graduate,14,0.8571428571428571,0.8888888888888888,-0.3035714285714288,0
STD_0360,1,12,1,6,1,17,1,3,29,3,4,0,0,0,1,0,0,26,0,0,6,0,0,0.0,0,0,6,0,0,0.0,0,8.9,1.4,3.51,Dropout,0,0.0,0.0,0.0,1
STD_2659,1,1,1,2,1,1,1,23,27,6,6,1,0,0,1,1,0,22,0,0,0,0,0,0.0,0,0,0,0,0,0.0,0,12.7,3.7,-1.7,Dropout,0,0.0,0.0,0.0,1
STD_3802,1,9,1,12,1,1,1,22,27,7,7,1,0,0,1,0,1,19,0,0,8,8,7,13.542857142857144,0,0,8,8,7,13.542857142857144,0,12.7,3.7,-1.7,Graduate,14,0.875,0.875,0.0,0
STD_0763,2,14,3,3,0,12,1,22,27,10,10,1,0,0,1,1,0,41,0,5,9,11,9,12.0,0,3,7,8,6,12.0,0,9.4,-0.8,-3.12,Graduate,15,1.0,0.8571428571428571,0.0,0
STD_1495,1,12,1,12,1,12,1,1,3,3,3,0,0,1,1,1,0,24,0,0,7,21,0,0.0,3,0,7,7,0,0.0,0,16.2,0.3,-0.92,Dropout,0,0.0,0.0,0.0,1
STD_2480,1,1,2,9,1,1,1,13,14,10,5,1,0,0,1,1,0,23,0,0,5,7,3,10.666666666666666,1,0,5,7,3,11.333333333333334,0,9.4,-0.8,-3.12,Dropout,6,0.6,0.6,0.6666666666666679,1
STD_2661,2,12,1,17,0,1,1,13,27,4,10,0,0,0,1,1,0,32,0,0,5,11,4,10.75,0,0,5,11,4,11.333333333333334,0,13.9,-0.3,0.79,Dropout,8,0.8,0.8,0.5833333333333339,1
STD_0810,1,1,5,5,1,1,1,3,1,10,4,1,0,0,1,0,0,20,0,0,6,6,6,11.166666666666666,0,0,6,9,6,11.5,0,12.4,0.5,1.79,Enrolled,12,1.0,1.0,0.3333333333333339,0
STD_3053,1,7,1,6,1,1,1,22,27,10,10,1,0,0,1,0,1,20,0,0,6,7,6,15.857142857142858,0,0,6,6,6,16.0,0,13.9,-0.3,0.79,Graduate,12,1.0,1.0,0.14285714285714235,0
STD_0126,1,8,6,13,1,1,1,1,1,5,6,1,0,0,1,0,0,19,0,0,7,12,5,12.1,0,0,7,0,0,0.0,0,13.9,-0.3,0.79,Dropout,5,0.7142857142857143,0.0,-12.1,1
STD_4332,1,8,1,2,1,1,1,22,14,6,10,1,0,0,1,0,0,23,0,0,0,0,0,0.0,0,0,0,0,0,0.0,0,11.1,0.6,2.02,Dropout,0,0.0,0.0,0.0,1
STD_4019,1,8,2,11,1,1,1,23,28,10,9,1,0,0,1,0,1,20,0,0,6,6,6,13.166666666666666,0,0,6,6,6,14.0,0,13.9,-0.3,0.79,Graduate,12,1.0,1.0,0.8333333333333339,0
STD_2618,1,8,1,11,1,1,1,1,14,6,5,0,0,0,1,0,1,19,0,0,6,7,5,11.0,0,0,6,7,5,12.8,0,12.4,0.5,1.79,Graduate,10,0.8333333333333334,0.8333333333333334,1.8000000000000007,0
STD_2656,1,12,1,12,1,1,1,22,27,10,10,0,0,0,1,1,0,25,0,0,8,11,6,12.675,0,0,8,11,6,12.675,0,12.7,3.7,-1.7,Graduate,12,0.75,0.75,0.0,0
STD_0525,1,1,1,13,1,1,18,5,3,2,2,1,0,0,1,0,0,18,1,0,7,8,4,12.0,0,0,8,8,0,0.0,0,16.2,0.3,-0.92,Dropout,4,0.5714285714285714,0.0,-12.0,1
STD_3405,2,14,1,17,0,1,1,22,27,10,10,0,0,0,1,0,0,32,0,1,5,5,5,10.2,0,0,5,9,4,11.25,0,9.4,-0.8,-3.12,Enrolled,9,1.0,0.8,1.0500000000000007,0
STD_2565,1,1,1,11,1,1,14,22,27,6,6,1,0,0,1,0,1,20,1,0,6,6,6,14.0,0,0,6,6,6,13.333333333333334,0,10.8,1.4,1.74,Graduate,12,1.0,1.0,-0.6666666666666661,0
STD_4241,1,16,1,6,1,1,1,1,1,10,5,0,0,0,1,0,0,22,0,0,6,8,6,14.833333333333334,0,0,6,10,5,13.833333333333334,0,11.1,0.6,2.02,Graduate,11,1.0,0.8333333333333334,-1.0,0
STD_0040,1,15,1,8,1,14,3,4,4,4,7,0,0,1,0,0,0,20,1,2,6,13,3,11.666666666666666,0,1,6,11,3,12.0,0,12.4,0.5,1.79,Dropout,6,0.5,0.5,0.3333333333333339,1
STD_1522,2,12,1,17,0,1,1,22,27,10,10,0,0,0,1,1,0,29,0,0,5,5,5,15.2,0,0,5,5,5,15.2,0,11.1,0.6,2.02,Graduate,10,1.0,1.0,0.0,0
STD_0465,1,8,1,10,1,1,1,1,1,5,10,0,0,0,1,0,0,20,0,0,6,11,5,10.6,0,0,6,11,4,10.4,0,15.5,2.8,-4.06,Enrolled,9,0.8333333333333334,0.6666666666666666,-0.1999999999999993,0
STD_3836,2,12,1,4,1,1,1,2,2,2,5,0,0,0,1,1,0,30,0,3,12,12,3,12.0,0,5,12,16,5,11.8,0,15.5,2.8,-4.06,Dropout,8,0.25,0.4166666666666667,-0.1999999999999993,1
STD_3216,1,1,6,11,1,1,1,3,1,3,3,1,0,0,1,1,1,21,0,0,6,6,6,13.5,0,0,6,6,6,12.333333333333334,0,12.4,0.5,1.79,Graduate,12,1.0,1.0,-1.166666666666666,0
STD_1145,1,7,2,9,1,1,1,22,27,10,10,1,0,0,1,0,1,20,0,0,5,8,3,12.0,0,0,5,9,4,12.625,0,10.8,1.4,1.74,Enrolled,7,0.6,0.8,0.625,0
STD_4152,1,12,1,4,1,1,1,22,27,6,6,0,0,1,1,0,0,34,0,0,6,10,5,13.833333333333334,0,0,6,13,5,12.5,0,16.2,0.3,-0.92,Graduate,10,0.8333333333333334,0.8333333333333334,-1.333333333333334,0
STD_3972,1,1,1,12,1,1,1,13,28,6,4,1,0,0,1,0,0,19,0,0,7,10,6,11.85,0,0,8,10,7,13.65,0,16.2,0.3,-0.92,Graduate,13,0.8571428571428571,0.875,1.8000000000000007,0
STD_0135,1,14,1,10,1,1,1,23,27,10,8,0,0,0,1,0,0,20,0,5,9,15,9,11.666666666666666,0,2,7,8,7,11.714285714285714,0,7.6,2.6,0.32,Graduate,16,1.0,1.0,0.04761904761904745,0
STD_2368,1,8,1,8,1,1,1,10,10,3,9,1,0,0,1,1,0,18,0,0,6,7,6,14.0,0,0,6,8,6,13.666666666666666,0,12.4,0.5,1.79,Graduate,12,1.0,1.0,-0.3333333333333339,0
STD_2105,1,1,1,10,1,1,1,13,28,10,10,0,1,0,1,0,1,20,0,0,6,9,6,11.875,0,0,6,7,6,14.428571428571429,0,16.2,0.3,-0.92,Graduate,12,1.0,1.0,2.553571428571429,0
STD_3979,1,1,1,16,1,1,1,13,14,4,8,1,0,0,1,0,1,18,0,0,7,7,7,14.857142857142858,0,0,7,7,7,15.142857142857142,0,13.9,-0.3,0.79,Graduate,14,1.0,1.0,0.2857142857142847,0
STD_2859,1,1,2,14,1,1,1,2,1,5,5,1,0,0,1,0,0,19,0,0,6,7,5,13.4,0,0,6,6,5,12.8,0,12.7,3.7,-1.7,Graduate,10,0.8333333333333334,0.8333333333333334,-0.5999999999999996,0
STD_1016,1,8,1,11,1,1,1,13,14,10,9,1,0,0,1,0,0,20,0,0,6,6,6,12.333333333333334,0,0,6,6,6,12.333333333333334,0,12.4,0.5,1.79,Graduate,12,1.0,1.0,0.0,0
STD_3897,1,8,5,5,1,1,1,13,1,6,6,1,0,0,1,1,0,22,0,0,6,6,1,11.0,0,0,6,6,0,0.0,0,9.4,-0.8,-3.12,Enrolled,1,0.16666666666666666,0.0,-11.0,0
STD_0321,1,4,1,6,1,15,1,13,14,10,6,0,0,1,0,0,0,26,0,0,3,3,0,0.0,0,0,6,0,0,0.0,0,8.9,1.4,3.51,Dropout,0,0.0,0.0,0.0,1
STD_0523,1,6,1,10,1,1,12,3,27,3,9,1,0,0,0,0,0,20,1,0,6,9,5,13.0,0,0,6,7,6,13.5,0,13.9,-0.3,0.79,Graduate,11,0.8333333333333334,1.0,0.5,0
STD_1738,1,1,5,12,1,1,1,1,3,10,11,1,0,0,1,1,0,18,0,0,7,10,6,12.035714285714286,0,0,8,9,7,13.75,0,13.9,-0.3,0.79,Enrolled,13,0.8571428571428571,0.875,1.7142857142857135,0
STD_4155,1,1,1,16,1,1,1,22,14,7,8,1,0,0,1,0,0,18,0,0,6,11,3,11.666666666666666,0,0,6,11,3,10.666666666666666,0,9.4,-0.8,-3.12,Dropout,6,0.5,0.5,-1.0,1
STD_4165,1,14,3,2,1,1,1,22,28,8,8,1,0,0,1,0,0,21,0,0,0,0,0,0.0,0,0,0,0,0,0.0,0,9.4,-0.8,-3.12,Dropout,0,0.0,0.0,0.0,1
STD_1350,1,12,1,6,1,12,1,13,14,5,10,1,0,0,1,0,1,24,0,1,6,7,6,12.5,0,0,6,11,6,12.833333333333334,0,8.9,1.4,3.51,Graduate,12,1.0,1.0,0.3333333333333339,0
STD_3792,1,15,1,8,1,14,1,3,1,4,7,1,0,1,1,1,0,20,0,2,6,9,4,11.0,0,1,6,13,3,10.666666666666666,0,12.4,0.5,1.79,Dropout,7,0.6666666666666666,0.5,-0.3333333333333339,1
STD_4389,2,14,1,9,1,2,1,22,27,10,10,0,0,1,0,0,0,42,0,13,13,13,13,11.923076923076923,0,12,12,12,12,12.5,0,15.5,2.8,-4.06,Dropout,25,1.0,1.0,0.5769230769230766,1
STD_2606,2,15,1,6,1,14,1,22,27,30,43,0,0,0,1,0,0,27,0,0,5,12,3,14.0,2,0,5,8,5,12.0,1,9.4,-0.8,-3.12,Graduate,8,0.6,1.0,-2.0,0
STD_0055,1,12,1,17,0,1,1,23,28,10,10,0,0,0,1,0,0,27,0,0,5,12,5,10.6,0,0,5,10,5,11.0,0,9.4,-0.8,-3.12,Dropout,10,1.0,1.0,0.40000000000000036,1
STD_2589,1,8,1,16,1,1,1,22,27,10,11,0,0,0,1,0,0,20,0,0,6,8,3,12.333333333333334,0,0,6,11,2,10.5,0,12.7,3.7,-1.7,Dropout,5,0.5,0.3333333333333333,-1.833333333333334,1
STD_0817,1,8,1,5,1,1,1,1,27,5,6,0,0,0,1,0,0,20,0,0,6,6,6,12.5,0,0,6,8,6,11.5,0,10.8,1.4,1.74,Enrolled,12,1.0,1.0,-1.0,0
STD_2605,1,8,1,10,1,1,1,22,27,8,6,1,0,0,1,0,0,19,0,0,6,10,2,10.5,0,0,6,11,1,13.0,0,9.4,-0.8,-3.12,Dropout,3,0.3333333333333333,0.16666666666666666,2.5,1
STD_0632,1,1,2,16,1,1,1,1,28,5,10,1,0,0,1,0,0,19,0,0,6,9,5,12.2,0,0,6,10,4,13.0,0,9.4,-0.8,-3.12,Enrolled,9,0.8333333333333334,0.6666666666666666,0.8000000000000007,0
STD_3993,1,8,1,10,1,1,1,23,14,24,36,1,0,0,1,0,1,18,0,0,6,8,6,12.833333333333334,0,0,6,6,6,12.166666666666666,0,8.9,1.4,3.51,Graduate,12,1.0,1.0,-0.6666666666666679,0
STD_0709,2,12,1,11,1,1,1,1,14,10,10,0,0,0,1,1,0,47,0,6,11,11,11,14.727272727272728,0,6,9,9,9,15.77777777777778,0,10.8,1.4,1.74,Graduate,20,1.0,1.0,1.050505050505052,0
STD_2897,1,12,1,17,0,1,1,22,27,7,7,0,0,0,1,0,0,40,0,0,5,9,4,11.25,0,0,5,6,5,12.0,0,13.9,-0.3,0.79,Enrolled,9,0.8,1.0,0.75,0
STD_3055,1,8,1,10,1,1,1,23,28,10,7,0,0,0,1,0,1,19,0,0,6,8,6,14.0,0,0,6,7,6,14.571428571428571,0,16.2,0.3,-0.92,Graduate,12,1.0,1.0,0.5714285714285712,0
STD_2352,1,15,1,8,1,14,1,2,1,4,7,1,0,0,1,1,0,22,0,11,18,32,12,12.857142857142858,1,8,12,15,10,14.3,0,16.2,0.3,-0.92,Graduate,22,0.6666666666666666,0.8333333333333334,1.442857142857143,0
STD_0539,1,15,1,4,1,14,1,13,28,4,10,1,0,0,1,1,0,21,0,0,6,7,6,12.857142857142858,0,0,6,6,6,13.166666666666666,0,12.4,0.5,1.79,Graduate,12,1.0,1.0,0.3095238095238084,0
STD_4023,1,9,1,9,1,1,1,13,14,6,9,1,0,0,1,0,1,19,0,0,5,6,5,12.6,0,0,5,8,5,11.25,0,10.8,1.4,1.74,Graduate,10,1.0,1.0,-1.3499999999999996,0
STD_1049,1,1,1,12,1,1,1,1,14,10,7,1,0,0,1,0,1,20,0,0,7,8,6,12.396666666666668,0,0,8,9,7,12.94285714285714,0,11.1,0.6,2.02,Graduate,13,0.8571428571428571,0.875,0.5461904761904712,0
STD_2498,2,1,2,3,0,1,1,22,1,10,11,1,0,0,1,0,0,43,0,0,6,6,6,13.0,0,0,6,6,6,12.5,0,9.4,-0.8,-3.12,Graduate,12,1.0,1.0,-0.5,0
STD_0417,1,1,1,6,1,1,1,1,1,10,10,1,0,0,1,0,0,19,0,0,6,13,6,15.23076923076923,0,0,6,10,6,12.375,0,15.5,2.8,-4.06,Graduate,12,1.0,1.0,-2.85576923076923,0
STD_3533,1,1,1,9,1,1,1,1,28,5,8,1,0,0,1,1,0,18,0,0,5,5,5,13.4,0,0,5,5,5,15.0,0,8.9,1.4,3.51,Graduate,10,1.0,1.0,1.5999999999999996,0
STD_1607,1,1,5,11,1,1,1,3,14,4,10,1,0,0,1,1,0,20,0,0,6,10,4,13.0,0,0,6,6,6,13.0,0,12.4,0.5,1.79,Graduate,10,0.6666666666666666,1.0,0.0,0
STD_3909,2,12,1,10,1,1,1,23,28,10,8,0,0,1,1,0,1,42,0,0,6,8,6,13.333333333333334,0,0,6,7,6,15.285714285714286,0,11.1,0.6,2.02,Graduate,12,1.0,1.0,1.9523809523809526,0
STD_1589,1,8,1,11,1,1,1,22,27,6,5,1,0,0,1,1,0,19,0,0,6,13,2,10.5,0,0,6,11,1,12.0,0,10.8,1.4,1.74,Dropout,3,0.3333333333333333,0.16666666666666666,1.5,1
STD_4186,1,1,1,17,0,1,1,13,27,10,10,1,0,0,1,0,0,20,0,0,5,10,0,0.0,0,0,5,10,0,0.0,3,7.6,2.6,0.32,Enrolled,0,0.0,0.0,0.0,0
STD_0767,1,15,1,8,1,14,1,1,1,5,5,1,0,0,1,0,0,20,0,0,5,7,4,12.0,1,0,5,6,4,12.4,0,10.8,1.4,1.74,Enrolled,8,0.8,0.8,0.40000000000000036,0
STD_3526,1,15,1,4,1,14,1,13,28,7,8,1,0,0,1,1,0,19,0,0,6,8,6,12.714285714285714,0,0,6,9,6,13.5,0,12.4,0.5,1.79,Graduate,12,1.0,1.0,0.7857142857142865,0
STD_0930,1,1,1,10,1,1,1,13,27,1,1,1,0,0,1,0,0,19,0,0,6,10,0,0.0,4,0,6,0,0,0.0,0,7.6,2.6,0.32,Dropout,0,0.0,0.0,0.0,1
STD_0923,1,8,6,10,1,1,1,1,3,5,3,1,0,0,1,0,0,18,0,0,6,8,4,11.75,0,0,6,8,4,12.25,0,9.4,-0.8,-3.12,Dropout,8,0.6666666666666666,0.6666666666666666,0.5,1
STD_3933,1,4,1,17,0,15,1,13,14,8,4,0,0,0,1,0,0,26,0,5,10,13,8,12.666666666666666,0,5,10,12,10,13.4,0,11.1,0.6,2.02,Graduate,18,0.8,1.0,0.7333333333333343,0
STD_3114,1,1,1,14,1,1,1,3,28,3,10,1,0,0,1,0,0,19,0,0,6,7,5,12.6,0,0,6,10,5,12.375,0,10.8,1.4,1.74,Enrolled,10,0.8333333333333334,0.8333333333333334,-0.22499999999999964,0
STD_2472,2,12,1,6,1,12,1,22,27,12,12,0,0,0,0,1,0,29,0,0,5,5,0,0.0,0,0,5,5,0,0.0,0,12.7,3.7,-1.7,Dropout,0,0.0,0.0,0.0,1
STD_1600,1,8,1,15,1,1,1,23,28,10,10,0,0,1,1,1,0,19,0,0,6,6,4,11.25,0,0,6,6,3,11.333333333333334,0,16.2,0.3,-0.92,Dropout,7,0.6666666666666666,0.5,0.08333333333333393,1
STD_1286,1,8,2,16,1,1,1,13,28,4,4,1,0,0,1,1,0,19,0,0,7,10,6,13.666666666666666,0,0,7,9,6,12.5,0,12.4,0.5,1.79,Dropout,12,0.8571428571428571,0.8571428571428571,-1.166666666666666,1
STD_3514,4,12,1,14,1,12,1,22,27,10,8,0,0,1,1,1,1,29,0,0,6,16,1,14.0,0,0,6,7,0,0.0,0,11.1,0.6,2.02,Dropout,1,0.16666666666666666,0.0,-14.0,1
STD_1174,1,12,1,17,0,1,1,1,1,5,11,0,0,0,1,1,0,24,0,0,5,5,4,12.0,0,0,5,6,5,12.666666666666666,0,12.4,0.5,1.79,Enrolled,9,0.8,1.0,0.6666666666666661,0
STD_1181,6,12,1,12,1,1,1,22,27,10,10,0,0,0,1,0,0,36,0,0,7,12,4,11.5,0,0,7,14,3,12.333333333333334,0,16.2,0.3,-0.92,Dropout,7,0.5714285714285714,0.42857142857142855,0.8333333333333339,1
STD_3650,5,12,1,16,1,12,1,22,27,10,9,0,0,0,1,0,0,27,0,0,7,14,6,11.666666666666666,0,0,7,10,1,10.0,0,12.4,0.5,1.79,Dropout,7,0.8571428571428571,0.14285714285714285,-1.666666666666666,1
STD_2655,1,8,5,12,1,1,1,3,28,3,2,0,0,0,1,1,0,19,0,0,8,11,7,13.867142857142856,0,0,8,11,7,13.867142857142856,0,10.8,1.4,1.74,Graduate,14,0.875,0.875,0.0,0
STD_3924,4,12,1,3,0,1,1,22,27,6,6,0,0,0,1,0,1,38,0,4,9,13,8,12.88888888888889,0,2,7,9,7,13.0,0,13.9,-0.3,0.79,Graduate,15,0.8888888888888888,1.0,0.11111111111111072,0
STD_4347,1,8,2,11,1,1,1,10,14,6,6,1,0,0,1,0,0,20,0,0,6,16,1,10.0,0,0,6,12,0,0.0,0,10.8,1.4,1.74,Dropout,1,0.16666666666666666,0.0,-10.0,1
STD_2925,2,12,1,12,1,1,1,13,27,7,7,0,0,0,1,0,1,32,0,0,8,9,7,12.757142857142856,0,0,8,9,7,12.757142857142856,0,12.7,3.7,-1.7,Graduate,14,0.875,0.875,0.0,0
STD_0287,1,8,1,5,1,1,1,4,27,3,10,0,0,0,1,0,0,18,0,0,6,8,6,12.5,0,0,6,6,6,12.333333333333334,0,15.5,2.8,-4.06,Enrolled,12,1.0,1.0,-0.16666666666666607,0
STD_0905,1,1,2,9,1,1,1,13,14,10,10,1,0,0,1,0,0,20,0,0,5,12,1,10.0,2,0,5,5,0,0.0,0,12.7,3.7,-1.7,Dropout,1,0.2,0.0,-10.0,1
STD_1775,1,8,6,11,1,1,1,1,14,5,6,1,0,0,1,1,0,19,0,0,6,13,5,10.8,0,0,6,12,3,10.0,0,9.4,-0.8,-3.12,Enrolled,8,0.8333333333333334,0.5,-0.8000000000000007,0
STD_0467,1,1,1,16,1,1,1,1,28,6,11,1,0,0,1,0,0,20,0,0,6,9,5,14.333333333333334,0,4,8,8,8,12.625,0,15.5,2.8,-4.06,Enrolled,13,0.8333333333333334,1.0,-1.708333333333334,0
STD_3839,1,1,1,9,1,1,1,23,1,10,9,0,0,0,1,1,0,21,0,0,5,9,1,10.0,0,0,5,10,1,10.0,0,7.6,2.6,0.32,Dropout,2,0.2,0.2,0.0,1
STD_3482,1,8,1,2,1,1,1,22,27,10,10,0,0,0,1,1,0,22,0,0,0,0,0,0.0,0,0,0,0,0,0.0,0,12.7,3.7,-1.7,Graduate,0,0.0,0.0,0.0,0
STD_0161,1,1,1,14,1,1,1,13,1,5,2,0,0,0,1,0,0,19,0,0,6,6,6,13.166666666666666,0,0,6,9,6,13.0,0,10.8,1.4,1.74,Dropout,12,1.0,1.0,-0.16666666666666607,1
STD_0975,2,12,1,17,0,1,1,22,14,10,4,0,0,0,1,1,0,48,0,0,5,9,5,12.285714285714286,0,0,5,8,5,11.125,0,16.2,0.3,-0.92,Graduate,10,1.0,1.0,-1.1607142857142865,0
STD_0760,2,14,2,9,1,1,1,22,27,10,10,1,0,0,1,0,0,46,0,4,9,18,8,11.375,2,0,5,11,5,11.8,0,9.4,-0.8,-3.12,Graduate,13,0.8888888888888888,1.0,0.4250000000000007,0
STD_0203,1,1,4,12,1,1,1,13,14,8,8,1,0,0,1,0,0,18,0,0,8,8,7,12.324285714285711,0,0,8,8,7,12.324285714285711,0,10.8,1.4,1.74,Graduate,14,0.875,0.875,0.0,0
STD_0438,1,1,1,14,1,1,1,13,27,5,6,0,0,0,1,0,1,18,0,0,6,6,6,14.5,0,0,6,8,6,13.666666666666666,0,12.7,3.7,-1.7,Graduate,12,1.0,1.0,-0.8333333333333339,0
STD_0533,1,1,2,12,1,1,1,4,2,3,4,1,0,0,1,1,0,18,0,0,8,8,7,11.69,0,0,8,8,7,11.69,0,10.8,1.4,1.74,Graduate,14,0.875,0.875,0.0,0
STD_0653,1,12,1,12,1,12,1,1,5,5,4,0,0,0,1,0,0,24,0,0,8,11,7,12.614285714285714,0,0,8,11,7,12.614285714285714,0,12.7,3.7,-1.7,Graduate,14,0.875,0.875,0.0,0
STD_2130,1,1,1,5,1,1,1,13,1,6,8,1,0,0,1,0,0,18,0,0,6,6,6,12.666666666666666,0,0,6,8,6,13.25,0,10.8,1.4,1.74,Graduate,12,1.0,1.0,0.5833333333333339,0
STD_1470,1,1,3,11,1,1,1,1,1,5,4,1,0,0,1,1,0,18,0,0,6,8,6,12.333333333333334,0,0,6,6,6,13.666666666666666,0,11.1,0.6,2.02,Graduate,12,1.0,1.0,1.3333333333333321,0
STD_2991,1,1,1,8,1,1,1,13,14,10,10,1,0,0,1,0,1,18,0,0,6,8,6,14.5,0,0,6,11,4,13.0,0,13.9,-0.3,0.79,Graduate,10,1.0,0.6666666666666666,-1.5,0
STD_2080,1,1,5,12,1,1,1,23,28,8,8,1,0,0,1,0,1,19,0,0,7,7,6,14.15,0,0,7,7,6,14.15,0,7.6,2.6,0.32,Graduate,12,0.8571428571428571,0.8571428571428571,0.0,0
STD_2108,1,1,1,15,1,1,1,22,27,10,10,1,0,0,1,0,0,18,0,0,6,6,6,13.333333333333334,0,0,6,9,5,13.2,0,9.4,-0.8,-3.12,Graduate,11,1.0,0.8333333333333334,-0.13333333333333464,0
STD_0584,1,1,1,9,1,1,1,22,28,10,9,1,0,0,1,0,0,18,0,0,5,10,4,12.0,0,0,5,9,4,12.8,0,13.9,-0.3,0.79,Graduate,8,0.8,0.8,0.8000000000000007,0
STD_4123,1,8,3,10,1,1,1,13,14,8,8,1,0,0,1,0,0,19,0,0,6,7,5,10.8,0,0,6,9,6,10.166666666666666,0,8.9,1.4,3.51,Graduate,11,0.8333333333333334,1.0,-0.6333333333333346,0
STD_1403,1,1,1,6,1,1,1,10,1,2,12,0,0,0,1,0,0,21,0,0,5,7,5,14.4,0,0,5,5,5,13.8,0,7.6,2.6,0.32,Graduate,10,1.0,1.0,-0.5999999999999996,0
STD_2766,1,7,4,12,1,1,1,1,1,5,5,1,0,0,1,0,0,18,0,0,8,8,8,13.11,0,0,8,8,8,13.11,0,9.4,-0.8,-3.12,Graduate,16,1.0,1.0,0.0,0
STD_3553,1,14,1,9,1,1,1,22,27,6,4,0,0,0,1,1,0,22,0,0,5,9,3,13.0,0,0,5,9,3,11.666666666666666,0,12.7,3.7,-1.7,Dropout,6,0.6,0.6,-1.333333333333334,1
STD_2501,1,15,1,6,1,14,3,5,4,2,2,0,0,0,1,0,0,20,1,2,6,7,6,13.333333333333334,0,1,6,16,5,13.375,0,12.4,0.5,1.79,Graduate,11,1.0,0.8333333333333334,0.041666666666666075,0
STD_0109,1,1,5,12,1,1,1,3,4,5,4,1,0,0,1,0,0,20,0,2,7,9,6,13.266666666666666,0,0,7,10,5,12.3,0,12.4,0.5,1.79,Dropout,11,0.8571428571428571,0.7142857142857143,-0.966666666666665,1
STD_3846,1,12,1,6,1,9,1,19,24,13,13,0,0,1,0,1,0,27,0,0,5,5,0,0.0,0,0,5,5,0,0.0,0,7.6,2.6,0.32,Dropout,0,0.0,0.0,0.0,1
STD_2091,1,1,5,12,1,1,1,23,27,6,8,1,0,0,1,0,0,18,0,0,7,7,6,14.233333333333334,0,0,7,7,6,14.233333333333334,0,7.6,2.6,0.32,Graduate,12,0.8571428571428571,0.8571428571428571,0.0,0
STD_2456,1,15,1,4,1,14,1,13,14,6,6,1,0,0,1,1,0,20,0,0,6,8,6,14.5,0,0,6,10,6,15.3,0,16.2,0.3,-0.92,Graduate,12,1.0,1.0,0.8000000000000007,0
STD_0274,1,1,1,12,1,1,1,5,1,3,6,0,0,0,1,0,0,19,0,2,7,8,7,12.67,0,1,8,8,8,13.55,0,11.1,0.6,2.02,Graduate,15,1.0,1.0,0.8800000000000008,0
STD_3653,1,8,1,13,1,1,1,23,27,10,10,1,0,0,1,0,1,18,0,0,7,7,7,13.3,0,0,8,8,8,15.125,0,15.5,2.8,-4.06,Graduate,15,1.0,1.0,1.8249999999999993,0
STD_2429,1,12,1,4,1,12,1,1,14,5,11,0,0,0,1,1,0,29,0,3,9,13,6,11.666666666666666,0,2,7,10,6,10.857142857142858,0,15.5,2.8,-4.06,Dropout,12,0.6666666666666666,0.8571428571428571,-0.8095238095238084,1
STD_3070,1,12,1,6,1,9,1,22,27,11,10,0,0,0,1,1,0,51,0,0,6,0,0,0.0,0,0,6,0,0,0.0,0,12.4,0.5,1.79,Dropout,0,0.0,0.0,0.0,1
STD_0021,1,1,3,2,1,1,1,1,1,10,9,0,0,0,1,0,1,21,0,0,0,0,0,0.0,0,0,0,0,0,0.0,0,11.1,0.6,2.02,Graduate,0,0.0,0.0,0.0,0
STD_0202,1,1,4,10,1,1,1,13,14,5,1,1,0,0,1,0,0,20,0,0,6,8,6,11.166666666666666,0,0,6,6,6,11.333333333333334,0,7.6,2.6,0.32,Graduate,12,1.0,1.0,0.16666666666666785,0
STD_2127,1,8,2,12,1,1,1,23,1,6,8,1,0,0,1,0,1,20,0,0,7,9,6,13.766666666666666,0,0,8,9,8,13.744444444444444,0,16.2,0.3,-0.92,Dropout,14,0.8571428571428571,1.0,-0.022222222222222143,1
STD_3207,1,1,1,9,1,1,1,5,1,2,6,0,0,0,1,1,0,18,0,0,5,5,5,13.0,0,0,5,6,5,13.333333333333334,0,16.2,0.3,-0.92,Graduate,10,1.0,1.0,0.3333333333333339,0
STD_2594,1,12,1,13,1,1,1,13,14,5,6,0,0,0,1,0,0,26,0,0,7,12,6,12.166666666666666,0,0,8,8,8,11.675,0,13.9,-0.3,0.79,Dropout,14,0.8571428571428571,1.0,-0.49166666666666536,1
STD_0083,1,12,1,4,1,4,1,3,3,5,3,0,0,1,1,1,0,24,0,6,12,17,6,12.166666666666666,0,7,12,14,10,13.3,0,12.4,0.5,1.79,Dropout,16,0.5,0.8333333333333334,1.1333333333333346,1
STD_1803,1,1,2,9,1,1,1,1,1,10,10,0,0,0,1,1,1,18,0,0,5,9,4,11.5,0,0,5,5,5,12.8,0,12.4,0.5,1.79,Graduate,9,0.8,1.0,1.3000000000000007,0
STD_3858,1,12,1,17,0,12,1,23,14,10,11,0,0,1,1,1,1,34,0,0,5,11,5,14.714285714285714,0,0,5,14,5,14.375,5,16.2,0.3,-0.92,Graduate,10,1.0,1.0,-0.3392857142857135,0
STD_1266,1,1,6,12,1,1,1,1,1,5,6,1,0,0,1,0,1,18,0,0,8,8,8,13.42375,0,0,8,8,8,13.42375,0,9.4,-0.8,-3.12,Graduate,16,1.0,1.0,0.0,0
STD_2386,1,15,1,5,1,14,1,13,28,5,1,1,0,0,1,1,0,21,0,0,6,6,6,14.5,0,0,6,8,6,11.333333333333334,0,12.4,0.5,1.79,Graduate,12,1.0,1.0,-3.166666666666666,0
STD_0385,1,17,1,9,1,16,1,3,4,3,2,0,0,0,1,0,0,20,0,6,11,19,9,12.555555555555555,0,3,9,14,8,11.11111111111111,0,8.9,1.4,3.51,Graduate,17,0.8181818181818182,0.8888888888888888,-1.4444444444444446,0
STD_3692,1,8,5,7,1,1,1,13,1,5,6,1,0,1,0,1,0,26,0,0,5,11,1,10.0,0,0,5,14,1,11.0,0,8.9,1.4,3.51,Dropout,2,0.2,0.2,1.0,1
STD_1801,1,1,3,12,1,1,1,3,1,5,2,1,0,0,1,1,0,18,0,0,8,15,5,12.288,1,0,8,15,5,12.288,1,10.8,1.4,1.74,Dropout,10,0.625,0.625,0.0,1
STD_2032,4,12,1,11,1,1,1,23,27,10,10,0,0,1,1,0,0,45,0,4,10,12,5,12.166666666666666,4,2,8,8,0,0.0,2,12.7,3.7,-1.7,Dropout,5,0.5,0.0,-12.166666666666666,1
STD_1449,1,15,1,4,1,14,1,22,27,10,5,0,0,0,1,1,0,20,0,0,6,12,3,11.5,0,0,6,12,3,13.666666666666666,0,12.4,0.5,1.79,Dropout,6,0.5,0.5,2.166666666666666,1
STD_0743,1,8,3,12,1,1,1,3,3,4,4,1,0,0,1,1,0,18,0,0,7,8,5,14.2,0,0,7,9,6,12.4,0,12.4,0.5,1.79,Dropout,11,0.7142857142857143,0.8571428571428571,-1.799999999999999,1
STD_3531,1,1,3,14,1,1,1,3,1,3,4,1,0,0,1,1,0,19,0,0,6,6,6,13.333333333333334,0,0,6,9,5,13.8,0,8.9,1.4,3.51,Graduate,11,1.0,0.8333333333333334,0.4666666666666668,0
STD_2490,1,1,2,11,1,1,1,1,28,3,9,1,0,0,1,1,1,20,0,0,6,7,6,14.714285714285714,0,0,6,6,6,12.5,0,8.9,1.4,3.51,Graduate,12,1.0,1.0,-2.2142857142857135,0
STD_1489,1,14,1,3,0,1,1,13,27,9,6,0,0,0,1,1,0,24,0,0,6,13,0,0.0,3,0,6,6,0,0.0,0,16.2,0.3,-0.92,Dropout,0,0.0,0.0,0.0,1
STD_1431,1,1,3,12,1,1,1,23,28,6,8,1,0,0,1,0,1,18,0,0,8,11,7,12.90857142857143,0,0,8,11,7,12.90857142857143,0,10.8,1.4,1.74,Graduate,14,0.875,0.875,0.0,0
STD_1965,1,8,1,6,1,1,1,1,3,5,2,1,0,0,1,0,0,19,0,0,5,10,4,11.25,1,0,5,10,3,10.333333333333334,0,12.7,3.7,-1.7,Graduate,7,0.8,0.6,-0.9166666666666661,0
STD_2293,1,9,1,9,1,1,1,19,24,12,12,0,0,0,1,1,0,22,0,0,5,11,3,13.666666666666666,0,0,5,10,3,11.333333333333334,0,9.4,-0.8,-3.12,Dropout,6,0.6,0.6,-2.333333333333332,1
STD_0579,2,1,1,10,1,1,1,22,27,6,6,0,0,0,1,0,0,20,0,0,6,7,6,11.5,0,0,6,6,6,11.666666666666666,0,7.6,2.6,0.32,Graduate,12,1.0,1.0,0.16666666666666607,0
STD_4240,1,12,1,6,1,15,1,3,2,4,3,1,0,0,1,0,0,27,0,0,6,7,6,16.142857142857142,0,0,6,7,6,14.666666666666666,0,13.9,-0.3,0.79,Graduate,12,1.0,1.0,-1.4761904761904763,0
STD_2460,1,1,1,9,1,1,1,13,27,10,10,0,0,0,1,1,0,18,0,0,5,5,5,11.6,0,0,5,5,5,13.2,0,12.4,0.5,1.79,Graduate,10,1.0,1.0,1.5999999999999996,0
STD_4341,1,8,1,6,1,1,1,2,3,3,3,0,0,0,1,0,0,20,0,0,5,12,3,11.666666666666666,2,0,5,11,4,11.5,1,9.4,-0.8,-3.12,Graduate,7,0.6,0.8,-0.16666666666666607,0
STD_4208,1,1,1,12,1,1,1,23,27,8,9,0,0,0,1,0,1,18,0,0,7,7,7,14.652857142857142,0,0,8,9,8,14.755555555555556,0,12.4,0.5,1.79,Graduate,15,1.0,1.0,0.10269841269841429,0
STD_3890,1,1,2,13,1,1,1,1,28,4,9,1,0,0,1,0,1,21,0,0,7,7,7,12.242857142857144,0,0,8,8,8,14.125,0,15.5,2.8,-4.06,Graduate,15,1.0,1.0,1.8821428571428562,0
STD_1037,1,8,1,10,1,1,1,1,28,10,8,0,0,0,1,0,0,18,0,0,6,0,0,0.0,0,0,6,0,0,0.0,0,11.1,0.6,2.02,Dropout,0,0.0,0.0,0.0,1
STD_2747,1,1,1,12,1,1,1,22,28,29,35,1,0,1,1,1,0,20,0,0,7,7,7,12.401428571428571,0,0,8,10,6,11.808333333333332,0,11.1,0.6,2.02,Enrolled,13,1.0,0.75,-0.5930952380952395,0
STD_0628,1,1,3,12,1,1,1,13,27,10,8,1,0,0,1,0,0,19,0,0,7,8,7,13.025,0,0,8,9,8,13.811111111111112,0,13.9,-0.3,0.79,Graduate,15,1.0,1.0,0.7861111111111114,0
STD_3900,2,4,1,9,1,3,1,22,27,10,10,0,0,0,1,0,0,33,0,3,8,9,5,12.6,2,2,7,13,5,11.25,0,10.8,1.4,1.74,Enrolled,10,0.625,0.7142857142857143,-1.3499999999999996,0
STD_0411,1,1,2,12,1,1,1,13,14,8,8,1,0,0,1,0,1,18,0,0,8,8,7,14.654285714285717,0,0,8,8,7,14.654285714285717,0,10.8,1.4,1.74,Graduate,14,0.875,0.875,0.0,0
STD_1183,1,1,3,12,1,1,1,13,14,6,6,1,0,0,1,0,0,19,0,0,7,9,7,12.60625,0,0,8,12,6,11.9,0,12.4,0.5,1.79,Graduate,13,1.0,0.75,-0.7062499999999989,0
STD_0051,1,12,1,11,1,1,1,13,28,10,8,0,0,0,1,0,1,24,0,0,6,6,6,13.666666666666666,0,0,6,6,6,14.166666666666666,0,12.4,0.5,1.79,Graduate,12,1.0,1.0,0.5,0
STD_0320,1,8,1,12,1,1,1,23,28,8,8,0,0,0,1,0,0,20,0,0,7,11,6,11.757142857142856,0,0,8,12,6,13.083333333333334,0,15.5,2.8,-4.06,Enrolled,12,0.8571428571428571,0.75,1.3261904761904777,0
STD_3587,1,4,1,2,1,3,1,1,2,10,3,0,0,0,0,1,0,18,0,0,0,0,0,0.0,0,0,0,0,0,0.0,0,9.4,-0.8,-3.12,Dropout,0,0.0,0.0,0.0,1
STD_3409,1,1,6,12,1,1,1,1,1,5,6,0,0,0,0,0,0,18,0,0,8,8,0,0.0,8,0,8,8,0,0.0,8,9.4,-0.8,-3.12,Dropout,0,0.0,0.0,0.0,1
STD_2258,1,15,1,4,1,14,1,5,3,3,3,0,0,0,1,1,0,20,0,1,7,13,3,10.666666666666666,0,0,6,14,2,11.5,0,15.5,2.8,-4.06,Enrolled,5,0.42857142857142855,0.3333333333333333,0.8333333333333339,0
STD_1838,2,12,1,12,1,1,1,22,27,10,10,1,0,0,1,0,0,39,0,0,7,8,5,12.16,0,0,7,8,5,12.16,0,7.6,2.6,0.32,Enrolled,10,0.7142857142857143,0.7142857142857143,0.0,0
STD_2904,1,8,1,10,1,1,1,1,1,4,4,1,0,0,1,0,1,18,0,0,6,6,6,14.0,0,0,6,6,6,13.5,0,8.9,1.4,3.51,Graduate,12,1.0,1.0,-0.5,0
STD_1224,2,12,1,3,0,12,1,1,14,2,6,0,0,1,1,0,1,33,0,0,6,9,5,13.833333333333334,0,0,6,7,6,12.5,0,9.4,-0.8,-3.12,Graduate,11,0.8333333333333334,1.0,-1.333333333333334,0
STD_1703,1,8,6,15,1,1,1,19,24,1,1,0,0,0,1,1,0,18,0,0,6,0,0,0.0,0,0,6,0,0,0.0,0,7.6,2.6,0.32,Dropout,0,0.0,0.0,0.0,1
STD_0237,1,1,1,16,1,1,1,13,14,6,8,0,0,0,1,0,1,18,0,0,6,8,5,13.4,0,0,6,7,6,13.166666666666666,0,9.4,-0.8,-3.12,Graduate,11,0.8333333333333334,1.0,-0.23333333333333428,0
STD_3408,1,1,3,12,1,1,1,1,14,10,4,1,0,0,1,0,1,18,0,0,8,8,8,14.15375,0,0,8,8,8,14.15375,0,9.4,-0.8,-3.12,Graduate,16,1.0,1.0,0.0,0
STD_2526,1,1,2,6,1,1,1,3,1,5,8,1,0,0,1,0,0,18,0,0,6,13,6,13.153846153846152,0,0,6,12,3,11.0,0,15.5,2.8,-4.06,Graduate,9,1.0,0.5,-2.1538461538461515,0
STD_2774,1,13,3,12,1,1,1,1,1,5,5,1,0,0,1,0,1,19,0,0,8,8,8,14.2525,0,0,8,8,8,14.2525,0,9.4,-0.8,-3.12,Graduate,16,1.0,1.0,0.0,0
STD_1512,2,12,1,17,0,1,1,22,14,10,11,0,0,0,1,1,0,47,0,0,5,8,4,10.0,0,0,5,8,4,12.5,0,9.4,-0.8,-3.12,Enrolled,8,0.8,0.8,2.5,0
STD_3834,1,1,1,10,1,1,1,23,14,9,11,1,0,0,1,1,0,19,0,0,6,0,0,0.0,0,0,6,0,0,0.0,0,16.2,0.3,-0.92,Dropout,0,0.0,0.0,0.0,1
STD_3719,1,14,1,9,1,1,1,1,28,2,8,0,0,0,1,1,0,21,0,0,5,11,2,10.5,0,0,5,13,0,0.0,0,12.7,3.7,-1.7,Dropout,2,0.4,0.0,-10.5,1
STD_2532,1,15,1,4,1,14,1,22,28,10,7,0,0,0,1,0,1,20,0,0,6,8,6,12.625,0,0,6,10,6,13.2,0,16.2,0.3,-0.92,Graduate,12,1.0,1.0,0.5749999999999993,0
STD_3453,1,13,1,12,1,1,1,1,1,5,5,0,0,0,1,0,0,20,0,1,8,8,7,11.571428571428571,0,1,8,8,7,11.571428571428571,0,12.7,3.7,-1.7,Graduate,14,0.875,0.875,0.0,0
STD_3362,1,1,1,15,1,1,1,13,1,10,10,1,0,0,1,0,1,18,0,0,6,6,6,13.5,0,0,6,6,6,14.0,0,8.9,1.4,3.51,Graduate,12,1.0,1.0,0.5,0
STD_0622,1,8,2,9,1,1,1,1,28,5,4,1,0,0,1,0,0,19,0,0,5,15,2,10.75,0,0,5,11,2,10.0,0,13.9,-0.3,0.79,Dropout,4,0.4,0.4,-0.75,1
STD_1704,1,1,1,10,1,1,1,23,28,8,8,1,0,0,1,1,0,18,0,0,6,8,6,12.5,0,0,6,7,6,11.5,0,10.8,1.4,1.74,Graduate,12,1.0,1.0,-1.0,0
STD_3208,1,1,1,15,1,1,1,2,3,4,4,1,0,1,1,1,0,25,0,0,6,8,6,11.571428571428571,0,0,6,9,6,11.571428571428571,0,15.5,2.8,-4.06,Dropout,12,1.0,1.0,0.0,1
STD_2319,1,1,1,5,1,1,1,1,1,5,9,0,0,0,1,1,0,19,0,0,6,0,0,0.0,0,0,6,0,0,0.0,0,15.5,2.8,-4.06,Dropout,0,0.0,0.0,0.0,1
STD_3301,1,1,1,2,1,1,1,13,14,6,2,1,0,0,1,0,0,18,0,0,0,0,0,0.0,0,0,0,0,0,0.0,0,13.9,-0.3,0.79,Dropout,0,0.0,0.0,0.0,1
STD_0414,1,4,1,17,0,15,1,22,27,7,7,0,0,0,1,0,0,26,0,3,5,5,5,14.0,0,1,5,5,5,15.6,0,12.4,0.5,1.79,Graduate,10,1.0,1.0,1.5999999999999996,0
STD_4181,1,8,1,16,1,1,1,23,27,6,8,1,0,1,1,0,0,18,0,0,6,12,4,13.5,0,0,6,14,3,10.666666666666666,0,10.8,1.4,1.74,Enrolled,7,0.6666666666666666,0.5,-2.833333333333334,0
STD_1519,1,1,1,2,1,1,1,22,14,10,9,0,0,0,1,1,1,20,0,0,0,0,0,0.0,0,0,0,0,0,0.0,0,13.9,-0.3,0.79,Enrolled,0,0.0,0.0,0.0,0
STD_2586,1,8,2,3,0,1,1,22,24,1,1,1,0,0,1,0,0,19,0,0,6,8,5,12.2,0,0,6,7,6,12.0,0,7.6,2.6,0.32,Graduate,11,0.8333333333333334,1.0,-0.1999999999999993,0
STD_0713,2,12,1,6,1,1,1,22,27,12,12,0,0,0,1,1,0,33,0,0,5,7,4,13.5,0,0,5,6,5,11.6,0,7.6,2.6,0.32,Graduate,9,0.8,1.0,-1.9000000000000004,0
STD_0406,1,1,1,2,1,1,1,1,14,4,10,1,0,0,1,0,0,18,0,0,0,0,0,0.0,0,0,0,0,0,0.0,0,12.7,3.7,-1.7,Graduate,0,0.0,0.0,0.0,0
STD_2892,1,12,1,17,0,1,1,3,1,4,10,0,0,0,1,0,0,27,0,0,5,5,0,0.0,0,0,5,6,0,0.0,0,12.4,0.5,1.79,Dropout,0,0.0,0.0,0.0,1
STD_3244,1,1,1,12,1,1,1,22,14,8,8,1,0,0,1,0,1,19,0,0,8,8,8,14.11,0,0,8,8,8,14.11,0,9.4,-0.8,-3.12,Graduate,16,1.0,1.0,0.0,0
STD_1792,1,1,4,9,1,1,1,3,1,4,11,0,0,0,1,1,0,18,0,0,5,0,0,0.0,0,0,5,0,0,0.0,0,8.9,1.4,3.51,Dropout,0,0.0,0.0,0.0,1
STD_2366,1,9,1,15,1,1,1,1,1,5,8,1,0,0,1,1,0,19,0,0,6,6,6,13.833333333333334,0,0,6,6,6,14.5,0,8.9,1.4,3.51,Graduate,12,1.0,1.0,0.6666666666666661,0
STD_4253,2,1,1,17,0,1,1,13,14,10,10,0,0,0,1,0,0,28,0,0,5,5,5,12.0,0,0,5,6,5,11.6,0,7.6,2.6,0.32,Graduate,10,1.0,1.0,-0.40000000000000036,0
STD_2479,1,1,1,12,1,1,1,1,14,5,8,1,0,0,1,1,0,18,0,0,7,7,7,12.444285714285714,0,0,8,11,7,11.347142857142858,0,12.4,0.5,1.79,Graduate,14,1.0,0.875,-1.097142857142856,0
STD_1038,1,1,1,10,1,1,1,1,3,5,3,0,0,0,1,0,0,18,0,0,6,6,6,14.0,0,0,6,6,6,13.166666666666666,0,10.8,1.4,1.74,Graduate,12,1.0,1.0,-0.8333333333333339,0
STD_0727,1,16,1,14,1,1,1,10,5,4,4,0,0,0,1,1,0,19,0,2,6,7,6,14.428571428571429,0,1,7,8,7,14.375,0,11.1,0.6,2.02,Graduate,13,1.0,1.0,-0.053571428571428825,0
STD_0777,1,14,1,6,1,1,1,2,1,5,5,0,0,0,1,0,0,19,0,0,6,7,6,15.0,0,0,6,8,6,15.625,0,12.4,0.5,1.79,Graduate,12,1.0,1.0,0.625,0
STD_2175,1,14,1,10,1,1,1,1,28,5,4,0,0,0,1,0,1,20,0,8,11,12,11,12.0,0,6,11,14,11,12.75,0,13.9,-0.3,0.79,Graduate,22,1.0,1.0,0.75,0
STD_1347,1,8,4,15,1,1,1,1,1,4,4,1,0,0,1,0,1,18,0,0,6,6,6,12.333333333333334,0,0,6,6,6,13.5,0,16.2,0.3,-0.92,Graduate,12,1.0,1.0,1.166666666666666,0
STD_2822,1,9,5,6,1,1,1,5,3,3,4,1,0,0,1,0,0,21,0,0,5,12,0,0.0,3,0,5,5,0,0.0,0,12.7,3.7,-1.7,Dropout,0,0.0,0.0,0.0,1
STD_3702,1,1,1,9,1,1,1,19,24,13,13,0,0,1,1,1,1,21,0,0,5,5,5,12.6,0,0,5,9,3,12.833333333333334,0,10.8,1.4,1.74,Enrolled,8,1.0,0.6,0.23333333333333428,0
STD_1953,1,1,1,2,1,1,1,13,27,8,8,1,0,0,0,0,0,19,0,0,0,0,0,0.0,0,0,0,0,0,0.0,0,10.8,1.4,1.74,Dropout,0,0.0,0.0,0.0,1
STD_3763,1,1,1,6,1,1,1,13,28,6,8,1,0,0,1,0,1,21,0,0,6,8,6,13.285714285714286,0,0,6,11,6,13.0,0,11.1,0.6,2.02,Graduate,12,1.0,1.0,-0.2857142857142865,0
STD_1279,1,12,1,3,0,1,1,1,10,5,6,0,0,0,1,1,1,24,0,0,6,6,4,12.25,0,0,6,10,4,11.5,0,12.4,0.5,1.79,Enrolled,8,0.6666666666666666,0.6666666666666666,-0.75,0
STD_1757,1,8,1,2,1,1,1,4,4,4,4,0,0,1,1,1,0,19,0,5,12,12,10,12.7,0,4,11,16,10,12.272727272727272,0,8.9,1.4,3.51,Enrolled,20,0.8333333333333334,0.9090909090909091,-0.4272727272727277,0
STD_4114,4,12,2,13,1,1,1,23,27,8,8,1,0,0,1,0,0,24,0,0,7,0,0,0.0,0,0,7,0,0,0.0,0,10.8,1.4,1.74,Dropout,0,0.0,0.0,0.0,1
STD_2576,2,12,1,3,0,1,1,22,27,8,6,0,0,0,1,0,0,40,0,5,9,9,9,15.88888888888889,0,3,7,7,7,14.142857142857142,0,12.7,3.7,-1.7,Graduate,16,1.0,1.0,-1.746031746031747,0
STD_0818,1,7,1,5,1,1,1,1,1,5,5,1,0,0,1,0,0,18,0,0,6,6,6,14.5,0,0,6,6,6,12.833333333333334,0,12.4,0.5,1.79,Graduate,12,1.0,1.0,-1.666666666666666,0
STD_0189,1,12,1,6,1,1,1,1,14,10,10,1,0,0,1,0,0,24,0,0,6,10,2,11.0,0,0,6,6,0,0.0,0,8.9,1.4,3.51,Dropout,2,0.3333333333333333,0.0,-11.0,1
STD_2951,2,1,1,4,1,1,1,13,28,6,6,0,0,0,1,0,0,20,0,0,6,11,6,14.125,0,0,6,10,5,12.6,0,13.9,-0.3,0.79,Graduate,11,1.0,0.8333333333333334,-1.5250000000000004,0
STD_0353,1,1,4,2,1,1,1,1,1,10,6,1,0,0,0,0,0,19,0,0,0,0,0,0.0,0,0,0,0,0,0.0,0,9.4,-0.8,-3.12,Dropout,0,0.0,0.0,0.0,1
STD_1048,1,1,6,12,1,1,1,2,1,5,5,1,0,0,1,0,0,19,0,0,8,8,7,14.1,0,0,8,8,7,14.1,0,10.8,1.4,1.74,Graduate,14,0.875,0.875,0.0,0
STD_3190,1,1,1,2,1,1,1,22,27,4,6,0,0,0,1,1,0,19,0,0,0,0,0,0.0,0,0,0,0,0,0.0,0,13.9,-0.3,0.79,Dropout,0,0.0,0.0,0.0,1
STD_3562,1,8,5,15,1,1,1,1,27,6,6,1,0,0,1,1,0,19,0,0,6,7,6,13.833333333333334,0,0,6,8,6,13.625,0,7.6,2.6,0.32,Graduate,12,1.0,1.0,-0.20833333333333393,0
STD_4045,1,8,1,10,1,1,1,23,28,29,44,0,0,1,1,0,1,19,0,0,6,6,6,12.666666666666666,0,0,6,7,6,13.0,0,8.9,1.4,3.51,Graduate,12,1.0,1.0,0.3333333333333339,0
STD_1766,1,1,1,9,1,1,1,13,28,10,10,1,0,0,1,0,0,26,0,0,5,6,0,0.0,0,0,5,0,0,0.0,0,15.5,2.8,-4.06,Dropout,0,0.0,0.0,0.0,1
STD_1405,1,15,1,9,1,14,9,2,27,3,9,0,0,1,0,1,0,25,1,0,5,6,0,0.0,0,0,5,5,0,0.0,0,15.5,2.8,-4.06,Dropout,0,0.0,0.0,0.0,1
STD_1712,1,1,3,12,1,1,1,13,14,6,5,1,0,0,1,0,1,20,0,0,8,8,8,13.38125,0,0,8,8,8,13.38125,0,9.4,-0.8,-3.12,Graduate,16,1.0,1.0,0.0,0
STD_3669,1,1,1,10,1,1,14,13,14,10,10,1,0,1,1,0,1,19,1,0,6,8,6,12.666666666666666,0,0,6,7,6,12.666666666666666,0,8.9,1.4,3.51,Graduate,12,1.0,1.0,0.0,0
STD_2065,1,8,4,9,1,1,1,23,14,10,10,1,0,0,1,0,0,21,0,0,5,5,5,12.6,0,0,5,5,5,13.2,0,8.9,1.4,3.51,Graduate,10,1.0,1.0,0.5999999999999996,0
STD_1529,1,6,1,11,1,1,12,13,1,10,8,1,0,0,0,0,0,21,1,0,6,6,6,11.5,0,0,6,10,4,13.25,0,13.9,-0.3,0.79,Graduate,10,1.0,0.6666666666666666,1.75,0
STD_3401,1,1,1,10,1,1,1,23,28,10,10,1,1,0,1,0,1,18,0,0,6,8,6,11.714285714285714,0,0,6,6,6,14.666666666666666,0,12.7,3.7,-1.7,Graduate,12,1.0,1.0,2.9523809523809526,0
STD_0379,1,8,1,16,1,1,1,3,3,4,4,1,0,0,0,0,1,18,0,0,7,7,7,12.285714285714286,0,0,7,8,6,13.333333333333334,0,8.9,1.4,3.51,Enrolled,13,1.0,0.8571428571428571,1.0476190476190474,0
STD_3371,1,4,1,9,1,3,1,22,27,10,10,0,0,0,1,0,0,25,0,0,5,0,0,0.0,0,0,5,0,0,0.0,0,12.7,3.7,-1.7,Dropout,0,0.0,0.0,0.0,1
STD_1673,1,15,1,8,1,14,1,3,1,5,2,1,0,0,0,0,0,21,0,1,6,12,5,13.285714285714286,0,0,6,10,4,12.0,0,16.2,0.3,-0.92,Dropout,9,0.8333333333333334,0.6666666666666666,-1.2857142857142865,1
STD_3293,1,1,1,10,1,1,1,22,27,1,1,1,0,0,1,0,0,27,0,0,6,13,2,11.0,0,0,6,14,1,11.0,0,7.6,2.6,0.32,Dropout,3,0.3333333333333333,0.16666666666666666,0.0,1
STD_0454,1,8,4,6,1,1,1,13,27,5,8,0,0,0,1,0,0,19,0,0,5,11,5,11.714285714285714,2,0,5,6,5,12.6,0,9.4,-0.8,-3.12,Graduate,10,1.0,1.0,0.8857142857142861,0
STD_0225,1,9,1,12,1,1,1,1,28,5,6,1,0,0,1,0,1,19,0,0,7,8,6,13.741666666666667,0,0,8,9,7,14.9125,0,16.2,0.3,-0.92,Graduate,13,0.8571428571428571,0.875,1.1708333333333325,0
STD_2755,1,4,1,17,0,15,1,23,28,10,8,0,0,0,1,1,0,38,0,10,10,10,10,13.6,0,5,10,10,5,13.6,0,8.9,1.4,3.51,Dropout,15,1.0,0.5,0.0,1
STD_3873,1,14,2,12,1,6,1,1,14,5,11,0,0,0,1,1,0,22,0,0,7,7,6,12.733333333333334,0,0,7,7,6,12.733333333333334,0,7.6,2.6,0.32,Graduate,12,0.8571428571428571,0.8571428571428571,0.0,0
STD_3915,2,14,1,17,0,3,1,22,14,10,5,0,0,1,1,0,0,34,0,4,10,25,5,12.2,0,3,9,18,8,12.22222222222222,0,16.2,0.3,-0.92,Dropout,13,0.5,0.8888888888888888,0.022222222222220367,1
STD_2808,1,1,1,14,1,1,1,10,10,6,8,1,0,0,1,0,0,18,0,0,6,8,6,14.625,0,0,6,9,6,14.142857142857142,0,11.1,0.6,2.02,Enrolled,12,1.0,1.0,-0.48214285714285765,0
STD_3621,1,6,1,6,1,1,14,22,27,10,10,0,0,0,1,0,0,18,1,0,6,13,4,12.25,0,0,6,15,5,11.0,0,11.1,0.6,2.02,Dropout,9,0.6666666666666666,0.8333333333333334,-1.25,1
STD_2851,1,9,2,15,1,1,1,1,1,5,5,1,0,0,0,0,0,20,0,0,6,6,0,0.0,0,0,6,0,0,0.0,0,8.9,1.4,3.51,Dropout,0,0.0,0.0,0.0,1
STD_4422,1,1,1,12,1,1,1,22,27,10,10,1,0,0,1,0,1,30,0,0,7,8,7,14.9125,0,0,8,9,1,13.5,0,13.9,-0.3,0.79,Dropout,8,1.0,0.125,-1.4124999999999996,1
STD_1278,2,12,1,9,1,1,1,22,27,10,10,0,0,0,0,0,0,35,0,0,5,8,4,12.5,1,0,5,8,5,11.8,0,9.4,-0.8,-3.12,Dropout,9,0.8,1.0,-0.6999999999999993,1
STD_1598,1,1,1,15,1,1,1,13,1,10,10,0,0,0,1,1,1,18,0,0,6,7,6,15.571428571428571,0,0,6,7,6,16.142857142857142,0,13.9,-0.3,0.79,Graduate,12,1.0,1.0,0.5714285714285712,0
STD_1064,1,1,1,12,1,1,1,13,1,5,5,0,0,0,1,0,0,18,0,0,8,8,8,14.445,0,0,8,8,8,14.445,0,9.4,-0.8,-3.12,Graduate,16,1.0,1.0,0.0,0
STD_3112,1,8,4,12,1,1,1,4,4,5,5,1,0,0,1,0,0,19,0,0,7,7,7,14.757142857142856,0,0,8,9,8,15.366666666666667,0,12.4,0.5,1.79,Graduate,15,1.0,1.0,0.6095238095238109,0
STD_3931,1,1,1,15,1,1,2,1,1,6,10,0,0,0,1,0,1,18,1,0,6,6,6,13.333333333333334,0,0,6,6,6,14.166666666666666,0,12.7,3.7,-1.7,Graduate,12,1.0,1.0,0.8333333333333321,0
STD_2494,2,12,1,4,1,1,1,22,27,9,8,0,0,0,1,1,0,31,0,0,6,10,6,15.0,0,0,6,11,5,12.5,0,13.9,-0.3,0.79,Graduate,11,1.0,0.8333333333333334,-2.5,0
STD_2874,5,13,1,11,1,2,1,22,27,5,10,0,0,0,1,0,0,32,0,9,15,21,13,12.692307692307692,0,12,15,22,13,12.384615384615383,0,10.8,1.4,1.74,Graduate,26,0.8666666666666667,0.8666666666666667,-0.3076923076923084,0
STD_3485,1,12,1,12,1,1,1,22,27,8,8,0,0,0,0,1,0,38,0,0,7,11,5,12.18,0,0,7,11,4,11.8125,0,11.1,0.6,2.02,Dropout,9,0.7142857142857143,0.5714285714285714,-0.3674999999999997,1
STD_1891,1,1,1,2,1,1,1,25,33,5,5,1,0,0,1,0,0,18,0,0,0,0,0,0.0,0,0,0,0,0,0.0,0,11.1,0.6,2.02,Graduate,0,0.0,0.0,0.0,0
STD_4383,1,1,1,12,1,1,1,1,1,10,10,0,0,0,1,0,0,19,0,0,8,8,7,15.0,0,0,8,8,7,15.0,0,12.7,3.7,-1.7,Graduate,14,0.875,0.875,0.0,0
STD_2781,1,1,3,12,1,1,1,23,28,6,8,1,0,0,1,0,1,18,0,0,7,8,7,13.778571428571428,0,0,8,10,8,13.122222222222222,0,16.2,0.3,-0.92,Graduate,15,1.0,1.0,-0.6563492063492067,0
STD_1770,1,16,1,9,1,1,1,3,3,3,3,0,0,1,1,1,0,32,0,2,7,16,3,12.0,0,3,8,10,3,10.333333333333334,0,8.9,1.4,3.51,Enrolled,6,0.42857142857142855,0.375,-1.666666666666666,0
STD_3639,2,1,4,12,1,1,1,23,28,6,6,1,0,0,1,0,0,18,0,0,7,10,7,14.455000000000002,0,0,8,8,8,13.91,0,15.5,2.8,-4.06,Graduate,15,1.0,1.0,-0.5450000000000017,0
STD_1678,5,12,1,17,0,1,1,1,1,4,4,0,0,0,1,1,1,35,0,0,5,10,4,10.5,0,0,5,6,5,12.6,0,8.9,1.4,3.51,Graduate,9,0.8,1.0,2.0999999999999996,0
STD_3569,1,8,5,7,1,1,1,1,14,10,10,1,0,0,1,1,0,20,0,0,5,10,3,13.333333333333334,0,0,5,11,5,13.571428571428571,0,12.4,0.5,1.79,Graduate,8,0.6,1.0,0.23809523809523725,0
STD_2539,1,6,1,14,1,1,12,27,1,3,8,0,1,1,1,0,0,20,1,0,6,6,6,13.5,0,0,6,9,5,13.0,0,8.9,1.4,3.51,Graduate,11,1.0,0.8333333333333334,-0.5,0
STD_1550,5,12,1,12,1,1,1,23,28,10,10,0,0,0,0,0,0,37,0,0,8,8,0,0.0,1,0,8,8,0,0.0,1,12.7,3.7,-1.7,Dropout,0,0.0,0.0,0.0,1
STD_4060,1,1,3,15,1,1,1,13,14,6,6,1,0,0,0,0,0,18,0,0,6,0,0,0.0,0,0,6,0,0,0.0,0,13.9,-0.3,0.79,Dropout,0,0.0,0.0,0.0,1
STD_2150,1,1,1,10,1,1,1,23,27,6,6,0,0,0,1,0,1,20,0,0,6,8,6,12.125,0,0,6,7,6,14.428571428571429,0,16.2,0.3,-0.92,Graduate,12,1.0,1.0,2.303571428571429,0
STD_1820,1,8,3,12,1,1,1,3,2,4,4,1,0,0,1,0,0,18,0,0,7,7,7,13.884285714285712,0,0,8,9,8,14.75,0,11.1,0.6,2.02,Dropout,15,1.0,1.0,0.8657142857142883,1
STD_4356,1,1,2,6,1,1,1,4,14,3,6,1,0,0,1,0,0,18,0,0,5,8,5,16.166666666666668,2,0,5,9,5,14.285714285714286,1,9.4,-0.8,-3.12,Graduate,10,1.0,1.0,-1.8809523809523814,0
STD_1761,1,1,2,10,1,1,1,13,14,29,36,1,0,1,1,0,0,20,0,0,6,7,6,12.666666666666666,0,0,6,7,6,11.833333333333334,0,8.9,1.4,3.51,Graduate,12,1.0,1.0,-0.8333333333333321,0
STD_3893,1,1,3,9,1,1,1,1,1,6,8,1,0,0,1,0,1,18,0,0,5,11,4,14.25,0,0,5,7,4,12.5,0,12.7,3.7,-1.7,Graduate,8,0.8,0.8,-1.75,0
STD_3331,1,1,1,10,1,1,1,1,14,10,10,0,0,0,1,1,1,20,0,0,6,11,5,11.142857142857142,0,0,6,9,6,11.571428571428571,0,16.2,0.3,-0.92,Graduate,11,0.8333333333333334,1.0,0.4285714285714288,0
STD_3298,1,12,1,12,1,1,1,13,14,4,8,0,0,1,0,0,0,26,0,0,7,11,4,12.86,0,0,7,10,5,11.566666666666668,0,12.4,0.5,1.79,Dropout,9,0.5714285714285714,0.7142857142857143,-1.2933333333333312,1
STD_3227,1,1,1,6,1,1,1,13,28,10,10,0,0,1,1,0,0,24,0,0,6,8,6,13.285714285714286,0,0,6,13,6,12.875,0,11.1,0.6,2.02,Graduate,12,1.0,1.0,-0.4107142857142865,0
STD_3774,1,12,1,6,1,12,1,22,27,10,10,1,0,1,0,0,1,26,0,0,6,7,0,0.0,0,0,6,6,0,0.0,0,13.9,-0.3,0.79,Dropout,0,0.0,0.0,0.0,1
STD_4027,1,12,1,4,1,1,1,22,27,10,6,0,0,0,1,0,0,41,0,8,12,17,12,11.833333333333334,0,3,12,22,9,12.7,0,15.5,2.8,-4.06,Graduate,21,1.0,0.75,0.8666666666666654,0
STD_3125,1,8,3,12,1,1,1,13,27,8,8,1,0,0,1,0,1,19,0,0,7,7,7,13.714285714285714,0,0,8,11,8,14.863636363636363,0,16.2,0.3,-0.92,Graduate,15,1.0,1.0,1.1493506493506498,0
STD_2379,1,14,1,17,0,1,1,3,4,3,3,0,0,0,0,1,0,26,0,8,12,12,8,11.25,0,3,8,8,3,11.333333333333334,0,7.6,2.6,0.32,Dropout,11,0.6666666666666666,0.375,0.08333333333333393,1
STD_0825,1,9,4,15,1,1,1,1,1,10,10,1,0,0,1,0,1,21,0,0,6,6,6,12.5,0,0,6,6,6,11.5,0,11.1,0.6,2.02,Graduate,12,1.0,1.0,-1.0,0
STD_2353,1,1,1,8,1,1,1,3,3,2,3,0,0,0,1,1,0,18,0,0,5,7,4,14.0,0,0,5,5,5,14.2,0,7.6,2.6,0.32,Graduate,9,0.8,1.0,0.1999999999999993,0
STD_4081,1,1,1,2,1,1,1,22,27,8,10,1,0,0,0,0,1,18,0,0,0,0,0,0.0,0,0,0,0,0,0.0,0,12.7,3.7,-1.7,Dropout,0,0.0,0.0,0.0,1
STD_0993,1,1,1,15,1,1,1,1,3,4,4,1,0,0,1,0,0,18,0,0,6,8,6,11.428571428571429,0,0,6,7,6,11.0,0,11.1,0.6,2.02,Dropout,12,1.0,1.0,-0.4285714285714288,1
STD_4136,1,1,1,3,0,1,1,23,28,10,8,1,0,0,1,0,0,28,0,0,6,8,5,12.8,0,0,6,8,5,11.0,0,9.4,-0.8,-3.12,Graduate,10,0.8333333333333334,0.8333333333333334,-1.8000000000000007,0
STD_2697,1,12,1,11,1,12,1,13,14,4,2,0,0,1,0,1,0,34,0,0,6,6,0,0.0,0,0,6,6,0,0.0,0,15.5,2.8,-4.06,Dropout,0,0.0,0.0,0.0,1
STD_0849,1,1,1,6,1,1,1,1,1,3,6,1,0,0,1,0,0,18,0,0,5,9,4,14.25,0,0,5,8,5,12.714285714285714,0,10.8,1.4,1.74,Enrolled,9,0.8,1.0,-1.5357142857142865,0
STD_2270,2,12,1,17,0,1,1,22,27,2,2,0,0,0,1,1,0,59,0,0,5,7,0,0.0,0,0,5,7,0,0.0,0,16.2,0.3,-0.92,Dropout,0,0.0,0.0,0.0,1
STD_0623,1,8,5,16,1,1,1,23,28,10,8,1,0,0,1,0,0,19,0,0,6,11,4,13.25,0,0,6,10,4,10.25,0,9.4,-0.8,-3.12,Dropout,8,0.6666666666666666,0.6666666666666666,-3.0,1
STD_1311,1,17,1,9,1,16,1,1,14,21,37,1,0,0,1,0,0,21,0,6,11,17,11,11.545454545454543,0,3,9,13,8,12.88888888888889,0,8.9,1.4,3.51,Graduate,19,1.0,0.8888888888888888,1.343434343434346,0
STD_0363,1,8,4,9,1,1,1,13,28,10,11,1,0,0,1,0,0,20,0,0,5,10,3,10.333333333333334,0,0,5,9,4,11.0,2,16.2,0.3,-0.92,Enrolled,7,0.6,0.8,0.6666666666666661,0
STD_2868,1,12,1,4,1,12,1,22,27,10,10,0,0,0,1,0,0,60,0,0,6,10,6,12.75,0,0,6,6,4,14.75,0,13.9,-0.3,0.79,Graduate,10,1.0,0.6666666666666666,2.0,0
STD_1241,1,14,1,17,0,1,1,22,27,10,10,0,0,0,0,1,0,32,0,5,9,9,5,11.4,0,4,4,4,4,11.0,0,10.8,1.4,1.74,Dropout,9,0.5555555555555556,1.0,-0.40000000000000036,1
STD_3032,1,14,1,12,1,1,1,23,3,6,3,0,0,0,1,0,0,21,0,3,7,8,7,13.3875,0,2,8,8,8,15.9,0,13.9,-0.3,0.79,Graduate,15,1.0,1.0,2.512500000000001,0
STD_0796,1,1,3,15,1,1,1,23,28,6,9,1,0,0,1,0,1,18,0,0,6,6,6,14.833333333333334,0,0,6,6,6,14.166666666666666,0,8.9,1.4,3.51,Graduate,12,1.0,1.0,-0.6666666666666679,0
STD_4169,1,1,2,15,1,1,1,19,28,1,6,1,0,0,1,0,0,20,0,0,6,10,4,10.5,0,0,6,8,4,11.75,0,7.6,2.6,0.32,Graduate,8,0.6666666666666666,0.6666666666666666,1.25,0
STD_1179,4,12,1,12,1,1,1,22,27,10,10,0,0,1,1,0,0,38,0,0,7,13,3,11.833333333333334,0,0,7,14,2,10.0,0,16.2,0.3,-0.92,Dropout,5,0.42857142857142855,0.2857142857142857,-1.833333333333334,1
STD_1284,1,1,1,7,1,1,1,13,14,5,5,0,0,0,1,1,1,18,0,0,5,6,5,17.333333333333332,0,0,5,8,5,18.571428571428573,0,12.4,0.5,1.79,Graduate,10,1.0,1.0,1.2380952380952408,0
STD_1939,1,12,1,6,1,1,1,13,14,5,11,0,0,0,1,0,0,24,0,1,6,11,5,13.0,0,1,6,12,1,12.0,0,13.9,-0.3,0.79,Dropout,6,0.8333333333333334,0.16666666666666666,-1.0,1
STD_1717,1,1,4,12,1,1,1,23,28,8,8,1,0,0,1,0,1,20,0,0,7,10,7,14.175,0,0,8,14,6,13.03125,0,15.5,2.8,-4.06,Graduate,13,1.0,0.75,-1.1437500000000007,0
STD_0120,1,1,1,9,1,1,1,2,14,5,6,0,0,0,1,0,0,18,0,0,5,5,5,12.6,0,0,5,5,5,14.0,0,11.1,0.6,2.02,Graduate,10,1.0,1.0,1.4000000000000004,0
STD_0874,1,1,1,13,1,1,1,1,1,2,2,0,0,0,1,1,1,21,0,0,7,14,5,11.2,0,0,8,11,6,11.583333333333334,0,16.2,0.3,-0.92,Enrolled,11,0.7142857142857143,0.75,0.38333333333333464,0
STD_1185,1,1,2,12,1,1,1,13,28,30,43,1,0,0,1,0,0,19,0,0,7,10,6,13.598333333333334,0,0,8,11,6,11.933333333333332,0,11.1,0.6,2.02,Enrolled,12,0.8571428571428571,0.75,-1.6650000000000027,0
STD_2202,1,12,1,12,1,1,1,23,3,10,2,0,0,0,1,1,0,24,0,0,7,11,7,11.294444444444444,0,0,8,22,2,12.6,0,15.5,2.8,-4.06,Graduate,9,1.0,0.25,1.3055555555555554,0
STD_3937,1,1,1,8,1,1,1,22,27,10,10,1,0,1,1,0,0,20,0,0,5,10,2,12.0,2,0,5,9,4,11.0,0,9.4,-0.8,-3.12,Dropout,6,0.4,0.8,-1.0,1
STD_0099,1,1,1,6,1,1,1,1,2,10,2,1,0,0,1,0,0,19,0,0,5,7,5,14.2,2,0,5,7,5,13.8,0,12.7,3.7,-1.7,Enrolled,10,1.0,1.0,-0.3999999999999986,0
STD_1244,1,13,1,6,1,14,1,13,3,10,2,1,0,0,1,0,0,21,0,2,6,14,5,13.666666666666666,0,2,6,10,5,13.0,0,16.2,0.3,-0.92,Graduate,10,0.8333333333333334,0.8333333333333334,-0.6666666666666661,0
STD_3326,1,1,1,2,1,1,1,1,3,3,3,0,0,0,1,1,0,19,0,4,10,10,5,11.0,0,2,7,8,2,10.0,0,8.9,1.4,3.51,Enrolled,7,0.5,0.2857142857142857,-1.0,0
STD_4219,1,8,3,15,1,1,1,1,14,6,8,0,0,0,1,0,0,18,0,0,6,6,6,13.5,0,0,6,6,6,13.333333333333334,0,12.4,0.5,1.79,Enrolled,12,1.0,1.0,-0.16666666666666607,0
STD_0219,1,12,1,3,0,1,1,1,14,6,5,0,0,0,1,0,1,27,0,0,6,16,1,10.0,0,0,6,13,0,0.0,0,8.9,1.4,3.51,Dropout,1,0.16666666666666666,0.0,-10.0,1
STD_1159,1,1,2,15,1,1,14,1,27,10,8,0,0,0,1,0,1,20,1,0,6,9,5,11.8,0,0,6,9,5,11.833333333333334,0,15.5,2.8,-4.06,Graduate,10,0.8333333333333334,0.8333333333333334,0.033333333333333215,0
STD_4001,2,12,1,7,1,1,1,19,24,10,10,0,0,0,0,1,0,34,0,0,5,5,0,0.0,0,0,5,5,0,0.0,0,15.5,2.8,-4.06,Dropout,0,0.0,0.0,0.0,1
STD_2313,1,1,1,9,1,1,1,19,14,1,5,1,0,0,1,1,1,18,0,0,5,7,4,12.75,0,0,5,5,0,0.0,0,7.6,2.6,0.32,Dropout,4,0.8,0.0,-12.75,1
STD_1030,1,1,4,12,1,1,1,1,1,10,10,1,0,0,1,0,1,19,0,0,8,8,7,13.314285714285717,0,0,8,8,7,13.314285714285717,0,12.7,3.7,-1.7,Graduate,14,0.875,0.875,0.0,0
STD_2623,1,16,1,3,0,16,1,13,27,19,44,1,0,1,1,0,1,21,0,13,13,13,11,12.727272727272728,0,9,11,11,10,12.6,0,8.9,1.4,3.51,Graduate,21,0.8461538461538461,0.9090909090909091,-0.12727272727272876,0
STD_0423,1,15,1,6,1,14,1,1,2,5,7,1,0,0,1,0,0,29,0,0,6,0,0,0.0,0,0,6,0,0,0.0,0,15.5,2.8,-4.06,Dropout,0,0.0,0.0,0.0,1
STD_3180,1,14,1,12,1,1,1,13,28,10,8,1,0,0,1,1,1,19,0,0,7,8,5,11.2,0,0,7,8,5,11.2,0,7.6,2.6,0.32,Enrolled,10,0.7142857142857143,0.7142857142857143,0.0,0
STD_1615,2,12,1,3,0,1,1,23,27,6,4,0,0,0,1,0,1,36,0,0,6,6,6,11.833333333333334,0,0,6,6,6,11.5,0,10.8,1.4,1.74,Graduate,12,1.0,1.0,-0.3333333333333339,0
STD_0757,1,6,1,14,1,1,14,1,1,10,6,0,0,1,0,1,0,18,1,0,6,6,4,11.25,0,0,6,7,3,12.333333333333334,0,8.9,1.4,3.51,Dropout,7,0.6666666666666666,0.5,1.083333333333334,1
STD_2919,1,14,1,17,0,2,1,22,27,10,10,0,0,0,1,0,0,38,0,14,15,16,14,10.928571428571429,0,12,14,16,12,11.833333333333334,0,9.4,-0.8,-3.12,Dropout,26,0.9333333333333333,0.8571428571428571,0.9047619047619051,1
STD_2741,1,1,2,5,1,1,1,13,28,10,10,1,0,0,1,0,1,19,0,0,6,6,6,14.166666666666666,0,0,6,8,6,12.375,0,10.8,1.4,1.74,Graduate,12,1.0,1.0,-1.791666666666666,0
STD_4006,2,12,1,6,1,1,1,22,27,12,11,0,0,0,1,1,0,34,0,0,6,0,0,0.0,0,0,6,0,0,0.0,0,10.8,1.4,1.74,Dropout,0,0.0,0.0,0.0,1
STD_3083,1,9,1,5,1,1,1,23,28,8,6,0,0,0,1,0,1,19,0,6,12,12,11,13.090909090909092,0,5,11,12,11,12.083333333333334,0,10.8,1.4,1.74,Graduate,22,0.9166666666666666,1.0,-1.0075757575757578,0
STD_2224,1,8,1,2,1,1,1,23,27,5,7,0,0,0,0,1,0,20,0,0,0,0,0,0.0,0,0,0,0,0,0.0,0,9.4,-0.8,-3.12,Dropout,0,0.0,0.0,0.0,1
STD_1002,1,1,5,14,1,1,1,13,28,10,10,1,0,0,0,0,0,18,0,0,6,0,0,0.0,0,0,6,0,0,0.0,0,8.9,1.4,3.51,Dropout,0,0.0,0.0,0.0,1
STD_1603,1,1,2,11,1,1,1,1,14,5,2,1,0,0,1,1,0,18,0,0,6,12,5,11.0,0,0,6,11,3,10.333333333333334,0,9.4,-0.8,-3.12,Enrolled,8,0.8333333333333334,0.5,-0.6666666666666661,0
STD_1059,1,12,1,14,1,9,1,1,14,2,6,1,0,1,0,0,0,25,0,0,5,5,5,11.2,0,0,5,5,4,11.25,0,9.4,-0.8,-3.12,Dropout,9,1.0,0.8,0.05000000000000071,1
STD_3508,1,1,1,14,1,1,1,1,1,5,10,0,0,0,1,1,0,19,0,0,5,6,5,11.5,0,0,5,5,5,11.6,0,9.4,-0.8,-3.12,Graduate,10,1.0,1.0,0.09999999999999964,0
STD_4398,1,3,4,16,1,1,1,3,28,4,9,1,0,0,1,0,0,21,0,0,6,9,5,12.6,0,0,6,9,3,11.666666666666666,0,9.4,-0.8,-3.12,Enrolled,8,0.8333333333333334,0.5,-0.9333333333333336,0
STD_2684,1,8,1,6,1,1,1,1,14,6,10,0,0,0,1,1,0,22,0,0,5,8,3,13.0,0,0,5,8,3,10.666666666666666,0,7.6,2.6,0.32,Graduate,6,0.6,0.6,-2.333333333333334,0
STD_2971,1,14,2,10,1,1,1,13,14,5,6,1,0,0,1,0,0,24,0,6,10,16,10,12.5,0,2,7,9,4,12.6,0,16.2,0.3,-0.92,Graduate,14,1.0,0.5714285714285714,0.09999999999999964,0
STD_4144,1,12,1,13,1,1,1,13,28,10,9,0,0,0,1,0,0,24,0,0,7,15,5,12.4,0,0,8,14,7,12.15,0,12.4,0.5,1.79,Enrolled,12,0.7142857142857143,0.875,-0.25,0
STD_3167,1,8,2,16,1,1,1,3,1,3,4,1,0,0,1,0,0,18,0,0,6,7,2,14.5,0,0,6,6,1,10.0,0,15.5,2.8,-4.06,Dropout,3,0.3333333333333333,0.16666666666666666,-4.5,1
STD_0703,1,4,1,13,1,4,1,5,5,3,3,1,0,0,1,1,0,43,0,4,4,4,4,13.875,0,1,1,1,1,12.5,0,11.1,0.6,2.02,Dropout,5,1.0,1.0,-1.375,1
STD_3017,1,17,1,6,1,16,1,1,14,5,9,1,0,0,1,0,0,20,0,7,11,13,11,14.615384615384617,0,4,9,11,9,13.7,0,8.9,1.4,3.51,Graduate,20,1.0,1.0,-0.9153846153846175,0
STD_0721,1,14,1,1,1,12,1,23,28,5,5,0,0,1,1,1,0,35,0,3,10,18,6,12.666666666666666,0,1,9,11,3,12.0,2,16.2,0.3,-0.92,Dropout,9,0.6,0.3333333333333333,-0.6666666666666661,1
STD_2176,1,1,1,2,1,1,1,13,28,10,2,1,0,0,1,0,0,18,0,0,0,0,0,0.0,0,0,0,0,0,0.0,0,9.4,-0.8,-3.12,Graduate,0,0.0,0.0,0.0,0
STD_3806,2,14,1,17,0,1,1,22,27,10,10,1,0,0,1,0,0,38,0,4,10,14,4,10.75,0,2,10,10,2,10.0,0,7.6,2.6,0.32,Dropout,6,0.4,0.2,-0.75,1
STD_3220,1,12,1,17,0,1,1,1,27,10,9,0,0,0,1,0,0,26,0,0,1,2,0,0.0,0,0,5,8,0,0.0,0,16.2,0.3,-0.92,Dropout,0,0.0,0.0,0.0,1
STD_0452,1,1,4,12,1,1,1,22,27,10,9,1,0,0,1,0,1,18,0,0,8,8,7,13.381428571428572,0,0,8,8,7,13.381428571428572,0,10.8,1.4,1.74,Graduate,14,0.875,0.875,0.0,0
STD_4238,1,1,4,12,1,1,1,13,27,8,8,1,0,0,1,1,0,20,0,0,7,7,6,13.016666666666666,0,0,7,7,6,13.016666666666666,0,7.6,2.6,0.32,Enrolled,12,0.8571428571428571,0.8571428571428571,0.0,0
STD_3544,1,8,1,6,1,1,1,13,28,5,9,0,0,0,0,1,0,19,0,0,6,11,5,13.6,0,0,6,11,5,13.666666666666666,0,11.1,0.6,2.02,Enrolled,10,0.8333333333333334,0.8333333333333334,0.06666666666666643,0
STD_1567,1,8,5,12,1,1,1,13,28,10,6,1,0,0,1,0,1,18,0,0,7,8,7,14.85,0,0,8,9,8,15.61111111111111,0,13.9,-0.3,0.79,Graduate,15,1.0,1.0,0.7611111111111111,0
STD_3610,1,1,1,2,1,1,1,1,27,10,10,0,0,1,1,1,0,19,0,0,0,0,0,0.0,0,0,0,0,0,0.0,0,15.5,2.8,-4.06,Enrolled,0,0.0,0.0,0.0,0
STD_1231,1,1,1,10,1,1,1,13,28,6,7,0,0,0,1,0,1,22,0,0,6,10,5,10.714285714285714,0,0,6,10,5,12.2,0,12.7,3.7,-1.7,Graduate,10,0.8333333333333334,0.8333333333333334,1.4857142857142858,0
STD_2557,1,6,1,9,1,1,12,1,1,3,4,0,0,0,1,0,0,19,1,0,5,10,4,12.0,0,0,5,6,5,11.4,0,11.1,0.6,2.02,Graduate,9,0.8,1.0,-0.5999999999999996,0
STD_1869,1,1,3,2,1,1,1,22,14,10,9,1,0,0,1,1,1,20,0,6,12,12,12,14.583333333333334,0,4,11,14,11,14.333333333333334,0,8.9,1.4,3.51,Graduate,23,1.0,1.0,-0.25,0
STD_3329,5,12,1,7,1,1,1,22,27,10,10,0,0,1,1,1,1,34,0,0,5,14,1,17.0,0,0,5,10,2,11.0,0,9.4,-0.8,-3.12,Enrolled,3,0.2,0.4,-6.0,0
STD_1020,1,8,3,15,1,1,1,1,1,5,10,1,0,1,1,0,1,19,0,0,6,6,6,11.833333333333334,0,0,6,7,6,12.285714285714286,0,15.5,2.8,-4.06,Graduate,12,1.0,1.0,0.45238095238095255,0
STD_3695,1,8,1,2,1,1,1,1,1,10,10,1,0,0,1,1,0,18,0,0,0,0,0,0.0,0,0,0,0,0,0.0,0,12.7,3.7,-1.7,Dropout,0,0.0,0.0,0.0,1
STD_3402,1,1,1,14,1,1,1,22,14,8,8,0,0,0,1,0,0,20,0,0,6,9,6,13.571428571428571,0,0,6,10,5,13.6,0,15.5,2.8,-4.06,Enrolled,11,1.0,0.8333333333333334,0.02857142857142847,0
STD_0085,2,12,1,3,0,1,1,22,27,10,7,1,0,0,1,0,0,33,0,0,6,7,6,11.0,0,0,6,11,5,11.0,0,9.4,-0.8,-3.12,Graduate,11,1.0,0.8333333333333334,0.0,0
STD_2125,1,1,1,2,1,1,1,5,3,4,4,0,0,0,1,0,0,18,0,0,0,0,0,0.0,0,0,0,0,0,0.0,0,13.9,-0.3,0.79,Graduate,0,0.0,0.0,0.0,0
STD_2426,1,12,2,9,1,13,1,13,28,10,10,0,0,0,0,1,0,26,0,0,4,4,0,0.0,0,0,5,0,0,0.0,0,12.7,3.7,-1.7,Dropout,0,0.0,0.0,0.0,1
STD_2947,1,15,1,16,1,14,1,3,27,3,8,0,0,0,1,0,0,19,0,0,6,0,0,0.0,0,0,6,0,0,0.0,0,12.4,0.5,1.79,Dropout,0,0.0,0.0,0.0,1
STD_3848,1,8,1,15,1,1,1,1,23,4,4,0,0,0,0,1,0,20,0,0,6,10,0,0.0,0,0,5,10,0,0.0,0,10.8,1.4,1.74,Dropout,0,0.0,0.0,0.0,1
STD_4157,1,1,3,12,1,1,1,22,27,10,10,1,0,0,1,0,1,18,0,0,8,8,7,13.242857142857144,0,0,8,8,7,13.242857142857144,0,12.7,3.7,-1.7,Enrolled,14,0.875,0.875,0.0,0
STD_0636,1,8,5,10,1,1,1,22,27,8,6,1,0,0,1,0,1,19,0,0,6,8,6,12.125,0,0,6,7,6,12.714285714285714,0,16.2,0.3,-0.92,Graduate,12,1.0,1.0,0.5892857142857135,0
STD_4054,1,14,1,5,1,1,1,2,3,4,3,0,0,0,1,0,0,19,0,1,6,6,5,12.4,0,0,6,8,6,12.75,0,10.8,1.4,1.74,Enrolled,11,0.8333333333333334,1.0,0.34999999999999964,0
STD_1501,1,1,1,5,1,1,1,23,27,4,4,0,0,0,1,1,0,18,0,0,6,6,6,14.0,0,0,6,7,6,13.857142857142858,0,8.9,1.4,3.51,Graduate,12,1.0,1.0,-0.14285714285714235,0
STD_0704,2,12,1,17,0,1,1,22,27,10,10,1,0,0,1,1,0,32,0,0,5,5,0,0.0,0,0,5,5,0,0.0,0,7.6,2.6,0.32,Dropout,0,0.0,0.0,0.0,1
STD_0384,1,1,1,16,1,1,1,13,14,6,6,0,0,0,1,0,1,19,0,0,6,7,6,13.428571428571429,0,0,6,6,6,13.166666666666666,0,15.5,2.8,-4.06,Graduate,12,1.0,1.0,-0.26190476190476275,0
STD_0315,1,16,1,9,1,1,1,1,1,5,5,0,0,0,1,0,0,25,0,0,5,12,2,10.5,0,0,5,5,0,0.0,0,11.1,0.6,2.02,Dropout,2,0.4,0.0,-10.5,1
STD_3574,1,1,2,7,1,1,1,13,14,10,10,1,0,0,1,1,0,18,0,0,5,5,0,0.0,0,0,5,5,0,0.0,0,9.4,-0.8,-3.12,Enrolled,0,0.0,0.0,0.0,0
STD_0509,1,1,1,8,1,1,1,5,5,3,3,0,0,0,1,0,0,18,0,0,5,12,4,13.0,2,0,5,6,5,14.0,0,9.4,-0.8,-3.12,Dropout,9,0.8,1.0,1.0,1
STD_0012,1,1,1,12,1,1,1,13,28,10,10,1,0,0,1,0,1,18,0,0,8,8,7,13.214285714285714,0,0,8,8,7,13.214285714285714,0,12.7,3.7,-1.7,Graduate,14,0.875,0.875,0.0,0
STD_1923,1,1,1,16,1,1,1,13,1,10,2,0,0,0,1,0,0,18,0,0,6,8,5,12.8,0,0,6,14,3,10.0,0,9.4,-0.8,-3.12,Enrolled,8,0.8333333333333334,0.5,-2.8000000000000007,0
STD_4170,1,1,1,15,1,1,1,22,27,1,6,1,0,0,1,0,0,20,0,0,4,8,0,0.0,0,0,4,8,0,0.0,0,7.6,2.6,0.32,Dropout,0,0.0,0.0,0.0,1
STD_0803,1,8,4,9,1,1,1,13,14,6,6,1,0,0,1,0,0,19,0,0,5,7,5,13.6,0,0,5,6,5,12.2,0,8.9,1.4,3.51,Graduate,10,1.0,1.0,-1.4000000000000004,0
STD_1858,1,6,1,10,1,1,12,13,1,10,10,1,0,1,0,1,0,22,1,0,6,10,5,11.5,0,0,6,8,5,12.4,0,13.9,-0.3,0.79,Graduate,10,0.8333333333333334,0.8333333333333334,0.9000000000000004,0
STD_2453,1,1,1,6,1,1,1,1,1,10,10,1,0,0,1,1,0,19,0,0,5,9,5,12.6,1,0,5,8,4,12.0,0,12.7,3.7,-1.7,Graduate,9,1.0,0.8,-0.5999999999999996,0
STD_0261,1,1,1,11,1,1,1,22,28,10,8,0,0,0,1,0,1,20,0,0,6,8,6,11.166666666666666,0,0,6,10,5,10.6,0,15.5,2.8,-4.06,Graduate,11,1.0,0.8333333333333334,-0.5666666666666664,0
STD_3156,1,1,2,9,1,1,1,22,27,10,10,0,0,0,1,0,0,18,0,0,5,8,2,10.0,0,0,5,9,3,11.333333333333334,0,7.6,2.6,0.32,Enrolled,5,0.4,0.6,1.333333333333334,0
STD_0988,1,8,1,5,1,1,1,1,1,6,1,1,0,0,1,1,0,18,0,0,6,7,5,10.8,1,0,6,6,0,0.0,0,7.6,2.6,0.32,Dropout,5,0.8333333333333334,0.0,-10.8,1
STD_1645,1,8,4,11,1,1,1,3,3,4,4,1,0,0,1,0,0,20,0,0,5,5,5,11.4,0,0,6,11,1,11.0,0,10.8,1.4,1.74,Dropout,6,1.0,0.16666666666666666,-0.40000000000000036,1
STD_2179,1,8,1,12,1,1,1,1,1,6,6,0,1,0,1,0,0,18,0,0,7,7,7,13.642857142857142,0,0,8,11,8,14.772727272727272,0,16.2,0.3,-0.92,Graduate,15,1.0,1.0,1.1298701298701292,0
STD_4233,1,14,1,14,1,1,1,1,28,5,5,0,0,1,0,0,0,19,0,0,6,13,3,10.666666666666666,0,0,6,6,4,12.25,0,15.5,2.8,-4.06,Dropout,7,0.5,0.6666666666666666,1.583333333333334,1
STD_0392,1,12,1,12,1,1,1,1,14,6,4,0,1,0,1,0,0,26,0,0,7,11,5,11.2,0,0,8,13,5,12.14,0,16.2,0.3,-0.92,Enrolled,10,0.7142857142857143,0.625,0.9400000000000013,0
STD_1538,1,1,1,10,1,1,1,23,14,10,11,1,0,0,1,0,1,18,0,0,6,6,6,12.666666666666666,0,0,6,6,6,12.0,0,9.4,-0.8,-3.12,Graduate,12,1.0,1.0,-0.6666666666666661,0
STD_2949,1,1,6,16,1,1,1,1,14,6,6,0,0,0,1,0,0,18,0,0,6,6,6,12.666666666666666,0,0,6,6,6,12.0,0,7.6,2.6,0.32,Graduate,12,1.0,1.0,-0.6666666666666661,0
STD_2709,1,3,3,5,1,1,1,3,1,10,7,1,0,0,1,0,0,18,0,0,6,6,6,12.666666666666666,0,0,6,8,6,14.125,0,10.8,1.4,1.74,Graduate,12,1.0,1.0,1.458333333333334,0
STD_0942,1,1,1,10,1,1,1,22,14,10,5,1,0,0,1,0,1,19,0,0,6,8,6,14.0,0,0,6,8,6,12.285714285714286,0,16.2,0.3,-0.92,Graduate,12,1.0,1.0,-1.7142857142857135,0
STD_3885,1,4,1,12,1,3,1,1,27,10,6,0,0,0,1,0,0,30,0,0,8,8,7,15.675714285714283,0,0,8,8,7,15.675714285714283,0,10.8,1.4,1.74,Graduate,14,0.875,0.875,0.0,0
STD_2172,1,15,1,6,1,14,1,1,14,5,5,0,0,0,1,0,0,21,0,2,6,9,6,13.142857142857142,0,0,6,9,6,12.166666666666666,0,13.9,-0.3,0.79,Graduate,12,1.0,1.0,-0.9761904761904763,0
STD_4015,1,8,1,12,1,1,1,13,28,8,8,1,0,0,1,0,1,18,0,0,7,7,7,14.838571428571427,0,0,8,9,8,14.8,0,12.4,0.5,1.79,Graduate,15,1.0,1.0,-0.03857142857142648,0
STD_2700,1,1,1,12,1,1,1,22,27,10,10,0,0,0,1,1,0,18,0,0,8,8,7,13.4,0,0,8,8,7,13.4,0,12.7,3.7,-1.7,Graduate,14,0.875,0.875,0.0,0
STD_3755,1,12,1,6,1,12,1,13,27,8,12,0,0,0,1,0,0,26,0,0,5,11,1,12.0,1,0,5,12,0,0.0,4,10.8,1.4,1.74,Dropout,1,0.2,0.0,-12.0,1
STD_0997,1,1,3,12,1,1,1,3,1,19,26,1,0,0,1,0,1,20,0,0,7,10,5,14.46,0,0,7,8,6,13.55,0,12.4,0.5,1.79,Enrolled,11,0.7142857142857143,0.8571428571428571,-0.9100000000000001,0
STD_2334,1,1,6,2,1,1,1,8,8,5,5,1,0,0,1,1,1,18,0,0,0,0,0,0.0,0,0,0,0,0,0.0,0,9.4,-0.8,-3.12,Dropout,0,0.0,0.0,0.0,1
STD_4412,1,15,1,8,1,14,1,22,27,10,4,1,0,0,1,1,0,21,0,1,6,8,6,12.5,0,0,6,11,3,13.333333333333334,0,13.9,-0.3,0.79,Dropout,9,1.0,0.5,0.8333333333333339,1
STD_2276,1,1,2,17,0,1,1,1,3,5,3,0,0,0,0,1,0,22,0,0,5,7,3,11.666666666666666,0,0,5,8,2,10.5,2,7.6,2.6,0.32,Dropout,5,0.6,0.4,-1.166666666666666,1
STD_2813,1,8,5,12,1,1,1,1,1,5,4,1,0,0,1,0,0,18,0,0,7,7,7,13.19,0,0,8,8,8,14.23125,0,11.1,0.6,2.02,Graduate,15,1.0,1.0,1.0412499999999998,0
STD_0783,1,1,1,12,1,1,1,13,27,4,9,0,0,0,1,0,1,18,0,0,7,10,7,14.668,0,0,8,8,8,14.63375,0,15.5,2.8,-4.06,Graduate,15,1.0,1.0,-0.034250000000000114,0
STD_0486,1,8,1,16,1,1,1,1,27,8,10,0,0,0,1,0,1,18,0,0,6,7,6,12.666666666666666,0,0,6,7,5,12.2,0,10.8,1.4,1.74,Graduate,11,1.0,0.8333333333333334,-0.4666666666666668,0
STD_0498,1,8,1,11,1,1,1,1,14,5,4,1,0,0,1,0,0,18,0,0,6,10,5,11.8,0,0,6,10,5,12.2,0,11.1,0.6,2.02,Graduate,10,0.8333333333333334,0.8333333333333334,0.3999999999999986,0
STD_2836,2,14,1,9,1,1,1,13,27,8,11,0,0,0,1,0,0,34,0,12,15,17,12,11.916666666666666,0,11,13,13,11,13.181818181818182,0,7.6,2.6,0.32,Graduate,23,0.8,0.8461538461538461,1.2651515151515156,0
STD_0589,1,1,3,11,1,1,1,22,27,10,4,1,0,0,1,0,0,19,0,0,6,12,6,11.666666666666666,0,0,6,14,3,12.0,0,7.6,2.6,0.32,Graduate,9,1.0,0.5,0.3333333333333339,0
STD_0901,1,8,1,9,1,1,1,13,14,10,8,0,0,0,1,0,0,19,0,0,5,7,2,10.0,0,0,5,11,2,14.0,0,10.8,1.4,1.74,Dropout,4,0.4,0.4,4.0,1
STD_2178,1,14,1,3,0,6,1,19,24,1,1,0,0,1,1,0,0,29,0,1,6,9,4,12.0,0,1,6,13,2,10.5,0,7.6,2.6,0.32,Dropout,6,0.6666666666666666,0.3333333333333333,-1.5,1
STD_2158,1,15,1,6,1,14,1,22,14,10,11,1,0,0,1,0,0,22,0,1,6,13,6,15.0,0,1,6,7,6,13.142857142857142,0,16.2,0.3,-0.92,Graduate,12,1.0,1.0,-1.8571428571428577,0
STD_0272,1,1,2,9,1,1,1,1,14,10,10,1,0,0,0,0,0,20,0,0,5,10,2,10.0,0,0,5,12,1,13.0,0,7.6,2.6,0.32,Dropout,3,0.4,0.2,3.0,1
STD_1697,1,8,1,5,1,1,1,13,28,5,6,1,0,0,1,1,0,22,0,0,6,7,5,11.4,0,0,6,6,6,12.166666666666666,0,7.6,2.6,0.32,Graduate,11,0.8333333333333334,1.0,0.7666666666666657,0
STD_0232,1,12,1,11,1,3,1,13,14,5,7,0,0,0,1,0,0,38,0,0,6,0,0,0.0,0,0,6,0,0,0.0,0,15.5,2.8,-4.06,Dropout,0,0.0,0.0,0.0,1
STD_2681,4,14,1,12,1,12,1,19,24,1,1,0,0,0,1,1,0,30,0,11,14,26,12,12.52608695652174,1,11,14,26,12,12.52608695652174,1,7.6,2.6,0.32,Graduate,24,0.8571428571428571,0.8571428571428571,0.0,0
STD_1575,5,4,1,17,0,2,1,22,27,7,7,0,0,0,1,0,0,46,0,6,8,12,8,12.375,0,4,9,11,5,12.4,0,8.9,1.4,3.51,Graduate,13,1.0,0.5555555555555556,0.025000000000000355,0
STD_2147,1,1,1,5,1,1,1,22,27,10,7,0,0,0,1,0,1,19,0,0,6,7,5,13.4,0,0,6,6,6,12.833333333333334,0,15.5,2.8,-4.06,Graduate,11,0.8333333333333334,1.0,-0.5666666666666664,0
STD_3319,1,14,1,17,0,1,1,22,27,10,10,0,0,1,0,1,0,28,0,4,9,14,4,10.0,0,1,6,6,1,10.0,0,12.7,3.7,-1.7,Dropout,5,0.4444444444444444,0.16666666666666666,0.0,1
STD_0953,1,15,1,4,1,14,1,1,14,5,9,0,0,0,1,1,0,20,0,0,6,7,6,13.571428571428571,0,0,6,6,6,12.666666666666666,0,12.4,0.5,1.79,Graduate,12,1.0,1.0,-0.9047619047619051,0
STD_1039,1,13,1,6,1,1,1,1,28,5,10,1,0,0,1,0,1,20,0,1,2,2,2,12.0,0,1,6,11,6,12.833333333333334,0,13.9,-0.3,0.79,Graduate,8,1.0,1.0,0.8333333333333339,0
STD_4036,2,4,1,8,1,2,1,13,14,5,9,1,0,0,1,1,0,37,0,0,6,9,0,0.0,0,0,6,6,0,0.0,0,16.2,0.3,-0.92,Dropout,0,0.0,0.0,0.0,1
STD_0420,1,1,4,12,1,1,1,1,14,5,6,0,0,0,1,0,0,18,0,0,7,0,0,0.0,0,0,8,0,0,0.0,0,12.7,3.7,-1.7,Dropout,0,0.0,0.0,0.0,1
STD_0915,1,12,1,12,1,1,1,22,27,10,7,0,0,0,1,0,0,32,0,0,7,0,0,0.0,0,0,8,0,0,0.0,0,13.9,-0.3,0.79,Dropout,0,0.0,0.0,0.0,1
STD_2680,1,12,1,17,0,1,1,22,28,28,16,0,0,0,1,1,0,34,0,0,5,5,5,15.8,0,0,5,5,5,16.8,0,8.9,1.4,3.51,Graduate,10,1.0,1.0,1.0,0
STD_2409,1,9,1,17,0,1,1,28,30,3,3,0,0,0,1,1,0,22,0,0,5,0,0,0.0,0,0,5,0,0,0.0,0,8.9,1.4,3.51,Dropout,0,0.0,0.0,0.0,1
STD_0468,1,14,6,10,1,1,1,19,24,1,1,0,0,0,1,0,1,23,0,15,16,18,16,13.0,0,11,13,15,13,13.266666666666667,0,9.4,-0.8,-3.12,Graduate,29,1.0,1.0,0.2666666666666675,0
STD_2380,1,1,1,8,1,1,1,2,27,10,8,1,0,0,1,1,1,18,0,0,6,7,6,13.5,0,0,6,8,6,12.5,0,12.4,0.5,1.79,Graduate,12,1.0,1.0,-1.0,0
STD_2976,5,14,1,17,0,3,1,3,3,2,2,0,0,0,1,0,0,41,0,5,10,14,10,14.636363636363637,0,5,10,13,10,14.6,0,16.2,0.3,-0.92,Graduate,20,1.0,1.0,-0.03636363636363704,0
STD_2953,2,12,2,14,1,1,1,22,27,10,10,0,0,0,1,0,0,35,0,0,5,8,5,11.4,0,0,5,7,3,12.333333333333334,0,9.4,-0.8,-3.12,Enrolled,8,1.0,0.6,0.9333333333333336,0
STD_3334,1,12,2,14,1,12,1,19,24,1,1,1,0,0,0,1,0,27,0,0,5,8,1,11.0,0,0,5,6,3,10.666666666666666,1,7.6,2.6,0.32,Dropout,4,0.2,0.6,-0.3333333333333339,1
STD_0566,1,12,1,14,1,1,1,13,14,4,10,0,0,0,1,1,0,27,0,0,6,7,6,14.0,0,0,6,7,6,14.714285714285714,0,8.9,1.4,3.51,Graduate,12,1.0,1.0,0.7142857142857135,0
STD_3943,1,8,3,10,1,1,1,3,3,3,3,1,0,0,1,0,0,19,0,0,6,10,6,12.0,0,0,6,12,4,11.0,0,12.7,3.7,-1.7,Graduate,10,1.0,0.6666666666666666,-1.0,0
STD_1269,1,17,1,17,0,1,1,23,28,29,44,0,0,1,1,0,0,23,0,6,11,18,8,12.375,0,3,9,15,5,12.6,0,8.9,1.4,3.51,Enrolled,13,0.7272727272727273,0.5555555555555556,0.22499999999999964,0
STD_0936,1,1,3,2,1,1,1,1,1,4,4,1,0,0,1,0,0,20,0,6,12,12,12,13.25,0,4,11,14,11,14.333333333333334,0,8.9,1.4,3.51,Graduate,23,1.0,1.0,1.083333333333334,0
STD_2648,1,15,1,4,1,14,1,23,28,10,6,0,0,1,0,1,0,20,0,0,6,16,4,11.8,0,0,6,15,2,12.0,0,16.2,0.3,-0.92,Dropout,6,0.6666666666666666,0.3333333333333333,0.1999999999999993,1
STD_0576,2,12,1,6,1,7,1,1,1,5,5,1,0,0,0,1,0,29,0,0,5,12,0,0.0,4,0,5,8,0,0.0,1,9.4,-0.8,-3.12,Dropout,0,0.0,0.0,0.0,1
STD_0211,1,1,2,12,1,1,1,23,1,8,5,1,0,0,1,0,1,18,0,0,8,8,7,12.642857142857142,0,0,8,8,7,12.642857142857142,0,12.7,3.7,-1.7,Graduate,14,0.875,0.875,0.0,0
STD_0128,1,1,1,16,1,1,1,13,28,10,4,1,0,0,1,0,1,18,0,0,6,8,5,12.8,0,0,6,7,5,13.4,0,9.4,-0.8,-3.12,Enrolled,10,0.8333333333333334,0.8333333333333334,0.5999999999999996,0
STD_3394,1,1,1,9,1,1,1,22,28,10,10,0,0,0,1,0,1,19,0,0,5,7,5,12.2,0,0,5,6,5,11.2,0,11.1,0.6,2.02,Graduate,10,1.0,1.0,-1.0,0
STD_1222,1,1,1,12,1,1,1,13,1,10,6,0,0,0,1,0,1,18,0,0,7,7,7,14.604285714285712,0,0,8,9,8,15.68333333333333,0,11.1,0.6,2.02,Graduate,15,1.0,1.0,1.0790476190476177,0
STD_2546,1,1,3,15,1,1,1,3,1,3,9,1,0,0,1,0,0,18,0,0,6,6,6,16.0,0,0,6,7,6,14.333333333333334,0,12.4,0.5,1.79,Graduate,12,1.0,1.0,-1.666666666666666,0
STD_2914,1,1,2,10,1,1,1,14,21,1,9,1,0,0,1,0,0,19,0,0,6,8,6,14.375,0,0,6,8,6,14.75,0,7.6,2.6,0.32,Graduate,12,1.0,1.0,0.375,0
STD_1113,1,1,2,12,1,1,1,23,14,10,8,1,0,0,1,0,1,20,0,0,7,10,5,12.62,0,0,7,8,6,12.5,0,11.1,0.6,2.02,Enrolled,11,0.7142857142857143,0.8571428571428571,-0.11999999999999922,0
STD_3335,1,1,6,15,1,1,1,23,28,10,10,1,0,0,1,1,0,19,0,0,6,10,4,13.25,0,0,6,13,5,11.8,0,7.6,2.6,0.32,Graduate,9,0.6666666666666666,0.8333333333333334,-1.4499999999999993,0
STD_0205,1,8,2,10,1,1,1,13,27,10,9,0,0,0,1,0,1,18,0,0,6,11,5,11.142857142857142,0,0,6,11,4,11.25,0,16.2,0.3,-0.92,Graduate,9,0.8333333333333334,0.6666666666666666,0.10714285714285765,0
STD_2308,4,14,2,17,0,13,1,3,1,3,10,0,0,0,1,1,0,39,0,0,2,5,0,0.0,0,0,4,4,0,0.0,0,10.8,1.4,1.74,Dropout,0,0.0,0.0,0.0,1
STD_2555,1,9,4,7,1,1,1,13,28,32,39,1,0,1,1,1,0,18,0,0,5,11,3,10.666666666666666,0,0,5,9,3,11.333333333333334,0,8.9,1.4,3.51,Enrolled,6,0.6,0.6,0.6666666666666679,0
STD_4029,1,1,1,5,1,1,1,1,28,5,6,0,0,1,1,0,0,19,0,0,6,6,6,13.833333333333334,0,0,6,8,6,13.875,0,10.8,1.4,1.74,Graduate,12,1.0,1.0,0.041666666666666075,0
STD_2295,1,8,1,2,1,1,1,1,27,5,10,0,0,0,0,1,0,21,0,0,0,0,0,0.0,0,0,0,0,0,0.0,0,7.6,2.6,0.32,Dropout,0,0.0,0.0,0.0,1
STD_3434,1,8,6,12,1,1,1,13,27,5,10,1,0,0,1,0,0,19,0,0,7,7,7,13.642857142857142,0,0,8,8,8,14.3875,0,13.9,-0.3,0.79,Dropout,15,1.0,1.0,0.7446428571428569,1
STD_0590,1,1,4,13,1,1,1,22,1,6,5,0,0,0,1,0,0,19,0,0,7,9,7,12.1625,0,0,8,8,8,13.825,0,13.9,-0.3,0.79,Graduate,15,1.0,1.0,1.6624999999999996,0
STD_1394,1,8,1,10,1,1,1,1,14,5,10,1,0,0,1,0,0,19,0,0,6,7,6,12.857142857142858,0,0,6,7,6,13.666666666666666,0,13.9,-0.3,0.79,Graduate,12,1.0,1.0,0.8095238095238084,0
STD_2603,1,1,3,10,1,1,1,23,14,6,9,1,0,0,1,0,0,19,0,0,6,7,6,12.285714285714286,0,0,6,7,6,12.833333333333334,0,12.4,0.5,1.79,Graduate,12,1.0,1.0,0.5476190476190474,0
STD_3891,1,9,1,16,1,1,1,1,14,20,41,1,0,1,1,0,0,21,0,0,7,7,7,13.0,0,0,7,8,6,12.5,0,8.9,1.4,3.51,Enrolled,13,1.0,0.8571428571428571,-0.5,0
STD_2090,1,12,1,14,1,12,1,1,1,5,8,0,0,1,0,0,0,25,0,0,5,5,5,11.2,0,0,5,5,5,12.6,0,9.4,-0.8,-3.12,Dropout,10,1.0,1.0,1.4000000000000004,1
STD_0664,1,1,3,14,1,1,1,22,27,1,1,1,0,0,1,0,0,18,0,0,5,7,3,12.0,0,0,5,7,4,13.25,1,7.6,2.6,0.32,Graduate,7,0.6,0.8,1.25,0
STD_2234,1,14,1,11,1,6,1,19,24,1,1,1,0,0,1,1,0,20,0,0,6,10,4,11.5,0,0,6,11,3,11.666666666666666,0,7.6,2.6,0.32,Dropout,7,0.6666666666666666,0.5,0.16666666666666607,1
STD_3246,1,14,1,15,1,1,1,1,1,5,9,0,0,0,0,0,0,21,0,0,6,7,6,12.0,0,0,6,6,6,12.0,0,10.8,1.4,1.74,Dropout,12,1.0,1.0,0.0,1
STD_4112,1,1,3,12,1,1,1,13,27,10,10,1,0,0,1,0,0,20,0,0,7,7,7,13.775714285714288,0,0,8,8,8,15.599999999999998,0,12.4,0.5,1.79,Graduate,15,1.0,1.0,1.8242857142857094,0
STD_0844,1,1,3,12,1,1,1,22,28,10,6,1,0,0,1,0,0,18,0,0,7,7,6,14.016666666666666,0,0,7,7,6,14.016666666666666,0,7.6,2.6,0.32,Graduate,12,0.8571428571428571,0.8571428571428571,0.0,0
STD_2467,1,1,1,7,1,1,1,22,27,10,10,1,0,0,1,1,0,18,0,0,5,7,4,10.0,0,0,5,8,1,16.0,0,10.8,1.4,1.74,Enrolled,5,0.8,0.2,6.0,0
STD_0833,1,14,1,8,1,1,3,1,3,10,3,0,0,1,1,0,0,21,1,2,5,9,5,13.2,2,0,5,7,2,12.5,2,10.8,1.4,1.74,Enrolled,7,1.0,0.4,-0.6999999999999993,0
STD_1791,2,12,1,12,1,1,1,22,27,10,5,0,0,0,1,1,0,26,0,0,8,8,7,13.075714285714286,0,0,8,8,7,13.075714285714286,0,10.8,1.4,1.74,Graduate,14,0.875,0.875,0.0,0
STD_2109,1,8,1,6,1,1,1,2,14,3,10,1,0,0,1,0,0,18,0,0,5,12,2,11.5,0,0,5,12,3,11.8,2,10.8,1.4,1.74,Enrolled,5,0.4,0.6,0.3000000000000007,0
STD_1140,1,1,1,6,1,1,1,13,14,5,7,1,0,0,1,0,0,20,0,0,6,14,6,13.923076923076923,0,0,6,9,6,14.25,0,15.5,2.8,-4.06,Graduate,12,1.0,1.0,0.32692307692307665,0
STD_0098,1,1,5,12,1,1,1,22,27,8,8,1,0,0,1,0,1,18,0,0,7,7,7,13.75,0,0,8,9,8,14.47777777777778,0,12.4,0.5,1.79,Graduate,15,1.0,1.0,0.7277777777777796,0
STD_3668,1,13,1,9,1,1,1,19,24,13,13,1,0,0,0,1,0,23,0,0,3,3,0,0.0,0,0,2,2,0,0.0,0,7.6,2.6,0.32,Dropout,0,0.0,0.0,0.0,1
STD_3304,1,1,4,6,1,1,1,23,27,10,10,1,0,0,1,0,1,19,0,0,5,5,5,13.6,0,0,5,5,5,14.6,0,10.8,1.4,1.74,Graduate,10,1.0,1.0,1.0,0
STD_1758,1,15,1,8,1,14,1,1,27,5,9,1,0,0,0,0,0,22,0,1,6,10,3,12.666666666666666,0,0,6,7,0,0.0,0,15.5,2.8,-4.06,Dropout,3,0.5,0.0,-12.666666666666666,1
STD_0311,1,16,1,10,1,1,1,3,14,3,2,0,0,1,1,0,0,26,0,0,6,6,6,14.833333333333334,0,0,6,7,6,15.142857142857142,0,11.1,0.6,2.02,Graduate,12,1.0,1.0,0.3095238095238084,0
STD_1870,1,1,1,15,1,1,1,13,9,1,1,1,0,0,1,1,0,19,0,0,6,6,6,11.666666666666666,0,0,6,10,3,12.666666666666666,0,7.6,2.6,0.32,Graduate,9,1.0,0.5,1.0,0
STD_2378,1,12,1,9,1,1,1,22,27,10,10,0,0,0,0,1,0,32,0,0,5,9,0,0.0,1,0,5,5,0,0.0,0,9.4,-0.8,-3.12,Dropout,0,0.0,0.0,0.0,1
STD_3177,1,1,4,12,1,1,1,13,14,10,6,1,0,0,1,0,1,19,0,0,7,9,6,12.428571428571429,0,0,8,8,8,14.0,0,13.9,-0.3,0.79,Graduate,14,0.8571428571428571,1.0,1.5714285714285712,0
STD_3493,2,12,1,17,0,12,1,23,28,8,9,0,0,0,1,1,0,39,0,0,5,9,0,0.0,0,0,5,5,1,10.0,0,12.7,3.7,-1.7,Dropout,1,0.0,0.2,10.0,1
STD_1203,2,12,2,9,1,1,1,13,27,10,8,0,0,1,0,0,0,29,0,0,5,8,3,10.666666666666666,0,0,5,14,2,14.8,0,10.8,1.4,1.74,Dropout,5,0.6,0.4,4.133333333333335,1
STD_0306,1,1,1,14,1,1,1,1,14,5,11,1,0,0,1,0,0,19,0,0,6,8,4,11.0,0,0,6,9,4,11.0,0,10.8,1.4,1.74,Enrolled,8,0.6666666666666666,0.6666666666666666,0.0,0
STD_1276,1,8,2,11,1,1,1,13,14,5,8,1,0,0,1,0,0,19,0,0,6,8,6,12.166666666666666,0,0,6,6,6,13.5,0,11.1,0.6,2.02,Graduate,12,1.0,1.0,1.333333333333334,0
STD_1473,1,8,1,15,1,1,1,13,28,5,10,0,0,0,1,1,1,18,0,0,6,7,6,11.333333333333334,0,0,6,8,6,12.285714285714286,0,16.2,0.3,-0.92,Graduate,12,1.0,1.0,0.9523809523809526,0
STD_4334,1,1,2,10,1,1,1,13,28,10,9,1,0,0,1,0,1,19,0,0,6,8,6,12.714285714285714,0,0,6,12,5,11.0,0,13.9,-0.3,0.79,Dropout,11,1.0,0.8333333333333334,-1.7142857142857135,1
STD_3333,1,8,1,7,1,1,1,1,1,10,10,0,0,1,0,1,0,21,0,0,5,9,2,11.0,0,0,5,8,2,11.5,2,7.6,2.6,0.32,Dropout,4,0.4,0.4,0.5,1
STD_4371,1,1,3,2,1,1,1,1,3,6,3,1,0,0,1,1,0,19,0,0,0,0,0,0.0,0,0,0,0,0,0.0,0,12.7,3.7,-1.7,Graduate,0,0.0,0.0,0.0,0
STD_4218,1,1,2,15,1,1,1,1,2,10,4,1,0,0,1,0,1,19,0,0,6,7,6,12.333333333333334,0,0,6,6,6,13.5,0,9.4,-0.8,-3.12,Graduate,12,1.0,1.0,1.166666666666666,0
STD_1793,1,12,1,17,0,1,1,3,5,3,3,0,0,1,1,1,0,29,0,1,5,9,3,11.0,0,0,5,11,2,13.5,0,12.7,3.7,-1.7,Dropout,5,0.6,0.4,2.5,1
STD_1102,1,8,1,8,1,1,1,13,14,10,10,1,0,0,0,0,0,22,0,0,6,0,0,0.0,0,0,2,2,0,0.0,2,9.4,-0.8,-3.12,Dropout,0,0.0,0.0,0.0,1
STD_1342,1,1,5,15,1,1,1,13,14,10,10,1,0,0,1,0,0,18,0,0,6,7,5,12.8,0,0,6,10,4,12.2,0,10.8,1.4,1.74,Graduate,9,0.8333333333333334,0.6666666666666666,-0.6000000000000014,0
STD_3936,1,1,1,11,1,1,1,23,27,6,6,0,0,0,1,0,0,19,0,0,6,12,4,11.0,0,0,6,6,4,12.5,0,16.2,0.3,-0.92,Enrolled,8,0.6666666666666666,0.6666666666666666,1.5,0
STD_1544,1,4,1,8,1,2,3,27,1,5,10,0,0,0,1,1,0,35,1,0,7,8,0,0.0,1,0,6,9,0,0.0,0,8.9,1.4,3.51,Dropout,0,0.0,0.0,0.0,1
STD_3285,2,12,1,17,0,1,1,22,27,10,7,0,0,1,1,1,0,25,0,0,5,8,4,11.0,0,0,5,7,4,12.0,0,7.6,2.6,0.32,Enrolled,8,0.8,0.8,1.0,0
STD_3225,1,12,1,9,1,9,1,13,27,8,10,0,0,0,1,0,0,31,0,0,5,8,1,13.0,2,0,5,9,4,12.25,0,10.8,1.4,1.74,Dropout,5,0.2,0.8,-0.75,1
STD_2945,1,1,4,12,1,1,1,4,3,3,4,1,0,0,1,0,0,18,0,0,7,7,7,11.714285714285714,0,0,8,8,8,12.75,0,12.4,0.5,1.79,Graduate,15,1.0,1.0,1.0357142857142865,0
STD_0861,1,9,2,7,1,1,1,1,2,6,5,1,0,0,1,1,0,18,0,0,5,7,5,12.6,0,0,5,9,3,13.25,0,13.9,-0.3,0.79,Dropout,8,1.0,0.6,0.6500000000000004,1
STD_3455,1,8,1,9,1,1,1,22,27,10,10,0,0,0,0,0,0,22,0,0,5,9,2,10.0,1,0,5,11,1,10.0,0,9.4,-0.8,-3.12,Dropout,3,0.4,0.2,0.0,1
STD_1415,1,9,3,12,1,1,1,13,1,5,8,1,0,0,1,0,0,18,0,0,7,7,7,13.457142857142856,0,0,8,8,8,14.5125,0,13.9,-0.3,0.79,Graduate,15,1.0,1.0,1.0553571428571438,0
STD_2482,1,1,1,5,1,1,1,13,14,6,6,0,0,0,1,1,1,22,0,1,6,6,6,12.666666666666666,0,1,6,6,5,12.4,0,12.4,0.5,1.79,Graduate,11,1.0,0.8333333333333334,-0.2666666666666657,0
STD_3346,1,1,1,11,1,1,1,22,28,10,9,1,0,0,1,1,0,19,0,0,6,13,2,12.0,0,0,6,12,1,13.0,0,7.6,2.6,0.32,Dropout,3,0.3333333333333333,0.16666666666666666,1.0,1
STD_0591,1,1,2,14,1,1,1,13,1,10,4,1,0,0,1,0,0,18,0,0,6,6,6,13.833333333333334,0,0,6,11,6,14.555555555555555,0,10.8,1.4,1.74,Graduate,12,1.0,1.0,0.7222222222222214,0
STD_1527,1,8,1,15,1,1,1,1,1,6,2,0,0,1,0,1,0,19,0,0,6,6,6,12.5,0,0,6,10,4,12.6,0,15.5,2.8,-4.06,Dropout,10,1.0,0.6666666666666666,0.09999999999999964,1
STD_4035,2,12,1,3,0,12,1,19,24,1,1,0,0,0,1,1,0,38,0,0,6,0,0,0.0,0,0,6,0,0,0.0,0,9.4,-0.8,-3.12,Dropout,0,0.0,0.0,0.0,1
STD_1719,1,12,1,7,1,1,1,23,27,8,8,0,0,0,1,1,0,24,0,0,5,9,0,0.0,0,0,5,8,2,14.5,2,7.6,2.6,0.32,Dropout,2,0.0,0.4,14.5,1
STD_4280,1,8,1,11,1,1,1,13,1,10,10,0,0,0,1,1,1,20,0,0,6,6,0,0.0,0,0,6,12,0,0.0,0,10.8,1.4,1.74,Dropout,0,0.0,0.0,0.0,1
STD_3772,1,15,1,4,1,14,1,1,1,5,4,1,0,0,1,0,0,20,0,0,6,10,5,11.666666666666666,0,0,6,7,5,12.6,0,12.4,0.5,1.79,Graduate,10,0.8333333333333334,0.8333333333333334,0.9333333333333336,0
STD_2883,2,12,1,17,0,1,1,22,27,10,10,0,0,0,1,0,0,33,0,0,5,14,1,10.0,0,0,5,13,2,12.0,0,12.4,0.5,1.79,Dropout,3,0.2,0.4,2.0,1
STD_3034,1,3,2,10,1,1,1,25,28,3,10,1,0,0,1,0,0,19,0,0,6,6,6,14.0,0,0,6,6,6,13.333333333333334,0,8.9,1.4,3.51,Graduate,12,1.0,1.0,-0.6666666666666661,0
STD_1807,1,1,3,7,1,1,1,1,1,4,6,0,0,0,1,1,1,19,0,0,5,10,5,11.8,0,0,5,12,3,11.5,0,11.1,0.6,2.02,Enrolled,8,1.0,0.6,-0.3000000000000007,0
STD_1071,1,1,1,12,1,1,1,1,1,5,5,1,0,0,1,0,1,19,0,0,8,8,8,14.75,0,0,8,8,8,14.75,0,9.4,-0.8,-3.12,Graduate,16,1.0,1.0,0.0,0
STD_0606,1,1,3,2,1,1,1,7,1,7,7,1,0,0,0,0,0,21,0,0,0,0,0,0.0,0,0,0,0,0,0.0,0,9.4,-0.8,-3.12,Dropout,0,0.0,0.0,0.0,1
STD_1808,1,8,1,14,1,1,1,3,3,2,2,0,0,0,1,1,0,18,0,0,6,0,0,0.0,0,0,6,0,0,0.0,0,15.5,2.8,-4.06,Dropout,0,0.0,0.0,0.0,1
STD_0450,1,1,3,11,1,1,1,13,28,4,11,1,0,0,1,0,1,20,0,0,6,8,5,12.8,0,0,6,9,5,12.8,0,12.4,0.5,1.79,Enrolled,10,0.8333333333333334,0.8333333333333334,0.0,0
STD_2856,1,8,1,12,1,1,1,1,1,10,10,1,0,0,1,0,1,18,0,0,7,10,5,13.46,0,0,7,8,7,12.2375,0,11.1,0.6,2.02,Dropout,12,0.7142857142857143,1.0,-1.2225000000000001,1
STD_4374,1,1,1,10,1,1,1,22,27,8,10,0,0,0,1,0,0,19,0,0,6,12,2,13.0,0,0,6,9,6,10.833333333333334,0,7.6,2.6,0.32,Enrolled,8,0.3333333333333333,1.0,-2.166666666666666,0
STD_2307,1,4,1,8,1,3,1,2,28,3,4,1,0,0,0,1,0,18,0,2,5,7,2,13.0,0,0,5,5,0,0.0,0,12.7,3.7,-1.7,Dropout,2,0.4,0.0,-13.0,1
STD_1720,1,12,1,17,0,12,1,2,1,3,5,0,0,0,1,1,0,24,0,0,5,7,0,0.0,0,0,5,7,0,0.0,0,16.2,0.3,-0.92,Dropout,0,0.0,0.0,0.0,1
STD_2156,1,1,1,12,1,1,1,13,14,10,10,0,0,0,1,0,1,19,0,0,7,10,7,15.114999999999998,0,0,8,10,8,15.092,0,15.5,2.8,-4.06,Graduate,15,1.0,1.0,-0.02299999999999791,0
STD_0521,1,1,6,12,1,1,1,22,1,6,6,1,0,0,1,0,1,18,0,0,8,8,7,12.61,0,0,8,8,7,12.61,0,10.8,1.4,1.74,Graduate,14,0.875,0.875,0.0,0
STD_1823,1,8,1,9,1,1,1,1,28,5,6,1,0,0,1,0,0,19,0,0,5,10,1,11.0,0,0,5,13,0,0.0,0,12.7,3.7,-1.7,Enrolled,1,0.2,0.0,-11.0,0
STD_0728,1,12,1,17,0,1,1,22,27,10,10,0,0,0,1,1,0,35,0,0,5,5,0,0.0,0,0,5,5,0,0.0,0,11.1,0.6,2.02,Dropout,0,0.0,0.0,0.0,1
STD_2194,1,8,1,7,1,1,1,13,28,10,8,0,0,0,1,1,0,18,0,0,5,10,3,11.0,0,0,5,6,3,11.0,1,16.2,0.3,-0.92,Enrolled,6,0.6,0.6,0.0,0
STD_3101,1,1,1,12,1,1,1,23,14,4,11,0,0,0,1,0,0,19,0,0,7,10,7,13.47,0,0,8,8,8,13.32625,0,15.5,2.8,-4.06,Graduate,15,1.0,1.0,-0.1437500000000007,0
STD_3866,1,8,2,15,1,1,1,1,1,5,6,0,0,0,1,1,0,20,0,0,6,15,2,12.0,0,0,6,12,0,0.0,0,10.8,1.4,1.74,Dropout,2,0.3333333333333333,0.0,-12.0,1
STD_3211,1,4,1,4,1,3,1,3,3,7,3,1,0,0,1,1,0,29,0,1,6,10,6,17.11111111111111,0,2,6,9,6,15.571428571428571,0,13.9,-0.3,0.79,Graduate,12,1.0,1.0,-1.5396825396825395,0
STD_1314,1,1,4,12,1,1,1,3,29,3,4,1,0,0,1,0,0,18,0,0,7,8,7,12.65,0,0,8,9,8,13.411111111111111,0,16.2,0.3,-0.92,Dropout,15,1.0,1.0,0.7611111111111111,1
STD_1143,1,1,1,14,1,1,1,1,1,3,3,1,0,0,1,0,0,20,0,0,5,5,4,15.0,0,0,5,5,4,13.75,0,7.6,2.6,0.32,Dropout,8,0.8,0.8,-1.25,1
STD_0087,1,12,1,14,1,1,1,1,14,5,6,0,0,0,1,0,1,25,0,0,5,7,4,10.5,0,0,5,7,5,11.6,0,9.4,-0.8,-3.12,Graduate,9,0.8,1.0,1.0999999999999996,0
STD_1796,1,1,3,12,1,1,1,23,28,8,10,1,0,0,1,0,1,19,0,0,8,8,7,13.512857142857142,0,0,8,8,7,13.512857142857142,0,10.8,1.4,1.74,Graduate,14,0.875,0.875,0.0,0
STD_3018,1,1,1,12,1,1,1,3,3,2,6,0,0,0,1,0,0,18,0,0,7,7,7,13.677142857142858,0,0,8,9,8,14.533333333333331,0,11.1,0.6,2.02,Graduate,15,1.0,1.0,0.8561904761904735,0
STD_1910,1,1,1,12,1,1,1,3,3,3,3,1,0,0,1,0,0,19,0,0,7,7,6,14.266666666666666,0,0,7,7,6,14.266666666666666,0,7.6,2.6,0.32,Graduate,12,0.8571428571428571,0.8571428571428571,0.0,0
STD_1661,1,17,1,6,1,16,1,1,14,5,7,1,0,0,1,0,0,27,0,7,12,17,11,14.727272727272728,0,4,9,10,7,14.142857142857142,0,8.9,1.4,3.51,Graduate,18,0.9166666666666666,0.7777777777777778,-0.584415584415586,0
STD_3499,1,1,2,15,1,1,1,23,28,6,8,1,0,0,1,1,1,18,0,0,6,8,6,12.666666666666666,0,0,6,6,6,13.5,0,12.7,3.7,-1.7,Graduate,12,1.0,1.0,0.8333333333333339,0
STD_3435,1,1,1,15,1,1,1,1,28,9,9,1,0,0,1,0,1,18,0,0,6,6,6,13.833333333333334,0,0,6,6,6,14.0,0,11.1,0.6,2.02,Dropout,12,1.0,1.0,0.16666666666666607,1
STD_3697,1,14,1,11,1,1,1,22,27,10,10,0,0,0,1,1,0,21,0,0,6,6,6,12.666666666666666,0,0,6,7,5,11.4,0,9.4,-0.8,-3.12,Graduate,11,1.0,0.8333333333333334,-1.2666666666666657,0
STD_0556,1,15,1,4,1,14,1,3,2,3,3,0,0,0,1,1,0,25,0,9,14,16,14,12.428571428571429,0,3,9,13,6,10.857142857142858,0,15.5,2.8,-4.06,Dropout,20,1.0,0.6666666666666666,-1.5714285714285712,1
STD_1783,1,12,1,12,1,1,1,22,27,4,8,0,0,0,1,1,0,27,0,0,8,8,7,15.57,0,0,8,8,7,15.57,0,10.8,1.4,1.74,Dropout,14,0.875,0.875,0.0,1
STD_0927,1,4,1,6,1,3,1,13,15,5,12,1,0,0,1,0,0,32,0,0,5,8,1,14.0,2,0,5,12,0,0.0,4,10.8,1.4,1.74,Dropout,1,0.2,0.0,-14.0,1
STD_1385,1,12,1,5,1,1,1,1,1,6,4,1,0,0,1,1,1,24,0,0,6,6,6,15.0,0,0,6,6,2,16.0,0,15.5,2.8,-4.06,Graduate,8,1.0,0.3333333333333333,1.0,0
STD_1317,1,8,2,6,1,1,1,1,14,5,10,1,0,0,1,0,0,19,0,0,5,13,3,12.0,2,0,5,8,4,11.75,0,9.4,-0.8,-3.12,Enrolled,7,0.6,0.8,-0.25,0
STD_1624,2,12,1,13,1,1,1,22,27,10,10,0,0,0,1,0,0,47,0,1,7,16,6,12.514285714285716,0,0,7,15,4,11.75,0,12.7,3.7,-1.7,Dropout,10,0.8571428571428571,0.5714285714285714,-0.764285714285716,1
STD_1797,1,1,1,10,1,1,1,23,27,10,8,1,0,0,1,0,1,18,0,0,6,7,6,12.833333333333334,0,0,6,6,6,12.166666666666666,0,10.8,1.4,1.74,Graduate,12,1.0,1.0,-0.6666666666666679,0
STD_1302,1,1,5,11,1,1,1,3,14,4,10,1,0,0,0,1,0,19,0,0,6,0,0,0.0,0,0,6,0,0,0.0,0,8.9,1.4,3.51,Dropout,0,0.0,0.0,0.0,1
STD_0323,1,1,1,12,1,1,1,1,1,6,2,0,0,0,1,0,0,19,0,0,7,7,7,14.3,0,0,8,9,8,14.055555555555555,0,16.2,0.3,-0.92,Graduate,15,1.0,1.0,-0.24444444444444535,0
STD_3600,1,14,1,9,1,1,1,4,14,3,2,0,0,0,1,0,0,23,0,7,11,18,11,15.090909090909092,1,2,6,7,6,14.5,0,9.4,-0.8,-3.12,Dropout,17,1.0,1.0,-0.5909090909090917,1
STD_1817,4,14,1,17,0,1,1,22,27,7,7,0,0,0,1,0,0,31,0,7,14,19,13,11.357142857142858,0,9,14,14,13,12.0,1,9.4,-0.8,-3.12,Graduate,26,0.9285714285714286,0.9285714285714286,0.6428571428571423,0
STD_4336,1,1,1,9,1,1,1,1,1,5,7,1,0,0,1,0,0,21,0,0,5,9,3,10.666666666666666,0,0,5,13,2,12.5,0,7.6,2.6,0.32,Enrolled,5,0.6,0.4,1.833333333333334,0
STD_0892,1,12,1,2,1,1,1,22,28,28,44,0,0,0,0,0,0,32,0,0,0,0,0,0.0,0,0,0,0,0,0.0,0,16.2,0.3,-0.92,Dropout,0,0.0,0.0,0.0,1
STD_1109,1,16,1,17,0,16,1,13,27,6,10,0,0,0,0,0,0,22,0,7,12,12,7,11.0,0,5,5,5,5,10.6,0,8.9,1.4,3.51,Dropout,12,0.5833333333333334,1.0,-0.40000000000000036,1
STD_1543,4,8,5,3,0,1,1,13,14,12,12,0,0,0,1,0,0,38,0,0,5,12,1,10.0,0,0,5,10,0,0.0,0,10.8,1.4,1.74,Dropout,1,0.2,0.0,-10.0,1
STD_0354,2,1,1,12,1,1,1,22,28,10,8,0,0,1,1,0,1,18,0,0,7,7,6,14.2,0,0,7,7,6,14.2,0,7.6,2.6,0.32,Graduate,12,0.8571428571428571,0.8571428571428571,0.0,0
STD_0706,5,12,1,17,0,1,1,22,27,10,10,0,0,0,1,1,1,37,0,0,5,8,5,13.0,0,0,5,11,4,13.333333333333334,2,16.2,0.3,-0.92,Dropout,9,1.0,0.8,0.3333333333333339,1
STD_1889,1,5,1,6,1,1,9,2,14,3,9,0,0,0,1,0,0,18,1,0,6,8,6,15.0,0,0,6,10,5,14.333333333333334,0,11.1,0.6,2.02,Graduate,11,1.0,0.8333333333333334,-0.6666666666666661,0
STD_3381,1,12,1,12,1,1,1,13,14,10,9,0,0,0,1,0,0,26,0,0,7,12,3,13.766666666666666,0,0,7,11,3,12.066666666666668,0,13.9,-0.3,0.79,Dropout,6,0.42857142857142855,0.42857142857142855,-1.6999999999999975,1
STD_1843,1,1,1,9,1,1,1,1,28,4,7,0,0,0,1,1,1,18,0,0,5,5,5,11.8,0,0,5,8,3,11.0,0,9.4,-0.8,-3.12,Graduate,8,1.0,0.6,-0.8000000000000007,0
STD_2311,1,1,1,10,1,1,1,13,28,10,10,0,0,0,1,1,1,19,0,0,6,7,6,13.857142857142858,0,0,6,6,6,14.0,0,13.9,-0.3,0.79,Graduate,12,1.0,1.0,0.14285714285714235,0
STD_2089,1,1,3,12,1,1,1,13,14,5,9,1,0,0,1,0,1,20,0,0,7,7,6,12.633333333333333,0,0,7,7,6,12.633333333333333,0,7.6,2.6,0.32,Graduate,12,0.8571428571428571,0.8571428571428571,0.0,0
STD_1246,2,12,1,16,1,1,1,22,27,6,6,0,0,0,1,0,0,34,0,0,7,11,1,10.0,0,0,7,7,1,13.0,0,16.2,0.3,-0.92,Dropout,2,0.14285714285714285,0.14285714285714285,3.0,1
STD_1902,1,13,1,6,1,1,1,1,7,5,5,0,0,0,1,0,0,24,0,5,11,29,9,12.0,6,4,10,21,9,12.555555555555555,0,9.4,-0.8,-3.12,Graduate,18,0.8181818181818182,0.9,0.5555555555555554,0
STD_2157,1,8,2,2,1,1,1,1,1,5,2,1,0,0,1,0,0,18,0,0,0,0,0,0.0,0,0,0,0,0,0.0,0,9.4,-0.8,-3.12,Enrolled,0,0.0,0.0,0.0,0
STD_2235,1,8,2,11,1,1,1,13,14,6,8,0,0,0,1,1,1,18,0,0,6,12,3,10.666666666666666,0,0,6,9,4,12.0,0,15.5,2.8,-4.06,Enrolled,7,0.5,0.6666666666666666,1.333333333333334,0
STD_4066,1,14,1,3,0,1,1,23,14,6,5,0,0,0,1,0,0,20,0,2,6,6,6,12.166666666666666,0,0,6,7,5,14.0,0,12.7,3.7,-1.7,Enrolled,11,1.0,0.8333333333333334,1.833333333333334,0
STD_1291,1,8,2,7,1,1,1,1,14,10,9,0,0,0,1,1,1,18,0,0,5,8,4,13.5,0,0,6,10,6,13.625,0,11.1,0.6,2.02,Enrolled,10,0.8,1.0,0.125,0
STD_1058,1,1,1,12,1,1,1,1,28,2,8,0,0,0,1,0,0,19,0,0,7,7,6,14.566666666666668,0,0,7,7,6,14.566666666666668,0,7.6,2.6,0.32,Graduate,12,0.8571428571428571,0.8571428571428571,0.0,0
STD_0837,1,8,3,7,1,1,1,3,3,4,5,1,1,0,1,1,0,19,0,0,5,10,3,13.333333333333334,0,0,5,9,4,10.75,0,8.9,1.4,3.51,Dropout,7,0.6,0.8,-2.583333333333334,1
STD_2213,1,1,1,7,1,1,1,23,14,6,6,0,0,0,1,1,0,19,0,0,5,7,5,10.2,0,0,5,8,3,12.0,0,10.8,1.4,1.74,Enrolled,8,1.0,0.6,1.8000000000000007,0
STD_0116,1,14,1,12,1,1,1,23,28,10,6,0,0,0,1,0,0,20,0,0,7,11,6,11.616666666666667,0,0,7,7,7,13.0,0,13.9,-0.3,0.79,Enrolled,13,0.8571428571428571,1.0,1.3833333333333329,0
STD_4255,1,1,1,14,1,1,1,22,27,6,10,1,0,0,1,0,0,23,0,0,5,7,3,11.333333333333334,0,0,5,5,4,11.25,0,7.6,2.6,0.32,Dropout,7,0.6,0.8,-0.08333333333333393,1
STD_2233,1,14,1,9,1,1,1,1,3,2,2,0,0,0,1,1,0,28,0,0,5,9,2,10.0,0,0,5,9,0,0.0,0,15.5,2.8,-4.06,Dropout,2,0.4,0.0,-10.0,1
STD_0805,1,1,3,16,1,1,1,1,3,6,4,0,0,0,1,0,0,19,0,0,7,7,7,13.857142857142858,0,0,7,7,7,14.285714285714286,0,11.1,0.6,2.02,Graduate,14,1.0,1.0,0.4285714285714288,0
STD_0585,1,8,1,11,1,1,1,22,27,8,8,0,0,0,1,0,0,19,0,0,6,8,5,11.8,0,0,6,8,5,11.6,0,10.8,1.4,1.74,Graduate,10,0.8333333333333334,0.8333333333333334,-0.20000000000000107,0
STD_1196,1,8,1,16,1,1,1,13,14,5,8,1,0,0,1,0,0,18,0,0,7,9,6,11.5,0,0,7,8,7,12.714285714285714,0,13.9,-0.3,0.79,Enrolled,13,0.8571428571428571,1.0,1.2142857142857135,0
STD_1406,1,6,1,7,1,1,14,1,3,6,9,0,0,1,1,1,0,21,1,0,5,5,0,0.0,0,0,6,8,0,0.0,0,11.1,0.6,2.02,Dropout,0,0.0,0.0,0.0,1
STD_0159,1,1,3,10,1,1,1,13,1,10,11,1,0,0,1,0,0,20,0,0,6,10,4,11.0,0,0,6,9,6,11.833333333333334,0,9.4,-0.8,-3.12,Graduate,10,0.6666666666666666,1.0,0.8333333333333339,0
STD_2673,1,1,2,11,1,1,1,13,1,10,9,0,0,0,1,1,0,21,0,0,6,8,3,12.0,0,0,6,9,1,11.0,0,15.5,2.8,-4.06,Dropout,4,0.5,0.16666666666666666,-1.0,1
STD_0573,1,8,6,7,1,1,1,13,3,6,11,1,0,0,1,1,0,19,0,0,5,10,3,10.5,0,0,5,11,3,10.8,0,12.4,0.5,1.79,Dropout,6,0.6,0.6,0.3000000000000007,1
STD_2462,1,9,3,11,1,1,1,13,14,10,7,1,0,0,1,1,0,18,0,0,6,0,0,0.0,0,0,6,0,0,0.0,0,13.9,-0.3,0.79,Dropout,0,0.0,0.0,0.0,1
STD_1081,1,1,1,5,1,1,1,1,14,5,1,0,1,0,1,0,1,20,0,0,6,6,6,13.166666666666666,0,0,6,6,6,12.666666666666666,0,11.1,0.6,2.02,Graduate,12,1.0,1.0,-0.5,0
STD_2979,1,1,3,5,1,1,1,5,3,6,8,1,0,0,1,0,0,21,0,0,6,6,6,14.5,0,0,6,7,5,12.0,0,12.4,0.5,1.79,Graduate,11,1.0,0.8333333333333334,-2.5,0
STD_2026,1,14,1,12,1,1,1,4,14,5,11,0,0,0,1,1,0,18,0,0,7,7,7,11.828571428571427,0,0,8,10,7,12.9125,0,13.9,-0.3,0.79,Graduate,14,1.0,0.875,1.0839285714285722,0
STD_1732,1,1,1,8,1,1,1,13,14,12,9,1,0,0,0,1,0,20,0,0,5,7,4,13.0,0,0,5,11,3,12.0,2,10.8,1.4,1.74,Dropout,7,0.8,0.6,-1.0,1
STD_3269,2,12,1,12,1,1,1,22,28,10,9,0,0,0,1,0,0,30,0,0,7,0,0,0.0,0,0,8,0,0,0.0,0,13.9,-0.3,0.79,Dropout,0,0.0,0.0,0.0,1
STD_2694,1,1,1,4,1,1,1,23,1,10,5,0,0,0,1,1,0,18,0,0,6,7,6,16.0,0,0,6,6,6,15.166666666666666,0,12.4,0.5,1.79,Graduate,12,1.0,1.0,-0.8333333333333339,0
STD_3989,1,1,1,6,1,1,1,13,27,10,10,1,0,0,1,0,1,20,0,0,5,13,5,14.0,2,0,5,10,3,12.0,1,9.4,-0.8,-3.12,Graduate,8,1.0,0.6,-2.0,0
STD_1565,1,8,4,6,1,1,1,22,1,4,10,0,0,0,1,0,0,20,0,0,6,9,6,13.166666666666666,0,0,6,8,4,14.0,0,13.9,-0.3,0.79,Enrolled,10,1.0,0.6666666666666666,0.8333333333333339,0
STD_1948,1,8,1,6,1,1,1,1,14,5,11,1,0,0,1,0,0,18,0,0,5,8,4,11.0,1,0,5,8,3,14.0,0,12.7,3.7,-1.7,Graduate,7,0.8,0.6,3.0,0
STD_4088,1,12,1,12,1,1,1,23,27,6,8,1,0,0,1,0,1,25,0,0,8,11,7,13.29,3,0,8,11,7,13.29,3,9.4,-0.8,-3.12,Enrolled,14,0.875,0.875,0.0,0
STD_2008,1,7,3,6,1,1,1,22,27,10,3,1,0,0,1,0,1,18,0,0,6,14,6,14.333333333333334,0,0,6,9,6,12.0,0,15.5,2.8,-4.06,Graduate,12,1.0,1.0,-2.333333333333334,0
STD_3711,1,8,4,6,1,1,1,23,28,23,30,0,0,0,1,1,0,21,0,0,5,7,4,12.25,0,0,5,7,5,12.0,0,7.6,2.6,0.32,Graduate,9,0.8,1.0,-0.25,0
STD_0054,1,1,3,8,1,1,1,22,27,12,12,0,0,0,1,0,0,19,0,0,5,7,5,14.714285714285714,0,0,5,5,5,15.8,0,7.6,2.6,0.32,Graduate,10,1.0,1.0,1.0857142857142872,0
STD_3857,1,12,1,11,1,1,1,22,27,10,10,0,0,0,1,1,0,36,0,0,6,8,6,13.571428571428571,0,0,6,9,5,13.2,0,12.7,3.7,-1.7,Graduate,11,1.0,0.8333333333333334,-0.3714285714285719,0
STD_1962,1,9,1,12,1,1,1,13,1,10,5,0,0,0,1,0,1,20,0,0,8,8,0,0.0,8,0,8,8,0,0.0,8,9.4,-0.8,-3.12,Enrolled,0,0.0,0.0,0.0,0
STD_1230,1,17,1,6,1,16,1,1,1,5,4,1,0,1,1,0,0,21,0,7,9,10,8,13.25,0,4,9,14,5,12.2,0,8.9,1.4,3.51,Enrolled,13,0.8888888888888888,0.5555555555555556,-1.0500000000000007,0
STD_3797,1,1,1,11,1,1,1,1,14,5,5,0,0,0,1,1,0,18,0,0,6,8,6,13.571428571428571,0,0,6,7,5,11.8,0,8.9,1.4,3.51,Graduate,11,1.0,0.8333333333333334,-1.7714285714285705,0
STD_4342,1,8,2,12,1,1,1,13,27,6,10,1,0,0,1,0,0,18,0,0,8,8,7,14.24,0,0,8,8,7,14.24,0,10.8,1.4,1.74,Graduate,14,0.875,0.875,0.0,0
STD_1445,1,14,1,17,0,1,1,1,1,7,7,0,0,0,1,1,0,34,0,0,5,5,5,13.8,0,0,5,6,5,13.833333333333334,0,9.4,-0.8,-3.12,Graduate,10,1.0,1.0,0.033333333333333215,0
STD_0351,1,1,1,11,1,1,1,13,14,10,10,1,0,0,1,0,0,24,0,0,6,9,4,12.6,0,0,6,6,4,11.5,0,12.7,3.7,-1.7,Dropout,8,0.6666666666666666,0.6666666666666666,-1.0999999999999996,1
STD_1348,1,1,3,12,1,1,1,1,1,8,8,1,0,0,1,0,1,19,0,0,7,10,5,13.04,0,0,7,7,7,12.5,0,12.4,0.5,1.79,Enrolled,12,0.7142857142857143,1.0,-0.5399999999999991,0
STD_3992,1,1,1,16,1,1,1,13,27,6,6,1,0,0,1,0,0,19,0,0,7,10,4,10.5,0,0,7,7,2,10.5,0,16.2,0.3,-0.92,Dropout,6,0.5714285714285714,0.2857142857142857,0.0,1
STD_1364,1,15,1,2,1,14,1,13,1,10,10,1,0,0,1,1,0,21,0,0,0,0,0,0.0,0,0,0,0,0,0.0,0,12.4,0.5,1.79,Graduate,0,0.0,0.0,0.0,0
STD_2292,1,1,1,10,1,1,1,22,27,6,11,0,0,0,1,1,0,19,0,0,6,9,5,10.8,0,0,6,11,5,11.0,0,7.6,2.6,0.32,Graduate,10,0.8333333333333334,0.8333333333333334,0.1999999999999993,0
STD_1877,1,12,1,13,1,12,1,27,1,4,8,0,0,0,1,1,0,37,0,0,7,15,0,0.0,0,0,7,13,0,0.0,1,11.1,0.6,2.02,Dropout,0,0.0,0.0,0.0,1
STD_3725,1,1,2,14,1,1,1,1,1,10,10,1,0,0,1,1,1,18,0,0,5,6,4,12.25,0,0,5,5,5,12.2,0,9.4,-0.8,-3.12,Dropout,9,0.8,1.0,-0.05000000000000071,1
STD_0110,1,8,2,16,1,1,1,13,1,10,4,1,0,0,1,0,0,20,0,0,7,12,6,11.666666666666666,0,0,7,10,3,13.0,0,16.2,0.3,-0.92,Enrolled,9,0.8571428571428571,0.42857142857142855,1.333333333333334,0
STD_3561,2,12,1,12,1,12,1,13,14,5,5,0,0,0,1,1,0,33,0,0,7,7,5,13.06,0,0,7,9,0,0.0,0,16.2,0.3,-0.92,Enrolled,5,0.7142857142857143,0.0,-13.06,0
STD_0839,1,15,1,8,1,14,1,3,1,3,9,0,0,0,0,1,0,22,0,0,5,5,0,0.0,0,0,5,5,0,0.0,0,12.7,3.7,-1.7,Dropout,0,0.0,0.0,0.0,1
STD_2344,1,8,2,17,0,1,1,22,14,10,5,0,0,0,1,1,0,23,0,0,5,6,4,13.0,0,0,5,5,5,13.0,0,7.6,2.6,0.32,Graduate,9,0.8,1.0,0.0,0
STD_3918,1,1,1,16,1,1,1,13,10,10,8,1,0,0,1,0,0,18,0,0,6,6,6,13.333333333333334,0,0,6,7,6,12.333333333333334,0,7.6,2.6,0.32,Graduate,12,1.0,1.0,-1.0,0
STD_0871,1,1,1,11,1,1,1,1,1,29,44,0,0,0,1,1,0,20,0,0,6,8,6,13.142857142857142,0,0,6,7,6,12.5,0,8.9,1.4,3.51,Graduate,12,1.0,1.0,-0.6428571428571423,0
STD_4387,1,8,1,14,1,1,1,22,28,9,8,1,0,0,1,0,1,21,0,0,5,7,3,12.333333333333334,0,0,5,5,2,12.5,0,7.6,2.6,0.32,Dropout,5,0.6,0.4,0.16666666666666607,1
STD_3095,1,8,2,11,1,1,1,13,14,8,8,1,0,0,1,0,1,18,0,0,6,9,1,10.0,1,0,6,6,0,0.0,0,12.7,3.7,-1.7,Dropout,1,0.16666666666666666,0.0,-10.0,1
STD_1376,1,1,1,2,1,1,1,23,1,6,2,0,0,0,1,1,0,21,0,0,0,0,0,0.0,0,0,0,0,0,0.0,0,13.9,-0.3,0.79,Dropout,0,0.0,0.0,0.0,1
STD_3648,1,8,1,10,1,1,1,22,27,9,7,0,0,0,1,0,0,21,0,0,6,0,0,0.0,0,0,6,0,0,0.0,0,16.2,0.3,-0.92,Dropout,0,0.0,0.0,0.0,1
STD_0652,1,17,1,6,1,16,1,1,1,6,6,1,0,0,0,0,0,23,0,7,12,19,9,13.666666666666666,0,4,9,15,6,13.5,0,8.9,1.4,3.51,Enrolled,15,0.75,0.6666666666666666,-0.16666666666666607,0
STD_3073,1,15,1,10,1,14,1,1,14,5,6,0,0,1,0,1,0,27,0,3,6,8,5,11.6,0,2,6,9,5,12.0,0,13.9,-0.3,0.79,Dropout,10,0.8333333333333334,0.8333333333333334,0.40000000000000036,1
STD_4143,1,14,1,3,0,9,1,19,24,1,13,0,0,0,1,0,0,29,0,0,6,10,6,11.666666666666666,0,0,6,7,6,11.0,0,7.6,2.6,0.32,Graduate,12,1.0,1.0,-0.6666666666666661,0
STD_0458,1,14,1,16,1,1,1,22,14,10,9,0,0,0,1,0,0,22,0,0,6,9,5,13.6,0,0,6,8,5,12.0,0,12.7,3.7,-1.7,Dropout,10,0.8333333333333334,0.8333333333333334,-1.5999999999999996,1
STD_2541,1,4,1,9,1,3,1,1,29,5,8,0,0,0,1,0,0,33,0,2,5,9,2,14.0,0,0,5,5,0,0.0,0,12.4,0.5,1.79,Dropout,2,0.4,0.0,-14.0,1
STD_3970,1,15,1,17,0,14,1,22,27,10,10,0,0,0,1,0,0,26,0,0,5,5,5,12.0,0,0,5,7,5,11.4,0,12.7,3.7,-1.7,Graduate,10,1.0,1.0,-0.5999999999999996,0
STD_3641,1,1,3,15,1,1,1,13,28,5,5,1,0,0,1,0,1,20,0,0,6,6,6,13.5,0,0,6,7,6,12.666666666666666,0,11.1,0.6,2.02,Graduate,12,1.0,1.0,-0.8333333333333339,0
STD_3237,1,8,1,6,1,1,1,1,14,5,10,1,0,0,1,0,0,18,0,0,5,7,5,13.8,0,0,5,5,5,12.6,0,10.8,1.4,1.74,Graduate,10,1.0,1.0,-1.200000000000001,0
STD_2121,1,8,1,6,1,1,1,13,14,5,10,1,0,1,0,0,1,21,0,0,6,16,2,13.0,0,0,6,8,0,0.0,0,15.5,2.8,-4.06,Dropout,2,0.3333333333333333,0.0,-13.0,1
STD_0793,1,8,1,10,1,1,1,1,30,10,3,0,0,0,1,0,1,19,0,0,6,7,6,11.333333333333334,0,0,6,7,6,12.428571428571429,0,11.1,0.6,2.02,Graduate,12,1.0,1.0,1.095238095238095,0
STD_4077,1,1,3,12,1,1,1,13,28,10,8,1,0,0,1,0,1,18,0,0,8,8,7,13.971428571428572,0,0,8,8,7,13.971428571428572,0,12.7,3.7,-1.7,Graduate,14,0.875,0.875,0.0,0
STD_1822,1,1,3,12,1,1,1,3,1,5,4,1,0,0,1,0,1,19,0,0,7,11,4,12.65,0,0,7,9,5,11.1,0,12.4,0.5,1.79,Enrolled,9,0.5714285714285714,0.7142857142857143,-1.5500000000000007,0
STD_1321,1,1,5,10,1,3,1,1,28,10,4,0,0,1,1,0,0,18,0,0,6,6,6,12.166666666666666,0,0,6,6,6,12.333333333333334,0,10.8,1.4,1.74,Graduate,12,1.0,1.0,0.16666666666666785,0
STD_3509,1,1,1,9,1,1,1,13,14,10,8,1,0,0,1,1,1,18,0,0,5,7,4,11.25,0,0,5,6,4,12.25,0,12.4,0.5,1.79,Enrolled,8,0.8,0.8,1.0,0
STD_1129,1,1,1,9,1,1,1,22,27,10,7,0,0,0,1,0,1,18,0,0,5,5,5,14.0,0,0,5,6,5,13.6,0,12.4,0.5,1.79,Graduate,10,1.0,1.0,-0.40000000000000036,0
STD_4230,2,12,1,6,1,1,1,21,26,13,6,0,0,0,0,0,1,28,0,0,5,14,1,12.0,3,0,5,5,0,0.0,5,9.4,-0.8,-3.12,Dropout,1,0.2,0.0,-12.0,1
STD_3395,1,1,2,9,1,1,1,23,14,4,8,1,0,0,1,0,0,19,0,0,5,8,4,12.8,0,0,5,10,3,14.5,0,10.8,1.4,1.74,Enrolled,7,0.8,0.6,1.6999999999999993,0
STD_1924,1,8,3,9,1,1,1,22,28,6,2,0,0,0,1,0,0,18,0,0,5,5,5,13.2,0,0,5,6,4,12.5,0,9.4,-0.8,-3.12,Graduate,9,1.0,0.8,-0.6999999999999993,0
STD_1019,1,8,4,14,1,1,1,13,27,10,13,1,1,1,0,0,1,18,0,0,6,6,1,11.0,0,0,6,0,0,0.0,0,12.7,3.7,-1.7,Dropout,1,0.16666666666666666,0.0,-11.0,1
STD_3282,2,4,1,3,0,3,1,20,25,12,12,0,0,0,0,0,0,59,0,10,15,22,12,13.333333333333334,0,8,8,8,8,12.875,0,10.8,1.4,1.74,Dropout,20,0.8,1.0,-0.4583333333333339,1
STD_1993,1,12,1,3,0,1,16,1,1,5,8,0,0,1,1,0,0,25,1,2,6,6,6,11.333333333333334,0,0,6,6,4,11.75,0,8.9,1.4,3.51,Enrolled,10,1.0,0.6666666666666666,0.4166666666666661,0
STD_3566,2,12,1,17,0,1,1,1,3,2,3,0,0,0,0,1,1,26,0,0,5,12,3,10.666666666666666,0,0,5,11,3,10.666666666666666,0,9.4,-0.8,-3.12,Dropout,6,0.6,0.6,0.0,1
STD_3703,1,1,1,9,1,1,1,1,1,5,3,1,0,0,1,1,0,20,0,0,5,0,0,0.0,0,0,5,0,0,0.0,0,8.9,1.4,3.51,Dropout,0,0.0,0.0,0.0,1
STD_0643,1,1,1,9,1,1,1,22,28,5,10,1,0,0,1,0,0,18,0,0,5,8,2,10.5,0,0,5,7,3,12.333333333333334,0,7.6,2.6,0.32,Enrolled,5,0.4,0.6,1.833333333333334,0
